#{"t_start": 1778042111.1141067, "env_id": "YaskawaGP7ReachPyBullet-Default-v0"}
r,l,t
-20.109195,56,1.354421
-41.013832,84,2.040099
-4.519425,20,2.260509
-4.927045,10,2.369385
-9.84182,27,2.67117
-10.814213,30,3.004249
-9.386531,32,3.363488
-10.38375,26,3.660693
-14.708583,45,4.163303
-15.487739,48,4.703966
-16.179586,47,5.24375
-10.054471,45,5.741055
-12.853788,46,6.259952
-11.996243,46,6.776645
-15.308383,49,7.36581
-11.877048,49,7.907669
-8.221846,45,8.41071
-14.762977,45,8.920529
-20.089192,47,9.459126
-15.442033,52,10.058546
-5.608082,21,10.306036
-5.054273,21,10.544922
-14.778634,52,11.151142
-10.644405,47,11.682725
-6.441951,21,11.917972
-15.02611,50,12.501559
-5.983328,23,12.761868
-13.903367,45,13.276041
-18.012393,46,13.802981
-12.060324,46,14.33282
-4.555463,22,14.593643
-12.392587,48,15.144103
-9.142522,19,15.364622
-12.521532,52,16.002486
-11.413095,49,16.559303
-15.002004,63,17.274524
-21.084526,69,18.060631
-9.991239,52,18.660354
-21.072578,67,19.427874
-16.071765,64,20.182641
-12.56434,53,20.799209
-22.211794,68,21.58726
-15.448177,68,22.361787
-6.196371,22,22.610931
-14.539504,60,23.309275
-20.704592,68,24.111067
-19.62383,69,24.937603
-15.270185,70,25.747976
-7.751108,48,26.30291
-15.978397,67,27.08021
-6.372927,24,27.363657
-9.330385,52,27.972335
-17.355518,69,28.781757
-10.668763,54,29.400724
-13.591959,66,30.167706
-14.837076,70,30.998811
-18.118922,69,31.833402
-22.164591,81,32.78816
-16.259238,48,33.357628
-3.929011,25,33.645858
-15.919246,47,34.214285
-16.133301,54,34.834398
-8.996664,47,35.391906
-4.254971,26,35.690197
-4.933248,11,35.81988
-4.94511,12,35.957511
-8.686391,48,36.525824
-17.346798,50,37.108823
-9.885328,47,37.664366
-7.847338,47,38.204834
-11.419372,48,38.785668
-5.469875,10,38.906345
-5.519123,11,39.034882
-5.411821,11,39.164309
-5.176166,11,39.292621
-8.68551,48,39.859536
-10.574173,48,40.459229
-9.816833,48,41.03388
-36.489178,164,42.959014
-9.068836,39,43.409338
-9.007176,35,43.830652
-17.879837,60,44.530502
-19.134865,77,45.434193
-6.241595,12,45.573791
-23.621761,139,47.192273
-10.922645,48,47.753033
-10.294891,42,48.250841
-15.504345,50,48.837445
-24.585966,120,50.288639
-5.909547,13,50.436274
-17.164542,71,51.270575
-18.536939,97,52.397413
-20.136779,101,53.592083
-9.779949,39,54.051558
-18.719933,103,55.270056
-16.390235,67,56.042989
-24.293836,105,57.326859
-22.163075,108,58.624736
-6.721208,29,58.975796
-13.932738,71,59.836464
-18.597153,71,60.711856
-14.058566,83,61.698845
-13.820828,80,62.664158
-4.455373,27,62.982005
-5.044766,28,63.342771
-16.269881,84,64.360504
-14.557815,75,65.216827
-6.788025,15,65.38435
-15.583125,70,66.1901
-9.042799,43,66.683813
-8.254407,39,67.164838
-5.873442,33,67.550807
-3.506649,11,67.683451
-17.257304,84,68.67407
-18.168609,86,69.718701
-75.925858,300,73.247625
-2.791699,9,73.350859
-14.927111,75,74.235398
-15.148822,78,75.194911
-56.988701,300,78.77076
-12.454898,46,79.335276
-14.81858,72,80.186649
-14.11782,70,81.023631
-14.170322,70,81.874357
-13.626781,73,82.752305
-6.228387,13,82.904896
-12.858838,71,83.73385
-30.274379,300,87.270325
-22.082153,154,89.073041
-2.81833,11,89.202695
-22.247489,85,90.220831
-27.501476,81,91.199575
-3.334483,9,91.302652
-5.13943,22,91.56366
-30.93637,300,95.132471
-2.976195,22,95.38619
-13.581476,62,96.118971
-25.129219,300,99.691453
-31.739506,300,103.229683
-10.876085,80,104.176341
-14.226277,65,104.992447
-10.220953,24,105.273659
-5.086428,44,105.818836
-35.495462,300,109.547594
-12.679541,55,110.210056
-24.424353,115,111.612986
-15.486031,45,112.185691
-15.545644,65,113.006496
-7.765685,48,113.596505
-8.760733,48,114.170865
-15.12193,49,114.796164
-13.351209,57,115.486304
-26.154961,261,118.749667
-31.909952,300,122.491978
-4.559771,33,122.891391
-8.386349,65,123.678402
-27.703947,300,127.411574
-17.14482,51,128.023898
-7.194948,40,128.513916
-16.20333,180,130.808106
-10.364469,52,131.460177
-8.037664,16,131.658133
-27.278885,43,132.181793
-6.471956,38,132.655614
-12.986535,40,133.162316
-56.512076,300,136.929527
-4.239182,9,137.04023
-12.514905,87,138.096873
-40.640896,197,140.506814
-39.6225,101,141.739267
-14.645185,45,142.29107
-10.222619,74,143.221519
-62.234675,300,146.857249
-89.102405,300,150.513959
-17.294007,55,151.211438
-34.316708,177,153.372268
-12.640462,55,154.040837
-12.589606,50,154.645372
-12.98981,53,155.285356
-13.041276,49,155.892933
-13.831327,46,156.46758
-2.692611,21,156.723894
-17.267186,59,157.441058
-9.451908,40,157.925305
-17.207884,104,159.186167
-7.190517,45,159.748894
-12.088745,58,160.501365
-13.399599,51,161.145011
-6.375428,40,161.661221
-47.489149,297,165.342833
-3.870573,8,165.446832
-13.122032,37,165.91062
-32.091736,300,169.598693
-19.276421,113,170.977714
-4.835246,10,171.099594
-5.948146,31,171.479577
-7.405306,26,171.800788
-45.243224,300,175.513601
-30.453469,300,179.159827
-31.419056,145,180.987787
-7.459361,55,181.680212
-42.081498,300,185.294216
-9.469273,26,185.607282
-16.508331,106,186.893223
-4.887242,28,187.257831
-4.324886,26,187.579425
-5.242537,19,187.823743
-13.988264,35,188.250129
-9.548828,38,188.711607
-6.363981,22,188.987045
-12.217163,116,190.467705
-4.996698,27,190.796854
-12.419094,75,191.703362
-4.603551,27,192.012375
-12.678721,83,193.023688
-31.854398,300,196.823519
-7.275724,18,197.040399
-25.382415,119,198.510803
-5.195388,36,198.95784
-6.658419,34,199.37651
-10.900286,40,199.889559
-25.140637,300,203.484186
-35.347647,282,206.886667
-29.995758,300,210.395496
-11.301538,54,211.042214
-15.561803,89,212.147718
-11.052679,64,212.9278
-4.306266,30,213.286013
-20.082033,160,215.164893
-24.345265,172,217.229923
-9.414314,70,218.089956
-18.955618,193,220.95044
-30.404459,300,224.982785
-30.258727,212,227.729734
-12.568773,69,228.62654
-17.916328,118,230.148632
-8.379079,48,230.732055
-13.89926,82,231.738604
-11.171888,51,232.38588
-9.883312,56,233.030157
-10.769573,50,233.612318
-12.399283,97,234.815935
-20.306338,300,238.430359
-9.324507,71,239.294122
-13.365092,50,239.889112
-28.919333,300,243.544887
-5.179444,30,243.892955
-12.326087,45,244.460196
-9.610254,57,245.143507
-9.265201,44,245.667247
-19.290462,300,249.28207
-21.443592,254,252.397982
-12.719921,53,253.044682
-26.173935,300,256.637844
-7.631883,43,257.1376
-9.253687,65,257.897572
-7.812935,45,258.430733
-6.714845,35,258.83809
-5.229318,31,259.206581
-7.374702,35,259.615772
-3.293415,27,259.938277
-12.503759,50,260.515894
-29.386272,300,264.09514
-15.980321,69,264.925918
-4.092564,29,265.277827
-25.627476,300,268.797476
-5.550222,29,269.134469
-16.609798,293,272.596162
-11.825509,51,273.181774
-16.952819,67,273.978076
-18.525739,300,277.542365
-45.370695,300,281.08855
-20.160182,300,284.677397
-4.981057,11,284.805057
-12.810733,85,285.764241
-2.944604,26,286.057164
-4.504269,29,286.393243
-14.921452,63,287.166992
-23.228949,126,288.654574
-4.30689,28,288.981692
-11.642067,45,289.526083
-5.636586,32,289.906886
-13.768553,58,290.597859
-31.085659,300,294.192075
-12.534557,48,294.754501
-11.625595,105,296.015526
-17.529589,74,296.888039
-6.374734,35,297.292935
-9.328161,59,297.996494
-3.323521,25,298.292351
-9.413941,63,299.055091
-3.805799,27,299.382075
-5.043068,30,299.738122
-6.287325,34,300.139394
-4.103249,32,300.526643
-8.644255,38,300.985935
-8.233486,39,301.473159
-15.018522,56,302.133833
-14.090652,77,303.07082
-8.259683,42,303.582236
-18.775608,261,306.699713
-10.188555,44,307.209538
-18.477457,273,310.409764
-2.714215,23,310.714153
-4.742197,35,311.121255
-42.376774,300,314.649358
-15.937539,58,315.325953
-3.75946,27,315.649113
-11.837899,50,316.248486
-5.355207,32,316.60955
-13.531551,54,317.252414
-6.428242,35,317.669594
-8.868441,79,318.579153
-12.917074,77,319.522057
-9.868946,41,320.016881
-9.632264,43,320.52357
-39.001411,300,324.049506
-16.130174,130,325.616492
-10.218921,51,326.22516
-16.895733,278,329.627799
-4.661308,29,329.982849
-16.638704,86,331.021824
-4.740438,31,331.399842
-5.8362,15,331.583322
-6.924641,38,332.037747
-8.262659,79,332.96265
-14.142604,50,333.548464
-23.267894,300,337.082538
-5.154906,33,337.459529
-10.208149,78,338.402902
-3.053858,24,338.708086
-22.991912,112,340.014158
-14.192575,25,340.307404
-26.057115,300,343.93277
-6.203478,45,344.482614
-17.889279,76,345.401791
-14.088551,49,345.993533
-10.217098,83,346.976168
-8.360193,46,347.524041
-8.761266,38,347.96169
-13.371507,51,348.580167
-26.380665,300,352.147498
-5.406901,14,352.308065
-13.181648,141,353.939293
-9.297529,43,354.43845
-2.168207,20,354.667541
-4.371009,17,354.86803
-11.172743,32,355.244939
-8.456585,37,355.677038
-4.340393,29,356.019571
-12.850992,52,356.631359
-9.325889,61,357.35462
-8.941761,32,357.735501
-8.041713,35,358.143498
-17.587784,125,359.665005
-7.000334,33,360.069899
-9.967479,43,360.570919
-12.373758,55,361.207676
-34.734954,300,364.812834
-14.069182,55,365.45624
-11.672092,89,366.499541
-10.938888,42,366.990493
-32.258389,300,370.51651
-2.748349,22,370.776814
-12.202991,51,371.437256
-14.046444,53,372.0811
-9.387476,45,372.618696
-2.069662,19,372.848208
-10.143968,36,373.286094
-10.582568,41,373.801073
-8.826264,68,374.648209
-4.419168,27,374.986344
-20.860742,300,378.614291
-42.439966,300,382.303329
-3.343985,24,382.592106
-21.470926,300,386.269696
-48.171183,238,389.286254
-5.553512,31,389.675349
-11.377238,57,390.402887
-15.71991,88,391.504941
-11.481773,48,392.147429
-6.530985,36,392.632364
-8.116331,28,393.006415
-10.540557,41,393.505857
-5.798616,35,393.941464
-10.942119,54,394.609371
-10.763432,79,395.560428
-3.964224,15,395.752912
-13.535037,55,396.430559
-11.649143,52,397.05779
-94.568619,300,400.78608
-40.595841,300,404.449325
-12.877086,52,405.086953
-8.487997,37,405.530648
-3.75641,26,405.853086
-30.663189,300,409.625417
-3.462662,24,409.916639
-26.336165,300,413.669633
-19.411514,256,416.825558
-4.266654,28,417.17467
-16.571105,178,419.413972
-23.321744,112,420.818365
-4.295235,28,421.152557
-14.335248,61,421.902602
-13.407991,54,422.644843
-8.835725,52,423.270703
-46.510893,300,426.909221
-9.658344,46,427.468028
-7.933116,41,427.940764
-4.474171,28,428.267918
-9.89391,51,428.902497
-27.897838,300,432.559177
-29.16877,300,436.192067
-7.41016,58,436.904794
-14.627339,111,438.225364
-3.924987,9,438.335071
-12.139897,51,438.920498
-3.513408,26,439.21108
-9.483523,40,439.685773
-4.287226,31,440.058673
-12.297027,39,440.538002
-15.028876,58,441.217985
-25.301588,203,443.770194
-4.746834,11,443.908823
-9.332321,45,444.438407
-8.030515,36,444.845239
-18.178988,54,445.452874
-7.20081,33,445.824159
-2.255945,20,446.079112
-8.345521,39,446.545774
-6.934504,57,447.234178
-9.973971,69,448.060053
-26.860629,300,451.641908
-4.27822,28,451.977858
-10.160304,42,452.530886
-11.575476,55,453.211789
-11.120332,136,454.926075
-26.442957,300,458.701142
-12.16551,60,459.426675
-4.87649,57,460.108975
-14.861919,64,460.901937
-9.941623,51,461.521624
-9.419992,41,462.049162
-5.643691,32,462.467813
-23.927586,300,466.240532
-7.918882,37,466.752267
-4.580744,10,466.878929
-7.198844,36,467.328329
-18.422758,265,470.639619
-8.238881,40,471.123832
-4.231039,28,471.472857
-8.464645,51,472.114061
-20.547096,133,473.759986
-16.384525,100,474.990938
-29.917477,300,478.727104
-21.309816,300,482.482581
-16.524384,300,486.201777
-13.522715,65,487.016566
-11.297556,63,487.813293
-14.438591,61,488.525721
-9.190263,48,489.091318
-2.828957,23,489.357577
-5.345696,29,489.697605
-5.640713,31,490.075267
-9.978126,58,490.800645
-8.429175,43,491.323641
-22.423661,300,495.075802
-10.436805,44,495.616153
-11.201832,60,496.345063
-18.887155,300,500.122096
-11.58748,68,500.964565
-15.049285,67,501.800061
-4.895058,30,502.168604
-13.252871,65,502.967552
-7.947553,36,503.414628
-23.889603,300,507.149702
-5.829292,31,507.518744
-5.311096,31,507.916584
-16.434226,43,508.456203
-14.251523,51,509.075956
-23.9982,300,512.827372
-23.258584,149,514.658614
-6.007661,33,515.048571
-6.342671,32,515.415349
-10.51077,48,516.012433
-7.91078,53,516.674468
-15.659265,101,517.987335
-2.014482,18,518.212386
-3.592344,25,518.519899
-11.894976,73,519.41685
-4.069592,28,519.758858
-25.211405,300,523.445484
-13.84233,59,524.187172
-9.483538,72,525.150114
-28.561592,300,528.821205
-12.466213,51,529.452848
-9.881392,139,531.161772
-4.118432,27,531.485907
-11.263921,66,532.296708
-32.044573,300,535.967498
-17.908895,300,539.652291
-10.032099,43,540.172335
-5.851968,49,540.769246
-3.125466,24,541.076421
-8.673364,42,541.605229
-4.156461,28,541.96066
-21.906875,300,545.626793
-7.474674,34,546.026694
-14.361869,54,546.67447
-11.467793,62,547.399362
-16.674103,56,548.091734
-10.396175,33,548.477969
-2.421224,21,548.726212
-10.633946,60,549.473535
-2.979056,23,549.752189
-7.052394,42,550.274793
-13.96091,79,551.232919
-10.920358,48,551.814646
-5.764109,34,552.221558
-11.995029,99,553.391926
-11.496012,45,553.9506
-10.820446,45,554.583908
-15.610548,122,556.026038
-19.069126,300,559.604272
-14.401474,85,560.626784
-6.992929,37,561.064876
-12.027735,52,561.725201
-6.416624,32,562.106181
-7.117056,36,562.525941
-12.284532,50,563.133282
-2.944529,21,563.399541
-10.983157,54,564.065717
-2.47604,20,564.315124
-8.093421,44,564.856674
-4.797677,30,565.216711
-8.73417,46,565.749582
-12.34343,51,566.344503
-10.362914,50,566.920054
-10.491818,42,567.434461
-6.097404,32,567.840889
-4.957371,20,568.13236
-11.570273,55,568.810678
-12.199589,52,569.422043
-10.049856,140,571.084486
-7.103087,35,571.530833
-24.993243,244,574.52161
-4.629325,23,574.814316
-9.871113,50,575.457248
-9.267482,99,576.653501
-3.38223,24,576.929809
-6.549555,46,577.48068
-5.909678,34,577.904546
-7.979217,46,578.491598
-5.077246,29,578.85566
-14.395375,53,579.496979
-5.790492,32,579.880082
-9.447705,51,580.492261
-11.208569,111,581.9539
-8.264545,45,582.52734
-6.282954,31,582.96955
-15.509984,56,583.72291
-28.660571,300,587.782788
-15.189984,300,591.56484
-4.228617,25,591.861048
-6.347949,31,592.231603
-9.442814,39,592.686043
-4.490759,26,593.004221
-10.534509,60,593.754902
-4.915151,32,594.158822
-5.169351,15,594.341336
-8.747729,41,594.832096
-12.932908,55,595.474575
-4.026233,25,595.764788
-13.921667,68,596.603575
-3.352638,25,596.918702
-4.736993,28,597.257796
-17.894315,80,598.191835
-5.82505,31,598.560347
-4.247985,28,598.94218
-8.471066,53,599.620325
-7.695241,38,600.104731
-7.690515,39,600.572327
-10.883194,48,601.129766
-4.832128,10,601.246454
-11.42734,47,601.788678
-17.122735,58,602.485164
-3.555248,26,602.804152
-5.17652,32,603.199096
-17.057222,99,604.462157
-16.658074,83,605.484391
-17.85804,99,606.705746
-5.649914,34,607.123833
-14.637699,85,608.202114
-11.205029,70,609.042469
-3.997447,26,609.347677
-4.640191,31,609.716666
-20.822955,159,611.652774
-3.12514,22,611.91604
-7.389266,52,612.524678
-11.308467,45,613.03858
-4.721471,28,613.370695
-7.056233,37,613.868335
-7.840435,38,614.336927
-5.691211,64,615.171695
-6.057314,38,615.64041
-10.320448,44,616.169993
-7.762834,38,616.612809
-4.73847,30,616.957915
-7.206397,44,617.471542
-18.52757,300,621.010489
-11.102531,46,621.578175
-2.922112,9,621.687858
-4.799069,33,622.086113
-8.976817,45,622.617186
-2.803171,23,622.928183
-11.412687,49,623.503499
-10.83928,42,624.008384
-5.019715,32,624.405323
-6.915453,15,624.592822
-9.0818,49,625.194595
-4.939945,39,625.686077
-7.633126,50,626.269702
-11.039827,220,628.898915
-5.337889,36,629.321392
-15.994413,55,629.955878
-8.164931,48,630.515848
-6.047265,13,630.669466
-5.858914,13,630.865754
-5.150522,30,631.244534
-14.714355,70,632.075191
-14.832197,118,633.455921
-3.831153,61,634.202284
-10.362535,45,634.743765
-2.746954,12,634.889377
-3.893811,25,635.196555
-5.595129,13,635.34815
-2.919703,14,635.505728
-7.32853,38,635.947062
-12.201898,45,636.475573
-2.62358,10,636.591264
-35.338405,269,639.836408
-18.16787,300,643.420791
-10.117654,53,644.074435
-11.64388,72,644.948854
-4.550225,28,645.334822
-3.322642,23,645.60787
-17.112289,300,649.158788
-8.32458,41,649.64474
-6.89948,37,650.07246
-13.9281,50,650.66911
-9.724667,56,651.328279
-9.69825,50,651.933498
-3.952413,11,652.074123
-5.502784,13,652.234188
-2.352984,21,652.553038
-5.913076,33,652.950973
-9.334153,51,653.566388
-5.940968,40,654.053775
-3.764617,24,654.331009
-10.603435,58,655.034709
-10.911156,55,655.734806
-22.701033,300,659.485454
-4.864594,31,659.868347
-14.433889,103,661.158704
-6.673265,16,661.352216
-6.841704,47,661.924998
-4.998386,31,662.308152
-15.537257,81,663.307507
-37.697842,263,666.673194
-22.671721,161,668.704737
-3.578562,9,668.822422
-10.905061,58,669.546486
-16.58706,91,670.671853
-3.365809,16,670.87545
-5.275981,51,671.525594
-4.895424,30,671.898597
-12.213987,62,672.671995
-12.453169,80,673.689584
-30.772146,300,677.391613
-4.045725,8,677.488325
-4.014999,9,677.602021
-5.290861,10,677.724693
-38.336495,300,681.627056
-6.641859,34,682.436449
-8.936777,70,683.324567
-10.882793,44,683.887339
-7.296255,35,684.339132
-5.956045,32,684.74704
-4.092158,27,685.097133
-4.181995,26,685.493044
-7.781564,36,685.952815
-11.786221,43,686.502345
-5.476028,36,686.951498
-3.519244,25,687.268652
-8.946586,38,687.752936
-28.648267,300,691.780135
-15.582911,95,693.085769
-18.159885,83,694.142227
-7.927962,41,694.656043
-33.411265,300,698.351813
-23.345558,300,702.027385
-22.080546,175,704.235411
-9.599353,40,704.740511
-3.906232,26,705.053947
-8.655719,45,705.605428
-9.633301,178,707.995533
-11.380371,61,708.813054
-11.819404,79,709.868671
-13.207694,63,710.615025
-6.145409,34,711.138625
-9.093269,38,711.618341
-15.431146,52,712.264612
-8.85729,49,712.847054
-3.670649,26,713.147252
-4.133534,25,713.440469
-4.253897,28,713.765598
-15.297534,67,714.609342
-10.041497,48,715.173832
-13.51857,66,715.980073
-6.63782,33,716.382994
-9.604104,48,717.035249
-14.770197,56,717.706472
-11.948395,43,718.255006
-4.9712,29,718.593217
-6.338482,35,718.99913
-11.493148,99,720.183452
-6.6675,34,720.591388
-4.61885,27,720.910505
-5.243935,30,721.252591
-8.992943,42,721.757242
-5.023047,29,722.128248
-10.636571,40,722.620931
-9.400185,42,723.114611
-9.845666,42,723.609288
-7.602532,41,724.100973
-8.818838,41,724.604626
-9.437382,43,725.117255
-11.632762,61,725.861265
-12.291013,61,726.5963
-4.450908,26,726.919436
-3.178048,24,727.206667
-11.681079,56,727.90807
-13.801993,92,728.997741
-27.238267,300,732.703765
-15.345887,216,735.284931
-6.676835,35,735.704201
-4.754331,28,736.030328
-12.972053,47,736.650669
-18.399858,81,737.609539
-17.740475,58,738.329066
-17.938508,114,739.668483
-8.403239,41,740.150194
-3.893367,26,740.470338
-6.623869,36,740.879244
-5.736708,32,741.255814
-7.722536,51,741.880143
-4.750383,28,742.213254
-5.812231,11,742.362853
-6.011194,30,742.72289
-12.061647,77,743.69529
-9.855541,42,744.210912
-28.931519,300,747.673407
-16.542545,82,748.620439
-7.928916,38,749.056901
-4.151522,27,749.368444
-18.081094,300,753.08409
-14.295507,137,754.685781
-12.49732,45,755.204566
-12.129951,45,755.734314
-6.215008,34,756.139774
-6.580494,39,756.606563
-7.008877,35,757.011686
-5.404869,32,757.392356
-14.526316,54,758.014837
-3.37063,28,758.340786
-11.206795,48,758.951549
-17.357265,154,760.779259
-8.160197,43,761.279299
-2.798397,23,761.544867
-6.023981,31,761.902279
-4.287484,30,762.253264
-18.512863,300,765.749287
-14.780036,53,766.367248
-22.661874,300,769.940043
-4.204186,28,770.255229
-11.130705,43,770.766146
-5.612692,33,771.159799
-14.11051,55,771.786147
-2.295662,19,771.997614
-3.372017,25,772.287466
-11.280832,51,772.901303
-19.733261,138,774.506835
-2.52281,22,774.762123
-12.020714,47,775.313435
-9.394625,37,775.755021
-8.6575,41,776.27767
-6.884021,50,776.861081
-5.663308,32,777.234084
-6.187373,30,777.58235
-13.382408,47,778.124679
-8.550691,61,778.837774
-8.668248,48,779.393287
-11.870438,49,779.960768
-3.928744,25,780.249
-7.841576,54,780.877413
-8.830958,63,781.617436
-4.967103,38,782.055062
-16.229155,61,782.763715
-11.561045,49,783.336185
-8.729451,39,783.784745
-10.975852,62,784.545867
-6.533841,50,785.127407
-11.910736,45,785.64419
-3.813053,27,785.955333
-17.132222,58,786.636998
-3.85998,14,786.79754
-15.806498,57,787.470667
-11.287593,53,788.08071
-10.549205,44,788.588606
-12.036296,43,789.087874
-9.420175,64,789.844195
-11.016227,42,790.322385
-11.203002,49,790.890674
-11.127327,76,791.764585
-9.02909,37,792.198454
-5.112407,29,792.527545
-18.768862,112,793.830694
-2.815483,22,794.086011
-4.987364,34,794.479582
-2.432953,21,794.715537
-6.354328,36,795.188837
-4.451573,28,795.51745
-5.05801,28,795.846435
-11.729579,47,796.387382
-11.253925,50,796.960365
-7.110909,73,797.795637
-3.476743,25,798.078079
-20.583687,215,800.569396
-7.687157,59,801.248697
-16.511579,211,803.714742
-8.748218,47,804.261618
-8.276115,88,805.286919
-25.523013,211,807.721394
-9.566117,45,808.247705
-7.37677,39,808.705853
-12.221054,83,809.655318
-11.683349,49,810.22846
-6.96331,74,811.075642
-7.729774,16,811.312983
-19.924136,300,814.786221
-16.494866,55,815.431006
-5.145809,32,815.802013
-11.314272,49,816.377902
-4.793979,11,816.508553
-4.161998,27,816.815775
-9.285554,41,817.297458
-10.001472,46,817.827766
-4.056112,25,818.119953
-12.148918,92,819.181068
-11.554251,53,819.805459
-24.231075,300,823.330824
-8.942293,49,823.887654
-10.174785,41,824.355403
-3.92814,26,824.658592
-13.831872,51,825.238407
-9.908027,41,825.720899
-9.236164,41,826.190335
-6.346271,27,826.502268
-3.374982,24,826.787734
-3.63141,25,827.078642
-10.321729,51,827.670952
-4.981499,51,828.252423
-4.289971,26,828.560237
-15.322515,63,829.280402
-6.683386,36,829.683543
-5.140181,31,830.044394
-6.52086,35,830.452275
-11.776492,88,831.529307
-11.808586,56,832.176046
-12.111914,56,832.8358
-8.117677,43,833.351
-7.018481,41,833.818266
-15.003085,155,835.60938
-2.164272,20,835.84319
-11.934157,62,836.581746
-15.721891,77,837.466369
-11.146746,49,838.037316
-6.148864,31,838.388349
-9.062749,41,838.867421
-7.947508,21,839.109572
-7.365928,34,839.504516
-3.205139,22,839.758014
-7.312881,86,840.797546
-3.093687,22,841.050843
-2.682477,22,841.310807
-8.794187,52,841.903445
-3.561437,23,842.177694
-5.149138,28,842.49452
-9.481413,40,842.95991
-5.397696,28,843.277521
-8.237024,47,843.824296
-10.466246,102,845.020484
-22.6708,300,848.546946
-15.653147,79,849.480895
-15.905008,83,850.431056
-10.559618,166,852.34338
-7.749965,40,852.811129
-7.250839,33,853.189441
-19.006383,115,854.518384
-27.357273,300,858.030672
-4.316835,13,858.182266
-4.759296,27,858.504376
-5.455847,33,858.888466
-7.097183,36,859.299997
-6.591859,54,859.920434
-9.00415,41,860.396326
-6.411866,32,860.768303
-12.08754,96,861.866102
-25.618662,300,865.405455
-13.585067,83,866.370428
-11.167014,54,867.009418
-8.735366,40,867.474824
-37.782913,300,870.943014
-32.148359,300,874.459594
-9.788991,42,874.948504
-6.816083,67,875.724962
-4.206503,39,876.175582
-4.477499,30,876.522279
-8.635518,39,876.979816
-10.542336,48,877.540783
-27.697425,300,881.016385
-16.02005,61,881.718608
-12.953656,101,882.929736
-2.261562,21,883.176549
-3.224962,25,883.470531
-18.402947,181,885.552687
-12.171581,46,886.087858
-7.752967,67,886.869674
-4.435936,27,887.182388
-11.310281,52,887.791592
-17.667551,64,888.535471
-18.898762,300,892.05924
-5.224077,29,892.388454
-5.921733,36,892.815239
-9.376636,43,893.309685
-5.791481,34,893.703737
-15.80978,62,894.422843
-10.196087,76,895.310567
-19.145912,300,898.791573
-4.847492,29,899.125015
-5.957146,31,899.493626
-7.126556,56,900.137609
-8.076217,36,900.552001
-7.019645,36,901.018032
-7.73585,37,901.453673
-4.537283,27,901.768758
-2.683985,23,902.041058
-4.823872,29,902.377753
-10.414135,46,902.907798
-8.494504,61,903.619817
-4.213544,27,903.935683
-16.475144,171,905.90919
-12.640993,71,906.728961
-16.304958,89,907.742421
-16.819769,60,908.438897
-10.379423,72,909.28191
-8.071096,44,909.790534
-31.035966,300,913.320474
-8.471532,39,913.77874
-10.443701,66,914.561776
-12.844144,79,915.490364
-6.740976,54,916.130653
-10.515146,47,916.685169
-7.924754,67,917.485252
-2.799958,22,917.736084
-7.783927,39,918.25282
-10.067338,42,918.731568
-2.869672,26,919.031086
-25.457596,300,922.576725
-6.48828,49,923.146067
-5.878094,33,923.534162
-12.438517,121,924.990428
-9.258645,42,925.490067
-7.817634,37,925.926421
-11.469102,53,926.555746
-7.235875,37,926.980611
-8.378697,63,927.732873
-12.294361,54,928.374526
-8.24503,39,928.84109
-12.140399,49,929.451458
-15.506805,65,930.279168
-3.31024,15,930.465671
-7.186357,37,930.914469
-14.07448,62,931.705102
-8.982896,41,932.248648
-25.59025,300,935.854344
-8.341179,39,936.299822
-13.990454,49,936.866949
-9.746962,45,937.390909
-6.193688,32,937.752328
-4.872865,30,938.095102
-4.133701,48,938.633262
-9.902904,43,939.114035
-9.486321,41,939.582674
-14.233566,93,940.679978
-9.747223,49,941.269561
-5.578469,32,941.633775
-5.92467,40,942.103489
-9.644715,42,942.58688
-12.843543,55,943.242203
-12.015659,51,943.839191
-7.906935,36,944.250815
-11.762048,44,944.773382
-4.540772,35,945.176537
-1.661858,18,945.385977
-15.090512,92,946.511743
-14.081179,56,947.162174
-2.744073,23,947.431812
-4.03878,27,947.743008
-8.285406,37,948.16281
-14.567268,65,948.943851
-9.914514,61,949.668678
-10.972052,45,950.211731
-23.926767,300,953.762188
-8.899935,84,954.785203
-9.313193,70,955.601982
-3.375487,27,955.918003
-2.572142,22,956.185289
-13.430096,57,956.864472
-6.09293,35,957.301089
-10.627052,63,958.034645
-11.211001,55,958.692486
-3.0021,25,958.998922
-9.185545,38,959.445828
-20.176176,106,960.694128
-9.986088,60,961.416692
-8.690095,39,961.869151
-18.038242,118,963.329472
-10.313636,66,964.125084
-15.641402,140,965.773535
-11.055621,48,966.339266
-7.959764,37,966.765151
-6.892026,64,967.512149
-10.224871,110,968.785136
-5.979174,31,969.150518
-13.586555,50,969.74393
-14.600942,83,970.724699
-2.681885,21,970.961762
-18.151642,300,974.508718
-17.580938,95,975.629277
-9.950681,57,976.299581
-6.038902,40,976.774568
-14.577797,80,977.711976
-5.834403,30,978.056084
-3.227949,11,978.184067
-5.112222,11,978.31771
-5.198993,34,978.715028
-8.407698,42,979.265965
-7.000571,37,979.717102
-15.725918,54,980.358634
-6.168981,31,980.732495
-3.202928,25,981.071586
-14.097992,65,981.897257
-4.04747,27,982.224657
-8.240688,43,982.752398
-14.114527,76,983.685497
-3.322229,15,983.872968
-28.639826,300,987.598661
-18.842623,300,991.36261
-8.451281,36,991.818522
-10.595359,43,992.350019
-20.7988,300,996.183253
-11.478935,43,996.705084
-5.321159,29,997.050132
-3.612832,24,997.33007
-7.183851,49,997.940407
-2.277063,23,998.216579
-4.769567,29,998.564027
-14.473549,51,999.183311
-7.275259,33,999.590196
-20.936369,226,1002.345978
-5.692705,36,1002.785024
-4.504577,27,1003.111504
-10.742386,42,1003.63303
-10.942063,52,1004.266129
-13.941461,70,1005.11488
-5.733445,14,1005.318236
-4.081998,26,1005.649353
-23.724607,146,1007.40946
-13.135894,53,1008.054919
-6.151248,32,1008.44482
-4.536458,29,1008.794099
-4.958856,30,1009.163231
-4.272412,31,1009.546504
-6.050117,35,1009.970371
-12.270572,59,1010.695109
-5.156773,29,1011.054881
-6.223751,32,1011.439518
-7.396052,39,1011.928216
-10.844133,48,1012.505707
-21.900145,300,1016.243561
-4.882702,31,1016.611091
-6.199689,33,1017.007003
-3.909644,25,1017.328596
-4.999182,28,1017.667292
-11.216147,44,1018.211295
-6.099603,31,1018.5824
-6.292666,31,1018.958804
-3.80993,28,1019.29242
-10.439513,43,1019.811447
-9.848562,48,1020.41677
-20.88439,118,1021.837953
-6.165389,33,1022.251809
-12.76872,50,1022.860136
-5.320644,29,1023.217064
-9.333696,56,1023.90517
-6.449403,35,1024.341284
-12.049766,46,1024.935993
-5.691655,30,1025.305437
-13.584907,88,1026.380936
-17.669045,80,1027.36789
-13.566353,49,1027.973034
-17.811523,149,1029.810411
-5.570156,33,1030.20776
-14.519779,52,1030.842835
-4.959682,30,1031.212597
-7.250144,36,1031.639914
-10.446229,42,1032.150231
-10.842032,111,1033.500588
-6.892975,37,1033.95764
-6.69859,35,1034.390487
-7.210192,40,1034.916738
-13.826526,89,1035.995428
-6.699749,36,1036.44263
-4.571038,27,1036.760249
-13.193786,58,1037.462342
-6.404061,33,1037.863969
-11.601299,45,1038.428881
-10.438212,42,1038.930537
-3.770102,28,1039.267808
-14.537551,58,1039.980529
-11.114009,93,1041.131395
-9.848017,43,1041.655503
-10.776821,43,1042.179325
-5.102671,32,1042.573301
-11.620197,59,1043.293897
-12.325108,46,1043.854123
-5.111971,28,1044.190221
-8.36018,43,1044.768695
-5.651021,33,1045.173056
-4.536263,52,1045.799079
-12.412144,66,1046.611711
-5.848002,54,1047.278249
-5.297407,31,1047.649182
-4.824377,29,1048.000213
-4.285948,45,1048.545053
-6.74914,51,1049.155944
-6.244188,35,1049.575822
-15.075427,72,1050.433379
-7.798346,36,1050.867218
-14.406182,51,1051.487812
-7.079877,33,1051.888739
-18.629705,126,1053.414363
-2.71676,13,1053.576791
-17.098706,62,1054.316033
-8.488088,39,1054.83408
-13.786296,59,1055.548172
-7.852745,36,1055.982977
-5.236602,30,1056.350217
-8.043052,41,1056.861131
-10.187234,43,1057.399362
-11.331514,46,1057.944164
-4.350497,29,1058.300663
-6.589395,45,1058.861993
-7.34418,36,1059.3078
-7.963174,37,1059.754957
-4.356568,29,1060.103667
-10.915682,41,1060.599922
-12.829018,55,1061.263616
-5.924494,35,1061.681846
-3.751687,34,1062.09425
-7.136481,33,1062.493288
-8.72069,41,1062.984881
-6.998996,38,1063.458927
-4.063075,47,1064.031846
-19.674386,258,1067.181944
-11.081435,58,1067.885845
-17.534624,70,1068.730734
-6.198929,34,1069.149884
-3.604963,27,1069.478271
-8.655385,53,1070.136453
-13.039207,64,1070.90894
-6.238589,33,1071.309769
-8.695493,40,1071.79279
-13.392633,65,1072.588687
-6.063307,34,1073.005067
-15.804368,80,1073.963223
-7.848728,40,1074.49702
-8.759143,42,1075.013251
-12.197815,126,1076.556038
-4.687866,27,1076.8951
-11.968526,54,1077.56777
-15.70925,54,1078.2271
-13.114914,48,1078.800041
-19.946683,300,1082.514734
-17.781094,72,1083.465512
-12.929274,54,1084.131389
-11.22967,59,1084.865932
-15.671638,88,1085.937634
-19.848524,300,1089.577903
-1.93249,18,1089.814971
-16.406505,96,1091.032292
-11.265886,88,1092.098837
-17.714541,62,1092.848406
-5.552184,29,1093.196634
-17.516662,109,1094.516789
-15.330771,58,1095.229151
-14.181587,85,1096.268331
-13.574285,83,1097.269687
-6.967522,37,1097.712131
-7.681521,66,1098.567598
-4.90688,33,1098.973472
-22.862579,300,1102.65112
-27.055255,300,1106.359391
-6.990337,34,1106.785223
-6.707992,56,1107.469493
-27.54447,300,1111.12561
-9.776329,45,1111.678332
-12.948688,56,1112.370458
-11.949671,55,1113.08268
-7.205186,34,1113.511505
-4.508787,51,1114.142815
-10.451873,42,1114.658203
-3.048604,22,1114.931798
-3.293446,23,1115.211681
-11.154457,42,1115.746137
-5.780249,32,1116.145072
-9.42611,40,1116.637753
-5.538262,34,1117.063947
-7.013783,36,1117.498755
-1.956752,19,1117.734687
-5.585228,31,1118.105725
-5.696202,33,1118.520645
-9.745493,42,1119.031123
-2.454227,19,1119.262532
-2.81184,23,1119.545747
-5.179062,31,1119.922688
-24.032373,300,1123.608715
-14.105248,47,1124.187209
-4.738395,29,1124.538989
-16.109085,58,1125.260653
-15.969541,67,1126.080204
-10.614991,42,1126.599911
-27.180178,300,1130.317075
-9.263994,41,1130.820299
-2.677666,8,1130.914076
-21.72666,199,1133.388433
-10.396419,46,1133.952613
-14.477712,55,1134.661057
-7.267452,38,1135.121659
-8.070969,37,1135.592264
-2.09143,19,1135.820676
-2.486851,20,1136.068014
-13.533515,49,1136.664266
-24.481614,300,1140.332315
-8.685263,43,1140.860485
-1.992228,19,1141.104803
-2.804561,22,1141.401011
-17.953985,91,1142.582626
-7.506347,36,1143.025512
-10.129183,41,1143.548255
-16.053691,77,1144.490304
-5.385094,29,1144.869123
-8.662085,39,1145.348875
-10.905074,44,1145.895683
-8.785823,41,1146.395799
-18.063392,300,1150.075507
-3.363474,23,1150.357307
-10.690602,47,1150.940683
-10.241595,59,1151.648081
-11.965229,47,1152.232853
-8.355984,40,1152.72397
-12.062215,48,1153.313623
-14.18805,57,1154.020732
-3.554878,25,1154.319627
-4.008149,26,1154.645444
-8.462303,37,1155.08693
-8.62724,39,1155.548689
-4.259685,13,1155.699257
-10.69163,42,1156.191037
-4.345154,28,1156.513605
-16.06396,62,1157.285922
-8.530941,37,1157.740518
-3.129509,22,1158.028811
-6.643164,33,1158.4373
-24.936456,267,1161.734003
-12.080887,64,1162.5297
-3.139528,24,1162.831921
-9.599783,40,1163.3194
-4.603555,12,1163.461989
-13.163238,48,1164.069325
-2.748368,21,1164.326665
-9.281458,54,1165.009161
-10.125597,59,1165.726641
-4.588304,8,1165.820415
-11.599117,76,1166.758417
-3.116264,22,1167.092501
-16.603577,94,1168.251448
-5.640765,30,1168.624475
-2.885226,23,1168.903703
-9.179872,43,1169.44006
-4.509346,26,1169.754219
-8.485576,39,1170.236929
-5.85718,32,1170.643268
-14.810977,114,1172.043349
-13.219254,47,1172.613823
-11.879644,50,1173.236389
-5.126757,29,1173.600198
-13.083028,61,1174.387514
-10.38917,48,1174.981924
-11.506397,45,1175.548072
-6.302879,32,1175.957238
-12.686823,48,1176.553672
-3.490105,23,1176.831084
-3.119293,26,1177.144247
-4.830699,59,1177.877903
-21.145732,300,1181.609591
-15.389998,53,1182.275341
-12.928334,58,1182.975902
-14.108862,58,1183.69524
-15.054005,152,1185.603503
-14.682465,92,1186.736082
-8.563376,79,1187.711228
-3.327203,23,1187.988462
-12.169545,56,1188.727166
-3.977191,25,1189.042323
-12.504964,50,1189.647912
-4.839859,49,1190.237377
-7.706277,42,1190.753436
-3.371445,24,1191.051606
-11.266211,44,1191.602162
-8.260851,64,1192.392352
-4.689943,43,1192.913885
-6.65325,31,1193.290594
-3.785975,19,1193.524966
-7.905706,39,1194.010828
-9.531403,56,1194.689994
-9.319704,43,1195.205924
-11.130288,50,1195.854185
-6.816658,37,1196.307535
-8.343491,41,1196.814182
-11.637486,54,1197.475675
-8.61759,49,1198.074905
-5.340618,36,1198.511601
-7.39649,40,1199.002199
-10.605588,43,1199.525326
-13.751052,60,1200.257858
-4.433049,27,1200.595955
-11.177567,52,1201.235242
-13.860583,86,1202.276931
-10.983881,52,1202.970038
-15.588356,51,1203.584999
-14.874205,50,1204.186014
-7.314372,36,1204.625423
-7.713554,34,1205.049288
-12.20221,52,1205.69283
-7.002837,54,1206.347673
-5.097649,32,1206.744023
-4.252277,40,1207.234791
-9.380957,41,1207.744808
-7.265652,37,1208.196794
-16.776442,81,1209.176314
-3.11027,23,1209.458573
-13.739629,75,1210.421582
-6.843593,26,1210.733291
-30.44822,300,1214.400791
-6.106038,65,1215.201424
-7.140367,35,1215.630246
-11.410893,45,1216.176953
-9.213106,37,1216.629807
-9.944797,43,1217.165345
-13.583419,48,1217.790702
-9.251458,38,1218.249711
-13.312644,76,1219.186966
-6.183035,73,1220.078583
-5.86596,30,1220.441641
-7.486045,36,1220.871807
-12.578805,77,1221.810314
-9.255775,37,1222.260197
-4.817768,30,1222.636941
-6.617605,33,1223.046515
-10.106157,61,1223.786033
-30.814512,300,1227.501201
-7.475509,36,1227.939
-7.399672,39,1228.417825
-7.91007,39,1228.902136
-3.388699,28,1229.246186
-8.692576,37,1229.694504
-13.641514,54,1230.342445
-5.623998,35,1230.75621
-5.504833,31,1231.138308
-11.526338,50,1231.751338
-4.754227,33,1232.146358
-10.723362,45,1232.738837
-16.03359,51,1233.358345
-9.618554,40,1233.837594
-8.109713,35,1234.26183
-7.146502,36,1234.700763
-6.442133,40,1235.189459
-8.340855,36,1235.640686
-12.641092,60,1236.384082
-10.888685,64,1237.167299
-16.646056,62,1237.926778
-8.123136,37,1238.376299
-6.621548,32,1238.768279
-9.630019,44,1239.302892
-8.182589,41,1239.851425
-10.126867,48,1240.435599
-11.168205,43,1240.974157
-18.272897,59,1241.702494
-6.577279,37,1242.171212
-5.769485,32,1242.558373
-4.890164,32,1242.94329
-6.710181,35,1243.369162
-31.733866,300,1247.05971
-20.392404,156,1248.962655
-25.193564,300,1252.627731
-17.037506,180,1254.862721
-5.658961,38,1255.324939
-2.565523,24,1255.61616
-12.816594,45,1256.183469
-12.677857,46,1256.748272
-8.597987,40,1257.236943
-6.300283,35,1257.66771
-6.244665,39,1258.152766
-8.573356,38,1258.625716
-5.79237,30,1258.996753
-7.845376,37,1259.451508
-10.097821,45,1260.00303
-6.440064,35,1260.420505
-14.508354,61,1261.201416
-6.714358,34,1261.617518
-3.927889,33,1262.017439
-4.033181,33,1262.418337
-4.513411,31,1262.800316
-5.859556,49,1263.395569
-4.891231,35,1263.844713
-8.233182,37,1264.294515
-8.510191,36,1264.727218
-6.107674,31,1265.105463
-9.086507,44,1265.654685
-10.33007,47,1266.217801
-5.498479,34,1266.628402
-10.917809,43,1267.15813
-5.130324,38,1267.622214
-7.43969,40,1268.155757
-11.437572,80,1269.134844
-6.160622,37,1269.58376
-9.197318,41,1270.089163
-4.783656,31,1270.477184
-10.146729,43,1271.017347
-6.901734,83,1272.03474
-1.984631,18,1272.257146
-10.892106,43,1272.790441
-5.50323,31,1273.17581
-12.63481,156,1275.077713
-7.914657,38,1275.57889
-14.830792,81,1276.561453
-6.193722,35,1276.984798
-13.827119,98,1278.195737
-9.725182,40,1278.689439
-11.402096,42,1279.205466
-13.099777,60,1279.933503
-21.881596,148,1281.734462
-12.55704,53,1282.389304
-5.442195,29,1282.793254
-12.941748,54,1283.445556
-7.141446,40,1283.939979
-8.939626,44,1284.472773
-16.673675,224,1287.203921
-7.698691,37,1287.657737
-12.096437,47,1288.228607
-7.422527,34,1288.646156
-8.234096,37,1289.094955
-19.383101,106,1290.433181
-10.908481,54,1291.086859
-17.550261,89,1292.177514
-5.440192,33,1292.594298
-28.859635,183,1294.828139
-4.265845,27,1295.157233
-16.967884,64,1295.943968
-6.337501,37,1296.390609
-7.850857,40,1296.896467
-10.149115,39,1297.412059
-4.17123,26,1297.739215
-16.833523,132,1299.352761
-10.215944,41,1299.871792
-3.649102,35,1300.291323
-4.290817,29,1300.638399
-14.436313,78,1301.591816
-4.403264,28,1301.945292
-12.440855,47,1302.51659
-9.053981,83,1303.538762
-16.349818,69,1304.378892
-5.021817,30,1304.772869
-2.45385,22,1305.039324
-3.909229,31,1305.425264
-8.04175,42,1305.955237
-5.793385,10,1306.073832
-14.76683,85,1307.117563
-7.278415,35,1307.549106
-5.286408,30,1307.909789
-6.172908,31,1308.285095
-15.313021,60,1309.032786
-13.684033,88,1310.101346
-11.218436,48,1310.682364
-5.796859,32,1311.073313
-14.483185,68,1311.95043
-18.576074,71,1312.837068
-6.295505,32,1313.233597
-3.128966,24,1313.53809
-13.296321,57,1314.239371
-3.711788,26,1314.556008
-9.120224,38,1315.034477
-11.726872,53,1315.675763
-4.241024,26,1315.99678
-17.914812,97,1317.175177
-32.891743,294,1320.844977
-2.624636,21,1321.105282
-9.863449,69,1321.948943
-8.911063,49,1322.538661
-10.699613,51,1323.164016
-5.471894,32,1323.549174
-3.636065,24,1323.834382
-10.483649,43,1324.35913
-6.022733,32,1324.752119
-6.128916,31,1325.132268
-11.41056,42,1325.652656
-9.087563,53,1326.323113
-16.052388,75,1327.238051
-5.379863,11,1327.379556
-5.789733,33,1327.782507
-6.371458,35,1328.214798
-4.856792,28,1328.563079
-5.947738,30,1328.929979
-10.697784,73,1329.821098
-27.974538,300,1333.51523
-5.565071,30,1333.88154
-3.521262,46,1334.454044
-9.986319,47,1335.01387
-11.852281,50,1335.627078
-5.92757,35,1336.060663
-3.254634,23,1336.342453
-6.905459,53,1336.994815
-6.192698,35,1337.429656
-12.157345,86,1338.466286
-4.423412,27,1338.802322
-9.815108,68,1339.632324
-6.052464,32,1340.025554
-13.627033,48,1340.611276
-10.362136,43,1341.194198
-10.401042,44,1341.721817
-17.861276,123,1343.238311
-5.734283,31,1343.611911
-10.771869,203,1346.126649
-6.235176,32,1346.514855
-8.668296,56,1347.193526
-5.168699,31,1347.577896
-10.248766,94,1348.768988
-7.719708,35,1349.200832
-8.022134,44,1349.743452
-11.761932,51,1350.356811
-7.277179,39,1350.838882
-11.659929,49,1351.450219
-11.203098,64,1352.239156
-5.84112,32,1352.637683
-31.577102,300,1356.366693
-3.037343,13,1356.524994
-22.189237,187,1358.797766
-6.260911,32,1359.192335
-10.373997,42,1359.718479
-11.441577,118,1361.174225
-7.556689,36,1361.615341
-14.431194,48,1362.204
-8.713279,38,1362.659815
-4.065826,27,1362.980922
-7.331918,34,1363.416854
-17.891119,133,1365.069359
-12.549103,56,1365.747921
-4.905561,35,1366.171815
-13.422271,51,1366.810174
-14.481018,78,1367.76314
-11.611256,53,1368.407509
-2.43426,20,1368.65385
-5.277703,29,1369.0131
-5.886319,31,1369.399239
-16.188053,57,1370.09863
-13.399406,49,1370.698351
-4.636035,27,1371.07566
-18.333963,77,1372.016301
-4.491034,51,1372.660952
-11.308595,52,1373.305719
-4.552237,27,1373.636493
-17.099395,61,1374.38667
-13.477766,51,1375.013515
-8.848399,38,1375.478774
-17.851001,300,1379.185293
-8.836656,40,1379.68402
-6.142103,35,1380.118852
-6.339806,31,1380.49008
-4.205402,30,1380.854107
-12.61404,51,1381.487392
-3.127389,23,1381.764649
-3.116354,22,1382.033355
-8.21269,53,1382.68159
-4.6285,28,1383.02354
-4.516107,29,1383.373587
-10.717589,45,1383.920779
-13.744333,115,1385.328293
-6.921617,51,1385.966265
-15.41566,54,1386.643352
-16.119448,62,1387.407475
-3.202694,24,1387.69371
-8.044712,37,1388.146498
-12.206145,49,1388.744275
-8.343749,37,1389.200291
-7.698645,38,1389.659034
-8.902743,41,1390.158965
-7.261763,17,1390.371686
-10.688996,56,1391.062963
-11.704011,73,1391.955026
-6.715011,32,1392.35297
-3.531415,26,1392.67082
-8.391097,43,1393.195015
-2.872759,21,1393.493218
-5.242056,46,1394.055019
-9.844531,40,1394.547701
-7.555977,70,1395.398399
-8.607728,38,1395.85817
-5.81893,31,1396.23439
-3.434667,24,1396.533765
-4.652785,45,1397.085943
-2.286369,19,1397.309713
-8.687277,64,1398.089504
-4.295026,28,1398.433122
-27.53872,300,1402.157461
-20.957393,300,1405.841018
-20.472947,300,1409.549886
-10.400447,52,1410.187205
-4.519488,37,1410.634079
-5.769898,31,1411.031018
-8.593575,60,1411.784375
-7.387406,34,1412.197301
-12.433275,80,1413.198808
-6.894573,38,1413.659339
-10.47241,43,1414.181018
-9.272688,40,1414.68098
-4.366206,29,1415.036169
-16.876261,58,1415.743392
-13.463261,56,1416.487939
-3.28003,23,1416.776012
-13.392988,66,1417.607924
-2.624953,22,1417.872241
-3.918647,25,1418.17344
-3.444881,25,1418.476067
-3.292043,24,1418.768315
-2.551701,19,1419.004654
-17.892724,123,1420.492172
-23.393764,300,1424.172483
-7.116492,34,1424.605114
-6.651846,33,1425.046293
-12.821799,50,1425.65914
-5.025259,30,1426.020174
-16.31196,116,1427.442111
-16.517428,55,1428.123249
-29.21034,300,1431.830196
-9.949962,40,1432.316838
-2.171897,19,1432.552862
-9.19273,38,1433.018646
-9.907497,43,1433.55229
-5.848165,30,1433.927918
-55.652481,300,1437.625092
-5.871385,31,1437.998903
-3.022094,22,1438.26514
-7.600967,38,1438.774155
-9.349582,49,1439.379589
-7.033632,98,1440.57087
-2.577856,21,1440.828332
-5.593278,42,1441.347975
-14.424214,53,1441.992307
-9.644973,43,1442.524948
-7.651372,40,1443.016484
-10.846554,43,1443.54019
-3.724671,27,1443.884752
-40.078001,300,1447.62305
-9.812282,57,1448.330129
-3.900562,59,1449.080123
-2.231667,20,1449.319484
-13.686112,82,1450.34178
-10.649109,42,1450.85675
-14.133209,117,1452.303831
-3.234786,23,1452.585001
-9.430076,39,1453.066654
-3.779143,26,1453.387178
-7.16053,35,1453.87038
-5.108469,32,1454.265972
-8.162804,48,1454.841493
-9.829923,44,1455.384162
-8.588043,37,1455.836569
-12.228215,58,1456.545565
-11.163747,49,1457.152201
-16.632318,78,1458.106141
-7.654834,35,1458.535767
-3.446678,23,1458.810967
-10.292582,41,1459.312728
-4.650061,27,1459.636891
-3.5099,24,1459.938074
-13.483504,49,1460.54053
-13.224841,50,1461.195627
-9.103451,41,1461.699066
-8.63289,38,1462.186928
-5.91107,37,1462.635255
-3.561403,24,1462.930163
-18.698899,117,1464.379176
-5.43244,36,1464.817101
-31.841613,300,1468.479375
-12.02277,45,1469.077802
-13.210818,53,1469.733169
-4.351153,29,1470.091764
-19.213063,300,1473.773346
-8.788309,37,1474.237602
-8.243923,47,1474.834955
-7.354512,36,1475.286235
-11.129124,48,1475.877658
-7.155145,33,1476.283543
-10.798233,54,1477.014021
-4.194169,26,1477.328314
-12.344963,51,1477.947315
-13.275415,56,1478.646963
-8.103178,41,1479.141858
-14.161808,52,1479.80076
-11.07151,67,1480.630924
-10.709959,52,1481.277853
-11.977437,108,1482.612887
-27.526292,300,1486.34036
-5.012848,31,1486.736517
-11.330627,48,1487.328309
-4.15544,66,1488.130666
-12.375737,56,1488.831932
-11.906822,49,1489.430396
-3.692344,23,1489.714665
-14.743163,57,1490.417842
-5.292832,36,1490.854659
-12.48958,87,1491.975559
-14.953803,204,1494.503279
-3.058537,22,1494.773398
-6.84609,36,1495.216601
-6.513123,33,1495.625478
-14.608161,79,1496.589845
-3.863772,24,1496.879203
-13.532646,53,1497.535433
-2.87142,24,1497.828514
-15.715019,57,1498.527579
-4.544256,27,1498.863811
-7.009567,33,1499.348426
-8.44511,36,1499.780295
-3.642109,25,1500.08046
-11.794729,43,1500.607531
-10.727924,41,1501.123409
-11.482316,52,1501.756024
-8.835052,37,1502.208546
-12.319663,82,1503.205001
-8.48645,38,1503.69191
-36.138425,300,1507.418393
-3.91416,12,1507.562009
-6.757654,38,1508.029758
-12.333089,44,1508.562024
-7.990038,39,1509.02681
-3.8591,29,1509.378883
-13.11187,51,1510.000259
-13.123256,96,1511.170861
-11.668481,51,1511.812556
-1.941656,18,1512.029974
-9.432035,43,1512.548507
-10.379235,58,1513.250219
-2.76232,21,1513.520469
-13.901432,48,1514.167189
-13.790757,97,1515.340261
-16.541254,54,1515.987817
-8.626365,40,1516.474076
-7.154336,33,1516.887577
-15.804105,55,1517.547613
-7.209136,40,1518.035362
-8.804674,37,1518.489181
-10.467905,45,1519.022648
-14.945801,112,1520.394147
-4.904098,30,1520.763423
-12.220233,50,1521.373705
-3.371974,24,1521.701794
-2.713609,22,1521.987032
-7.468584,34,1522.411593
-6.070237,34,1522.823078
-9.265149,44,1523.376924
-3.620958,24,1523.678121
-13.637306,47,1524.259779
-9.82784,45,1524.819
-11.222622,96,1526.010763
-2.451103,23,1526.287288
-13.502334,53,1526.934545
-10.617265,48,1527.51998
-9.834169,46,1528.090189
-13.698208,55,1528.761515
-9.661993,43,1529.324342
-4.354277,30,1529.703953
-7.599372,99,1530.913003
-6.398584,19,1531.146379
-13.962733,70,1531.990664
-7.531754,39,1532.467972
-10.861933,45,1533.020334
-10.891696,48,1533.612779
-5.379127,34,1534.027669
-5.868978,35,1534.457414
-10.475207,62,1535.225155
-9.464165,39,1535.703542
-18.310568,205,1538.257125
-13.048738,54,1538.91333
-7.521177,34,1539.32421
-7.867217,44,1539.861873
-12.540466,45,1540.412954
-10.911538,123,1541.936699
-7.973394,35,1542.377978
-9.450139,39,1542.845727
-10.267206,43,1543.361318
-11.996709,61,1544.102222
-8.093753,46,1544.71863
-11.42087,46,1545.288665
-18.436053,60,1546.026636
-8.018771,36,1546.484459
-6.95486,38,1546.967168
-2.81115,23,1547.262408
-4.863704,29,1547.635381
-5.096502,29,1547.989434
-9.178,43,1548.52902
-7.066828,38,1549.005717
-7.910685,40,1549.506411
-8.21974,66,1550.320067
-4.338729,29,1550.679077
-6.141626,31,1551.068038
-5.331878,31,1551.446026
-8.441232,37,1551.943695
-5.06639,32,1552.366564
-13.596792,78,1553.344948
-5.78381,34,1553.787174
-9.207715,54,1554.480852
-9.097616,42,1555.005478
-7.009533,41,1555.51785
-11.481731,53,1556.183046
-5.493793,31,1556.571559
-10.285549,40,1557.068229
-4.588649,27,1557.418095
-13.349667,54,1558.110769
-15.625584,92,1559.32348
-13.507241,78,1560.311177
-16.148729,70,1561.192819
-6.075683,37,1561.658011
-16.295604,91,1562.803308
-4.518869,28,1563.158358
-14.149748,56,1563.889403
-6.983307,33,1564.302378
-9.624545,42,1564.836396
-10.737842,70,1565.730037
-2.714242,23,1566.094033
-6.854184,42,1566.63362
-7.597147,38,1567.104356
-5.599953,35,1567.547147
-8.740853,36,1568.000933
-5.192446,31,1568.39488
-7.09834,33,1568.813788
-5.872344,30,1569.195737
-2.182241,21,1569.455044
-9.783943,108,1570.852336
-4.782571,33,1571.270189
-7.353002,42,1571.780825
-6.798206,38,1572.257578
-6.494008,54,1572.933772
-10.388621,47,1573.552933
-15.938027,300,1577.222011
-9.074719,52,1577.852399
-6.159336,33,1578.256476
-6.760185,33,1578.648428
-14.8833,56,1579.342572
-13.058981,46,1579.895065
-5.920218,12,1580.041842
-7.947613,37,1580.493634
-13.95416,58,1581.253266
-7.92852,35,1581.681747
-4.364005,29,1582.030813
-7.401527,39,1582.510449
-7.978181,40,1583.009484
-10.45363,46,1583.561857
-9.364571,39,1584.048374
-12.455256,92,1585.190867
-10.223295,46,1585.748034
-13.688516,61,1586.494482
-11.78965,43,1587.018133
-4.095495,28,1587.364908
-12.246585,48,1587.949495
-12.268189,46,1588.547894
-9.571835,39,1589.032007
-4.34807,11,1589.164106
-9.611856,55,1589.836177
-2.1103,18,1590.055305
-17.252573,59,1590.769677
-7.344407,37,1591.214554
-6.915307,33,1591.61859
-7.859848,42,1592.143194
-7.849735,40,1592.62799
-11.259409,66,1593.448526
-7.724525,37,1593.905653
-3.340527,24,1594.193912
-5.312634,31,1594.588719
-12.266742,52,1595.220718
-10.51335,46,1595.783801
-10.948221,111,1597.186818
-15.185353,60,1597.918739
-6.304443,35,1598.346626
-2.143305,18,1598.566891
-6.06605,30,1598.934092
-12.614315,94,1600.087425
-6.061665,32,1600.485646
-6.29566,13,1600.64522
-4.431183,8,1600.741961
-8.282431,43,1601.26057
-15.307766,64,1602.036905
-4.872633,12,1602.180555
-3.773335,24,1602.469532
-13.579381,54,1603.126997
-11.027706,46,1603.69394
-13.831601,55,1604.401111
-12.569976,52,1605.040355
-3.368695,24,1605.345269
-5.562646,33,1605.744018
-11.058677,44,1606.288631
-14.011069,55,1606.958473
-7.544642,35,1607.381819
-8.195011,37,1607.826778
-10.883467,42,1608.348451
-12.252238,46,1608.905387
-15.88189,81,1609.894928
-5.287686,32,1610.290174
-14.353892,52,1610.925612
-5.359125,32,1611.314547
-5.580037,30,1611.734435
-3.834107,24,1612.026685
-10.571295,45,1612.568208
-7.708587,34,1612.993073
-4.657765,28,1613.33736
-6.555748,33,1613.74215
-5.581792,33,1614.149906
-6.429325,33,1614.551679
-2.760078,21,1614.82015
-7.67562,41,1615.321368
-8.087334,60,1616.048043
-7.997189,36,1616.496686
-14.255745,49,1617.107005
-4.682734,27,1617.427728
-12.787996,110,1618.814742
-10.773045,46,1619.372157
-16.288097,78,1620.312088
-6.441655,41,1620.804156
-15.746501,51,1621.453512
-13.904906,74,1622.359312
-11.926859,52,1622.978984
-18.074674,127,1624.529307
-13.818783,73,1625.456345
-12.937824,46,1626.022188
-6.220939,31,1626.401176
-7.731941,36,1626.838242
-18.34976,109,1628.199022
-5.261071,32,1628.592964
-6.679797,38,1629.064361
-5.764547,30,1629.431211
-21.061509,300,1633.088347
-16.116236,82,1634.117257
-4.965457,28,1634.492204
-1.99942,18,1634.720831
-7.54306,36,1635.18858
-4.684137,28,1635.532661
-10.49166,46,1636.091341
-5.894912,34,1636.480335
-10.657039,77,1637.450551
-11.557098,82,1638.484452
-12.697159,46,1639.041184
-10.128112,43,1639.567457
-8.861947,42,1640.07707
-4.485464,27,1640.404706
-16.191678,230,1643.234675
-11.294057,50,1643.846821
-15.077042,79,1644.850968
-6.017104,30,1645.226413
-12.394752,50,1645.859883
-14.953684,72,1646.733532
-24.214987,300,1650.403636
-6.978261,37,1650.861279
-7.636621,35,1651.290081
-13.142173,52,1651.970274
-5.081061,29,1652.322158
-11.223556,46,1652.892602
-8.429942,38,1653.358397
-6.180016,36,1653.811186
-6.341488,32,1654.234913
-8.307559,41,1654.742897
-7.461933,39,1655.241951
-3.288182,23,1655.540761
-13.739902,51,1656.18469
-8.075477,60,1656.913763
-7.995927,45,1657.474167
-7.298415,34,1657.903242
-2.774004,21,1658.165758
-3.587515,25,1658.4759
-11.346129,118,1660.024795
-11.060279,51,1660.626211
-13.059222,45,1661.150785
-6.630215,73,1662.009834
-5.837721,52,1662.63264
-5.351403,19,1662.862745
-11.894347,45,1663.400684
-7.008404,38,1663.890831
-8.277355,25,1664.186625
-5.431672,66,1664.975515
-10.07817,49,1665.561194
-14.837688,76,1666.447621
-9.659707,45,1666.98164
-12.927923,73,1667.844463
-6.658332,36,1668.258386
-17.684004,73,1669.117799
-7.957488,40,1669.583524
-10.519819,46,1670.137906
-5.347268,29,1670.481851
-10.774856,47,1671.026022
-6.478506,34,1671.443452
-8.053861,37,1671.884249
-2.996537,21,1672.127169
-5.759568,53,1672.754051
-7.466797,34,1673.151019
-12.499215,53,1673.786258
-5.61085,34,1674.180068
-8.723791,41,1674.664647
-2.718619,22,1674.926478
-12.714769,78,1675.846676
-8.506658,43,1676.362364
-8.631681,37,1676.798293
-8.741222,40,1677.264583
-9.949719,42,1677.765074
-6.910997,36,1678.191931
-10.668978,45,1678.725556
-7.958027,39,1679.198764
-15.051668,50,1679.796138
-8.918646,43,1680.296203
-5.579756,40,1680.763922
-4.516295,26,1681.073971
-8.515485,56,1681.736644
-3.576767,24,1682.023732
-3.608036,25,1682.313637
-6.46451,42,1682.801706
-4.587513,28,1683.12886
-12.230742,52,1683.724971
-4.583591,31,1684.088057
-10.018751,45,1684.618639
-6.294062,35,1685.014989
-5.516375,53,1685.676737
-15.958541,54,1686.326788
-8.935429,46,1686.977047
-9.208373,46,1687.582714
-11.749792,49,1688.183206
-12.754401,47,1688.769612
-7.286687,37,1689.216417
-11.483958,50,1689.852546
-12.712363,49,1690.475879
-10.08401,43,1690.998914
-17.34402,100,1692.275249
-6.39136,31,1692.667202
-4.8178,47,1693.255826
-4.451665,38,1693.737059
-5.690285,31,1694.108605
-8.067849,47,1694.737226
-9.679832,41,1695.259118
-22.297928,300,1698.98619
-13.554446,52,1699.624837
-4.043783,27,1699.958654
-13.629729,53,1700.646369
-12.398173,47,1701.291442
-14.028175,55,1701.990056
-5.151861,33,1702.432902
-5.789529,32,1702.805901
-11.874437,63,1703.543901
-9.944383,94,1704.664633
-10.742992,43,1705.162515
-8.912046,41,1705.647222
-7.070125,37,1706.068362
-6.132319,32,1706.440538
-6.089547,31,1706.798677
-8.207791,41,1707.281386
-8.952406,40,1707.762597
-15.085306,52,1708.385024
-9.65876,45,1708.937998
-3.698542,24,1709.220879
-6.259691,37,1709.656363
-2.348343,19,1709.875954
-13.759162,50,1710.506055
-11.569231,47,1711.07383
-7.881968,46,1711.614004
-12.79203,45,1712.131341
-5.594794,33,1712.524806
-13.693351,79,1713.451611
-7.528702,70,1714.276098
-12.132104,52,1714.885998
-9.702996,39,1715.369703
-9.639383,40,1715.873356
-8.679046,41,1716.437391
-7.24475,57,1717.179604
-6.811498,34,1717.624818
-4.063101,26,1717.967871
-14.915745,56,1718.731663
-13.075043,50,1719.405859
-9.515215,45,1720.000557
-5.630458,30,1720.435943
-13.009542,45,1720.99733
-9.069744,51,1721.613056
-11.980895,57,1722.299305
-6.91568,33,1722.702002
-7.678693,36,1723.140584
-7.309572,36,1723.570315
-10.270189,47,1724.145539
-7.769199,48,1724.723367
-2.627784,22,1724.990737
-11.364732,50,1725.592711
-7.887196,35,1726.019049
-11.767347,101,1727.256016
-10.500101,85,1728.295128
-11.471196,50,1728.898087
-9.555339,39,1729.376084
-1.687877,17,1729.58749
-8.228829,37,1730.025235
-6.337877,33,1730.426285
-6.168432,31,1730.807881
-7.228495,36,1731.242265
-11.075183,50,1731.847528
-12.318824,48,1732.428658
-1.83102,17,1732.647074
-13.468635,51,1733.262942
-14.726306,54,1733.916539
-4.154717,28,1734.263611
-11.061646,41,1734.76816
-13.329215,57,1735.463825
-14.109556,49,1736.103591
-2.868468,23,1736.422272
-4.274175,28,1736.768979
-8.476368,36,1737.207743
-5.224693,30,1737.564416
-6.248759,35,1737.995441
-7.683371,37,1738.432003
-9.93964,47,1738.997883
-10.145054,40,1739.479996
-6.429378,52,1740.111503
-8.254342,42,1740.619117
-9.273169,43,1741.145032
-3.055427,23,1741.427942
-8.742493,42,1741.929829
-10.606529,42,1742.432513
-7.89504,44,1742.981017
-10.170797,39,1743.463726
-8.48443,36,1743.905771
-11.586808,46,1744.476404
-9.672826,39,1744.957015
-13.026392,51,1745.636169
-6.713332,41,1746.152149
-8.262576,42,1746.675782
-3.631376,24,1746.964975
-5.56021,30,1747.341409
-4.773547,27,1747.686455
-7.390317,34,1748.108326
-5.735907,33,1748.517714
-6.118141,52,1749.171965
-7.008257,37,1749.624753
-12.650264,77,1750.602281
-8.319117,74,1751.54476
-8.304018,35,1751.98543
-3.284736,22,1752.255369
-5.39289,14,1752.428879
-10.301398,45,1753.011601
-7.742034,38,1753.478385
-11.047314,100,1754.693131
-15.239708,57,1755.390391
-17.185704,74,1756.286319
-4.630426,28,1756.635356
-16.004896,69,1757.510503
-10.316299,46,1758.095199
-2.206932,19,1758.338549
-7.263587,34,1758.77937
-6.334735,35,1759.223575
-3.789805,24,1759.524769
-12.684672,52,1760.178647
-9.912674,39,1760.664674
-10.127475,44,1761.218194
-4.074406,25,1761.524297
-7.24402,38,1761.974221
-9.031308,42,1762.481608
-7.099973,37,1762.950542
-9.452919,45,1763.496082
-7.188609,61,1764.264621
-5.67883,31,1764.681207
-2.875005,21,1764.960461
-6.725625,35,1765.41554
-15.080337,85,1766.48358
-5.296665,32,1766.890822
-9.994245,39,1767.36863
-10.08166,46,1767.965208
-9.566422,50,1768.585455
-13.584811,47,1769.181563
-12.290397,80,1770.191177
-11.045933,77,1771.159124
-6.955951,40,1771.639741
-4.507691,32,1772.023619
-2.701213,23,1772.314841
-2.758139,23,1772.605797
-5.438125,33,1773.027759
-5.132461,39,1773.527833
-6.748612,45,1774.101863
-7.354439,38,1774.590825
-10.502799,41,1775.186045
-3.248911,10,1775.310812
-7.197143,34,1775.74486
-6.762422,34,1776.168732
-4.812187,29,1776.522387
-11.695853,45,1777.12454
-8.259789,80,1778.128047
-11.341191,47,1778.729734
-6.276504,37,1779.187125
-16.769122,57,1779.920032
-7.049969,40,1780.43269
-8.56182,43,1780.96417
-8.466176,43,1781.512935
-11.237861,61,1782.284899
-8.170573,43,1782.831408
-2.489651,23,1783.114319
-5.075845,28,1783.466577
-3.772807,27,1783.808226
-9.333914,44,1784.414239
-8.345598,41,1784.931277
-5.64823,33,1785.350408
-3.714385,24,1785.644215
-13.115571,54,1786.331327
-9.973885,58,1787.061068
-16.405253,56,1787.790395
-8.242441,36,1788.246981
-13.850308,55,1788.908861
-3.621077,23,1789.198347
-9.065384,40,1789.672079
-10.352953,43,1790.191797
-9.23927,39,1790.699261
-9.10244,42,1791.233773
-11.530096,57,1791.902768
-5.321573,32,1792.321256
-12.190815,46,1792.85916
-12.615324,51,1793.494778
-6.637198,43,1794.043139
-5.088072,32,1794.444299
-3.978346,26,1794.749442
-10.694953,47,1795.300983
-10.702538,43,1795.821645
-11.032852,43,1796.306471
-7.997737,39,1796.789196
-8.151944,37,1797.240049
-3.769909,27,1797.573154
-6.614344,31,1797.955673
-5.957126,34,1798.369905
-3.279904,25,1798.677662
-13.436164,51,1799.303996
-9.581144,53,1799.959101
-7.81774,40,1800.454172
-7.847678,37,1800.967023
-5.465555,29,1801.341023
-3.014044,11,1801.473667
-5.289682,30,1801.86147
-4.896375,30,1802.267555
-11.219451,45,1802.867947
-8.124424,43,1803.488039
-4.345281,28,1803.863038
-4.136415,25,1804.197144
-13.124018,49,1804.850397
-4.972932,28,1805.261297
-7.53236,36,1805.684331
-10.850751,43,1806.199738
-11.930641,51,1806.833208
-12.727741,63,1807.630468
-9.71014,43,1808.155454
-5.392237,34,1808.568321
-7.909847,35,1808.990222
-8.719662,42,1809.506794
-4.966176,29,1809.867721
-8.613916,41,1810.361512
-4.424473,26,1810.68361
-13.61743,47,1811.256124
-13.860444,81,1812.271908
-12.078494,51,1812.884772
-2.512857,20,1813.120143
-6.638725,35,1813.550962
-4.166509,28,1813.892988
-9.291583,37,1814.334551
-3.977912,27,1814.665689
-3.814981,28,1815.015594
-7.912222,37,1815.462085
-7.870304,37,1815.923494
-8.749252,41,1816.405238
-11.95403,46,1816.966793
-7.835529,39,1817.434248
-7.195498,38,1817.891327
-4.799029,27,1818.229442
-11.203807,52,1818.843044
-10.223906,46,1819.413656
-6.455324,35,1819.837224
-11.634812,50,1820.492145
-7.510389,38,1821.006332
-3.600356,24,1821.30249
-4.126254,25,1821.61236
-2.065105,18,1821.829388
-7.233577,43,1822.355246
-7.221091,38,1822.812278
-9.496579,38,1823.273675
-5.029181,29,1823.627684
-3.736351,24,1823.921624
-9.029107,38,1824.383276
-9.039583,56,1825.074425
-8.238328,41,1825.571543
-9.609348,53,1826.222983
-2.659879,22,1826.493289
-8.140467,39,1826.967018
-6.099548,32,1827.348004
-8.391102,36,1827.792104
-2.845002,21,1828.054963
-3.36646,51,1828.671933
-2.524444,20,1828.910829
-10.436059,43,1829.429402
-8.714663,42,1829.984305
-3.283959,23,1830.264756
-9.088587,47,1830.825284
-11.88301,49,1831.415849
-13.229705,61,1832.15582
-7.254872,56,1832.834238
-4.972864,28,1833.190032
-7.11187,33,1833.588393
-3.051933,23,1833.874654
-3.548338,23,1834.150945
-13.48391,62,1834.904893
-8.849869,42,1835.416009
-9.530312,40,1835.90471
-7.269403,48,1836.487879
-7.689745,39,1836.957506
-15.073206,58,1837.659629
-3.708935,27,1837.989934
-7.323422,40,1838.484102
-9.125335,42,1839.039965
-11.066062,48,1839.613121
-11.823057,49,1840.211435
-2.191958,21,1840.461182
-2.385714,21,1840.717516
-9.175545,39,1841.194792
-4.256188,26,1841.505666
-11.019846,46,1842.066357
-9.851158,39,1842.538679
-11.948891,89,1843.622151
-6.238133,34,1844.041031
-12.220778,44,1844.578048
-14.894474,80,1845.545386
-2.729334,30,1845.909178
-7.937037,38,1846.416416
-11.332604,51,1847.025496
-8.052918,42,1847.540645
-6.604724,37,1847.991488
-12.773988,71,1848.86029
-8.177733,38,1849.322342
-8.665419,39,1849.795198
-10.902875,47,1850.37139
-4.983018,31,1850.744722
-8.804083,40,1851.22336
-8.505771,37,1851.667621
-2.872722,22,1851.938723
-10.453867,67,1852.762703
-4.038128,26,1853.083395
-9.886243,41,1853.593163
-1.824974,17,1853.80416
-8.840698,60,1854.537386
-9.817093,88,1855.628613
-6.40098,14,1855.800343
-10.29201,43,1856.335399
-4.997614,11,1856.467047
-2.765896,26,1856.777581
-9.367563,94,1857.939164
-8.064163,40,1858.487708
-12.372587,51,1859.110448
-11.569882,49,1859.698158
-5.824628,32,1860.089268
-12.171756,45,1860.637706
-12.598633,46,1861.204462
-9.621721,42,1861.708543
-10.784482,50,1862.311511
-5.292984,32,1862.700595
-1.719481,18,1862.921974
-10.280978,42,1863.438592
-6.584184,32,1863.832312
-9.447506,38,1864.296396
-9.326899,38,1864.74519
-11.233745,50,1865.353085
-10.231772,48,1865.940047
-9.089471,41,1866.42696
-8.817008,37,1866.873835
-10.305188,43,1867.394526
-7.237494,38,1867.84557
-9.010606,39,1868.358479
-11.876656,49,1868.958928
-13.221218,53,1869.59323
-3.422548,24,1869.878169
-8.233732,38,1870.342897
-10.797741,63,1871.103677
-7.130749,37,1871.554863
-7.598888,37,1872.003258
-9.449893,46,1872.559931
-4.502001,27,1872.880003
-3.750091,26,1873.19381
-11.924484,48,1873.776023
-1.713051,16,1873.963371
-13.128799,53,1874.60573
-12.058715,50,1875.205282
-3.273387,24,1875.48791
-7.943077,61,1876.219962
-5.649208,31,1876.599084
-7.076225,34,1877.004393
-5.719525,32,1877.392012
-8.52001,42,1877.925372
-2.109981,19,1878.186615
-12.305744,49,1878.780478
-3.262602,25,1879.078889
-10.485952,42,1879.584158
-2.734124,21,1879.842512
-5.407352,29,1880.182603
-3.980774,33,1880.57906
-12.300135,51,1881.202546
-3.437628,25,1881.50107
-15.392165,62,1882.23791
-11.87581,45,1882.792655
-5.953603,30,1883.16068
-8.22324,57,1883.8486
-18.510776,113,1885.243937
-10.480441,40,1885.742506
-5.933242,40,1886.222714
-12.868928,52,1886.856642
-9.312087,44,1887.391633
-5.384229,31,1887.779595
-12.815083,212,1890.344303
-14.533061,53,1890.987522
-4.336652,27,1891.309656
-4.63015,30,1891.677481
-6.775431,33,1892.070978
-13.910999,69,1892.915081
-3.018395,22,1893.184691
-11.946778,62,1893.941211
-8.056119,37,1894.383244
-11.60263,50,1894.984565
-13.863511,48,1895.570511
-6.812864,36,1896.012386
-6.219144,36,1896.442261
-2.532151,20,1896.687007
-13.611591,64,1897.454097
-4.758243,27,1897.773243
-9.647086,45,1898.310675
-10.717386,44,1898.843923
-6.188512,34,1899.259045
-4.661069,28,1899.598527
-7.390524,38,1900.06431
-12.844132,47,1900.636826
-8.453432,37,1901.092022
-10.650603,45,1901.687425
-7.44188,34,1902.095614
-6.79129,37,1902.537199
-12.510003,45,1903.086749
-21.09676,238,1905.972234
-4.947543,40,1906.462921
-10.559001,43,1906.979018
-7.581818,33,1907.378827
-13.453825,53,1908.032121
-7.241987,39,1908.511184
-6.728187,36,1908.948183
-6.885275,37,1909.391545
-8.132522,36,1909.827822
-4.63236,37,1910.285973
-7.929977,37,1910.732551
-4.277215,28,1911.074886
-6.391234,49,1911.680478
-13.151089,53,1912.367769
-7.550887,34,1912.782438
-8.390181,36,1913.221189
-2.998198,36,1913.660025
-10.438468,40,1914.132736
-10.767105,40,1914.635641
-10.077479,45,1915.185606
-5.836432,34,1915.592548
-4.938666,43,1916.118845
-5.412029,37,1916.585133
-7.73607,35,1917.035414
-11.941036,63,1917.810063
-5.750683,49,1918.416541
-4.746704,27,1918.754636
-13.378217,53,1919.403377
-11.76321,46,1919.970187
-4.66193,27,1920.305096
-4.04419,37,1920.80715
-11.122848,174,1922.971061
-16.305173,52,1923.608344
-2.758129,28,1923.946529
-13.604318,68,1924.786131
-13.538144,53,1925.415419
-14.947047,52,1926.041744
-23.376378,300,1929.803243
-9.116283,40,1930.281326
-7.036054,39,1930.743172
-13.88089,74,1931.649471
-7.762221,40,1932.126196
-10.601221,46,1932.712598
-7.708257,36,1933.162425
-7.624111,49,1933.772102
-7.482256,38,1934.238068
-3.167064,27,1934.567575
-2.779502,21,1934.820897
-9.05257,39,1935.296065
-26.494513,300,1938.98148
-6.578688,33,1939.387139
-4.795628,28,1939.728183
-14.067753,88,1940.866161
-9.010627,37,1941.319826
-3.926365,27,1941.660915
-10.716723,43,1942.18818
-5.774863,30,1942.550483
-6.31889,38,1943.008209
-4.578843,35,1943.444629
-7.612167,35,1943.870489
-11.168875,46,1944.431248
-8.517264,44,1944.958523
-14.756061,75,1945.875277
-15.822119,81,1946.860642
-11.907129,50,1947.481283
-8.174048,35,1947.95003
-9.167829,39,1948.425053
-6.410891,49,1949.035438
-13.423573,53,1949.690906
-4.203294,26,1950.01537
-14.707041,51,1950.637708
-13.041177,68,1951.47039
-6.128747,32,1951.860919
-4.659099,67,1952.678255
-6.917234,37,1953.137655
-8.202742,41,1953.645798
-14.27931,94,1954.834642
-7.098624,56,1955.608572
-7.237439,33,1956.042858
-4.415546,26,1956.359043
-7.823596,39,1956.812634
-9.929502,39,1957.275095
-10.454447,49,1957.84754
-8.622272,42,1958.348481
-11.646282,46,1958.914944
-8.572037,40,1959.398805
-6.619732,33,1959.802545
-2.80808,20,1960.046779
-5.950784,32,1960.431627
-13.349334,70,1961.292774
-7.577994,40,1961.785452
-4.407659,27,1962.114032
-6.416247,34,1962.523437
-7.520155,34,1962.975987
-9.008242,38,1963.436592
-10.630802,55,1964.124774
-10.124244,53,1964.769342
-9.562785,39,1965.243252
-12.341441,44,1965.768668
-3.851097,25,1966.075939
-4.330351,26,1966.402835
-6.292599,13,1966.562378
-5.930019,18,1966.777832
-4.754695,38,1967.239684
-9.477222,43,1967.771995
-9.184902,39,1968.243661
-14.56509,50,1968.853198
-5.315531,28,1969.197249
-6.924052,34,1969.598548
-10.575376,42,1970.097351
-6.22709,35,1970.564062
-12.602243,51,1971.180154
-4.11661,25,1971.495155
-13.772742,206,1974.005136
-15.663081,54,1974.674425
-12.792193,47,1975.252058
-5.961215,37,1975.692729
-7.637316,37,1976.140514
-3.49486,23,1976.426121
-8.413153,44,1976.976322
-6.504825,35,1977.40318
-7.473096,39,1977.936794
-9.047143,42,1978.453412
-4.053988,26,1978.784526
-6.06285,34,1979.210417
-6.196648,34,1979.630397
-4.110839,30,1980.001531
-6.175265,33,1980.410348
-4.618072,53,1981.05678
-12.872735,51,1981.67908
-4.29418,36,1982.119673
-12.606347,60,1982.841717
-12.541746,48,1983.429117
-8.651058,37,1983.873888
-6.366108,13,1984.036453
-3.333015,23,1984.3095
-9.35545,39,1984.841861
-9.833691,45,1985.403633
-5.547101,31,1985.793967
-4.815183,30,1986.158911
-5.754674,29,1986.518414
-5.484187,32,1986.910551
-6.716844,49,1987.545969
-4.248614,26,1987.86322
-11.251709,45,1988.419239
-5.429433,33,1988.840966
-3.773862,26,1989.169917
-5.724717,32,1989.567266
-5.639876,31,1989.949774
-11.81405,50,1990.598983
-10.238452,41,1991.118593
-4.232475,27,1991.473492
-5.54492,37,1991.94494
-5.650052,34,1992.379942
-5.234824,32,1992.796664
-12.349569,47,1993.370107
-13.622293,54,1994.032889
-8.289763,37,1994.485062
-10.770203,44,1995.022173
-2.560957,20,1995.260236
-6.666835,32,1995.663721
-11.090953,84,1996.712378
-2.699444,22,1996.989673
-10.941987,47,1997.603207
-16.98205,97,1998.841003
-5.904215,38,1999.348372
-8.369806,36,1999.790164
-15.453037,59,2000.503448
-8.339102,41,2001.004405
-9.009178,39,2001.487115
-4.505077,30,2001.862071
-3.996254,40,2002.363702
-10.885526,63,2003.122702
-14.086167,54,2003.775427
-11.942874,47,2004.348406
-10.649507,48,2004.937495
-7.107473,36,2005.372006
-9.647932,40,2005.912091
-5.487682,31,2006.301286
-5.7428,34,2006.723674
-7.716418,36,2007.151835
-7.082318,34,2007.578665
-4.705222,27,2007.902468
-8.615212,38,2008.358721
-6.777398,33,2008.767707
-7.498492,34,2009.186331
-2.205184,19,2009.413723
-10.745213,41,2009.913707
-9.700112,40,2010.402947
-5.902486,33,2010.80804
-4.092119,25,2011.118477
-5.447123,30,2011.482511
-4.583986,27,2011.812932
-2.221877,21,2012.073262
-3.06043,24,2012.370514
-15.033866,50,2012.973931
-3.614931,24,2013.308661
-4.813138,27,2013.64177
-7.161099,34,2014.051694
-5.263524,28,2014.396543
-9.517865,38,2014.851644
-6.561141,34,2015.273577
-12.032031,50,2015.889781
-12.33686,65,2016.694182
-7.842552,34,2017.172872
-5.043491,30,2017.55086
-8.83556,42,2018.074982
-6.583785,32,2018.470104
-24.481454,300,2022.1519
-14.938794,67,2023.032557
-9.162911,37,2023.496367
-5.570104,34,2023.926669
-8.949254,42,2024.440324
-8.036748,37,2024.901064
-14.143474,74,2025.824823
-3.10759,22,2026.092782
-13.558329,49,2026.692815
-4.000785,38,2027.15552
-5.639597,29,2027.507843
-6.899376,34,2027.923384
-11.626283,64,2028.689399
-6.495089,33,2029.090046
-6.065308,30,2029.490967
-3.168166,22,2029.773212
-11.081906,46,2030.343225
-6.077862,30,2030.708766
-8.389438,72,2031.598347
-8.178931,39,2032.074853
-8.993155,38,2032.542902
-3.776114,27,2032.868037
-7.110322,37,2033.317955
-6.177203,31,2033.684973
-6.355247,31,2034.057453
-14.225447,148,2035.838304
-5.767764,30,2036.211432
-3.575686,25,2036.52231
-6.573315,35,2036.985489
-9.326507,45,2037.527818
-7.697371,39,2038.008553
-7.748271,34,2038.436045
-7.332425,56,2039.117224
-7.796115,38,2039.579666
-10.407073,45,2040.116083
-8.099398,37,2040.55693
-8.165618,37,2041.018059
-9.876981,39,2041.479726
-7.098448,35,2041.90984
-9.286155,44,2042.454127
-9.251942,39,2042.916351
-8.786919,44,2043.446211
-7.660366,40,2043.935602
-14.237072,66,2044.8017
-9.497148,38,2045.262468
-9.037938,79,2046.229086
-8.958184,47,2046.828934
-4.58339,27,2047.158227
-15.650682,52,2047.777923
-10.928416,44,2048.306998
-3.52187,24,2048.60221
-6.066726,31,2048.978697
-11.929764,47,2049.550619
-11.483996,70,2050.410099
-13.267863,51,2051.039809
-5.876534,38,2051.5524
-4.92097,31,2051.941914
-10.351195,47,2052.522802
-3.918417,38,2052.993855
-12.858883,51,2053.616236
-2.406501,21,2053.88549
-16.220508,55,2054.551964
-11.639009,45,2055.111442
-4.127782,29,2055.463952
-6.79121,35,2055.903921
-17.183507,63,2056.678407
-5.580185,29,2057.045188
-5.482839,33,2057.452069
-14.18886,53,2058.103081
-4.366576,26,2058.44854
-9.873126,46,2059.028358
-5.03031,30,2059.409181
-11.217487,44,2059.950576
-4.377885,28,2060.298981
-7.422673,38,2060.777775
-5.132854,30,2061.158283
-12.478436,51,2061.800407
-14.193487,80,2062.807957
-6.410041,34,2063.231824
-3.806075,31,2063.622467
-5.705324,31,2063.99153
-2.419586,11,2064.131826
-9.284835,41,2064.60942
-9.664304,40,2065.08206
-9.883472,41,2065.568919
-13.705581,46,2066.142958
-5.468705,29,2066.507014
-5.316147,44,2067.093101
-10.497762,47,2067.699075
-7.181866,36,2068.167822
-5.133517,29,2068.532845
-7.879668,41,2069.104768
-11.106316,53,2069.790961
-13.045037,52,2070.446424
-13.305503,52,2071.083999
-7.32165,36,2071.526063
-3.557065,24,2071.833451
-3.626008,28,2072.188533
-10.450803,45,2072.748006
-12.130967,44,2073.307399
-9.212079,41,2073.812256
-12.621771,47,2074.399773
-6.969998,60,2075.151161
-9.701023,41,2075.650982
-2.91327,22,2075.919785
-2.422718,20,2076.169478
-2.968552,29,2076.59047
-4.538499,33,2076.994249
-10.91384,44,2077.530813
-7.899446,37,2077.991072
-7.367407,37,2078.462625
-7.906805,37,2078.933366
-2.920966,22,2079.20183
-14.426585,78,2080.175328
-2.305328,20,2080.417257
-2.724961,21,2080.682367
-9.797337,45,2081.250695
-7.025991,68,2082.103172
-10.001148,56,2082.842198
-25.874117,242,2085.795409
-3.843584,27,2086.121375
-4.648468,27,2086.454484
-5.697294,29,2086.821825
-4.83669,30,2087.183936
-9.675311,43,2087.717273
-17.715466,136,2089.400454
-11.105155,43,2089.946507
-6.756306,36,2090.390786
-11.936834,74,2091.352247
-10.896679,56,2092.03839
-8.305863,37,2092.493701
-13.124436,69,2093.334725
-12.186521,50,2093.973198
-5.128198,28,2094.316288
-7.061151,34,2094.722907
-10.865957,47,2095.299091
-3.70152,23,2095.591093
-2.676624,22,2095.869349
-4.171288,25,2096.176968
-12.125111,49,2096.778015
-7.903978,39,2097.262473
-12.830306,58,2097.962153
-10.019176,48,2098.557745
-10.331302,55,2099.284824
-7.855678,39,2099.759286
-7.892449,36,2100.20045
-9.000372,44,2100.771585
-7.441208,54,2101.443264
-7.215483,37,2101.92802
-7.431668,35,2102.362715
-5.949884,42,2102.87417
-9.093803,44,2103.414757
-9.605777,46,2103.976616
-7.257459,35,2104.401903
-10.490702,45,2104.997349
-15.537011,53,2105.694968
-15.404754,83,2106.664258
-12.378146,50,2107.290096
-11.345552,47,2107.882512
-10.671045,51,2108.520829
-14.114315,50,2109.134165
-6.998371,34,2109.552585
-8.027731,53,2110.192928
-12.592065,51,2110.819475
-14.791548,50,2111.473986
-14.768049,57,2112.206504
-17.284031,228,2115.00346
-9.203032,39,2115.491021
-9.691995,43,2116.050327
-3.174919,23,2116.334202
-9.816614,42,2116.848825
-8.677899,77,2117.840889
-8.644703,41,2118.340669
-12.059263,80,2119.309848
-3.218021,25,2119.636983
-13.173035,48,2120.212467
-6.223521,34,2120.637616
-5.920503,33,2121.056068
-10.515492,47,2121.621352
-7.463939,36,2122.065166
-12.502407,52,2122.701984
-7.930836,38,2123.158566
-12.668646,51,2123.805432
-10.461372,48,2124.395423
-7.041367,38,2124.878281
-13.568958,48,2125.516406
-4.809127,30,2125.892235
-5.013174,31,2126.270869
-8.533798,41,2126.764807
-16.371019,58,2127.465931
-7.251433,38,2127.927728
-11.046007,48,2128.514978
-12.322433,53,2129.157914
-7.671484,46,2129.716739
-7.46442,37,2130.175932
-15.785625,86,2131.232383
-11.540241,46,2131.803048
-7.481899,39,2132.279977
-8.270022,38,2132.739604
-5.799048,11,2132.876099
-13.443602,55,2133.541771
-11.633415,46,2134.099431
-9.224156,41,2134.644556
-9.402415,39,2135.135628
-5.369191,30,2135.499967
-3.70105,26,2135.826096
-15.79095,98,2137.015237
-11.403404,45,2137.57203
-9.594944,44,2138.105608
-10.798321,49,2138.711957
-2.173369,20,2138.951317
-13.24607,68,2139.78288
-11.329723,49,2140.376466
-6.427731,33,2140.791636
-13.600899,56,2141.514733
-5.381044,30,2141.922613
-16.909213,88,2143.150412
-8.116079,41,2143.698197
-8.204603,51,2144.382396
-10.608518,41,2144.877682
-13.988815,59,2145.599387
-13.42238,73,2146.482932
-8.134999,42,2146.996506
-9.484541,48,2147.576003
-13.614513,55,2148.23322
-11.108701,48,2148.811361
-5.548039,33,2149.215883
-12.28097,51,2149.839914
-8.238896,50,2150.449706
-10.051726,45,2151.031113
-14.873887,52,2151.649597
-16.853231,300,2155.348656
-11.268529,45,2155.910076
-8.894719,39,2156.372006
-8.846087,39,2156.882309
-2.440606,21,2157.117234
-5.972793,33,2157.5033
-7.142957,38,2157.929701
-13.739161,56,2158.561899
-8.981208,42,2159.03215
-6.784507,35,2159.427853
-3.542253,24,2159.696331
-3.672129,26,2159.990957
-10.882166,48,2160.54126
-6.930106,35,2160.959942
-4.873478,28,2161.281079
-13.101548,48,2161.83956
-7.512962,41,2162.314363
-5.258529,32,2162.682451
-10.927851,41,2163.159232
-5.867417,30,2163.507331
-10.527243,51,2164.108795
-7.438843,40,2164.566362
-11.810734,44,2165.080986
-4.615023,26,2165.377426
-15.473756,53,2166.001525
-7.049155,33,2166.398329
-11.999387,54,2167.019115
-9.163878,57,2167.682178
-5.251431,28,2168.008545
-18.086206,68,2168.787314
-6.654199,33,2169.168797
-12.844748,52,2169.771224
-8.029278,37,2170.209051
-9.447821,44,2170.732646
-5.417556,34,2171.150373
-6.081239,32,2171.536884
-9.191123,44,2172.048341
-11.054492,44,2172.559059
-10.618055,41,2173.071932
-11.898319,49,2173.636992
-12.899873,51,2174.231408
-11.269022,48,2174.794631
-6.789046,33,2175.222193
-7.941957,36,2175.65302
-9.564337,42,2176.148335
-12.0828,51,2176.764121
-7.900915,43,2177.274272
-12.154104,44,2177.800209
-7.470888,47,2178.342787
-14.609492,56,2179.004305
-9.345919,44,2179.51663
-8.913106,38,2179.983096
-12.866092,52,2180.609343
-5.777026,32,2180.987492
-13.75105,47,2181.553509
-10.996949,43,2182.058365
-7.217252,36,2182.475608
-6.582498,32,2182.851696
-4.669708,27,2183.177824
-14.667848,56,2183.81746
-12.398018,44,2184.364772
-3.918547,26,2184.674069
-9.358742,38,2185.175728
-8.529111,42,2185.69343
-2.454884,19,2185.919944
-5.841274,34,2186.327765
-13.336981,52,2186.932121
-10.392438,120,2188.342978
-4.128964,26,2188.647309
-4.841428,43,2189.153955
-11.815302,48,2189.70794
-7.258347,36,2190.130909
-12.237619,63,2190.854866
-5.854991,31,2191.215854
-11.632296,62,2191.936454
-8.887355,56,2192.640645
-3.788709,25,2192.9372
-3.466398,23,2193.209471
-5.656063,32,2193.579483
-8.188241,41,2194.047588
-16.943098,133,2195.606898
-10.796877,47,2196.152416
-10.430065,45,2196.690574
-13.938496,78,2197.595143
-16.107636,53,2198.206635
-4.067285,44,2198.725157
-4.692875,31,2199.086405
-6.796911,37,2199.514927
-5.503891,31,2199.874849
-3.339159,23,2200.147115
-9.553644,50,2200.73127
-10.319839,55,2201.386997
-10.770209,48,2201.963204
-10.058842,46,2202.500883
-5.871264,36,2202.924237
-8.996825,41,2203.418397
-8.300515,36,2203.855972
-14.483626,51,2204.45276
-9.776033,56,2205.114646
-5.622139,29,2205.44736
-36.513472,300,2209.025141
-12.264127,48,2209.565697
-29.45259,300,2213.528253
-10.213569,47,2214.233367
-9.277607,53,2214.962416
-41.6233,300,2218.738663
-14.419055,49,2219.319802
-11.414702,49,2219.889279
-12.782661,53,2220.510312
-6.305503,33,2220.914338
-31.867523,300,2224.510244
-9.318706,53,2225.139521
-2.017276,18,2225.354265
-37.690685,300,2228.968672
-3.246516,24,2229.249286
-4.998488,29,2229.605655
-7.534458,34,2230.004927
-11.022364,49,2230.577933
-18.12737,214,2233.09791
-2.418451,20,2233.332953
-12.156983,92,2234.448143
-5.478375,33,2234.84631
-13.243448,82,2235.807166
-23.649024,300,2239.369588
-11.007696,55,2240.022398
-22.144232,300,2243.641287
-23.956931,179,2245.744748
-5.375085,31,2246.095773
-7.010557,48,2246.702328
-10.682402,66,2247.46118
-15.058708,84,2248.411407
-9.432527,40,2248.905087
-4.99086,27,2249.252485
-6.600475,33,2249.638431
-13.574,47,2250.162494
-5.113443,58,2250.832162
-15.446932,76,2251.74607
-10.919348,42,2252.238752
-12.537615,67,2253.037907
-11.249938,51,2253.611838
-5.912344,34,2253.988002
-3.446616,23,2254.254996
-3.699994,10,2254.37671
-10.233296,52,2254.97086
-7.115742,38,2255.412668
-9.044107,45,2255.940314
-7.138748,35,2256.374144
-12.31418,43,2256.91786
-13.090193,55,2257.548553
-9.441721,38,2257.981895
-6.999259,34,2258.367474
-8.38092,35,2258.77689
-5.939734,56,2259.430523
-5.741592,41,2259.930703
-4.410717,38,2260.372486
-8.307163,40,2260.845111
-13.085224,148,2262.542922
-13.371856,52,2263.139839
-15.590405,66,2263.904
-8.582531,36,2264.39366
-6.260298,32,2264.752012
-5.032785,28,2265.086332
-3.327974,22,2265.338598
-6.958917,37,2265.754911
-6.765874,37,2266.17155
-7.668486,39,2266.673497
-10.891937,47,2267.215869
-13.947881,74,2268.060766
-5.247642,34,2268.457703
-10.361516,74,2269.282073
-8.223434,43,2269.770199
-17.034045,158,2271.624413
-7.337109,42,2272.137838
-10.738676,47,2272.688365
-9.759728,38,2273.121442
-1.956387,18,2273.333839
-11.626817,58,2273.986665
-13.055003,48,2274.547555
-7.120834,36,2274.990069
-4.300386,15,2275.16653
-9.049855,44,2275.706427
-4.428702,26,2276.002637
-20.45423,109,2277.335104
-14.575309,101,2278.465923
-7.573798,78,2279.374119
-11.895096,71,2280.238559
-2.14197,18,2280.438025
-16.360884,54,2281.043622
-9.186253,42,2281.517507
-7.827858,35,2281.931342
-6.544565,32,2282.311326
-10.496463,60,2283.019272
-17.247321,208,2285.405244
-13.710253,75,2286.292956
-9.982693,47,2286.827796
-9.933377,63,2287.600786
-4.535926,26,2287.894059
-9.895154,59,2288.588845
-5.469497,29,2288.952657
-4.233234,45,2289.471106
-9.805348,45,2289.978196
-3.455232,26,2290.275089
-50.967863,300,2293.721557
-5.287519,54,2294.339341
-4.509688,30,2294.67269
-8.754392,37,2295.162692
-4.991637,29,2295.508745
-5.083668,31,2295.876025
-14.130194,73,2296.725551
-10.210377,56,2297.376505
-9.880549,67,2298.151871
-7.691494,35,2298.563975
-16.32728,150,2300.305471
-17.859499,72,2301.146036
-8.164494,35,2301.593825
-8.303096,40,2302.07942
-6.683928,32,2302.505154
-14.93506,48,2303.072844
-21.441536,300,2306.736383
-2.38261,21,2306.989706
-7.714918,40,2307.461104
-14.967806,51,2308.072354
-2.573749,21,2308.317888
-7.48543,39,2308.783986
-6.954688,35,2309.19586
-14.854933,55,2309.888392
-6.475018,26,2310.19956
-5.496444,29,2310.538127
-5.310241,28,2310.868076
-8.278584,44,2311.393624
-13.489278,49,2311.978142
-8.35474,47,2312.523696
-9.950214,44,2313.052457
-7.954923,40,2313.519156
-4.559697,31,2313.883413
-16.917472,92,2314.993026
-5.315859,30,2315.344062
-13.955672,204,2317.811582
-13.796131,52,2318.421285
-15.188349,53,2319.063672
-7.492289,64,2319.83103
-9.518645,72,2320.655746
-12.20634,47,2321.185193
-5.963416,31,2321.532664
-11.557251,212,2324.066424
-7.394113,38,2324.568879
-9.608949,38,2325.006267
-8.926456,37,2325.424173
-4.05015,28,2325.740916
-12.459186,52,2326.329153
-11.121072,48,2326.901758
-11.747781,44,2327.412343
-8.713001,40,2327.878556
-8.439936,47,2328.445
-4.437254,30,2328.791403
-4.007103,37,2329.232506
-9.011594,42,2329.728755
-3.126273,25,2330.023138
-6.243249,35,2330.430119
-2.300732,19,2330.651528
-11.501012,60,2331.36196
-3.280608,24,2331.644093
-4.55422,26,2331.955292
-6.527404,39,2332.455015
-6.404673,34,2332.861956
-4.09444,25,2333.154168
-8.246589,61,2333.889834
-3.673781,26,2334.208951
-10.57356,40,2334.697442
-12.687911,52,2335.337562
-13.732431,88,2336.421422
-14.810876,81,2337.422555
-7.898443,35,2337.839469
-5.891785,30,2338.215535
-5.244762,10,2338.35142
-17.359923,94,2339.4427
-13.092158,52,2340.033004
-8.429063,39,2340.502226
-4.919564,10,2340.623585
-7.420975,33,2341.027481
-7.460961,34,2341.444366
-9.071382,58,2342.138836
-2.570578,22,2342.414072
-4.303983,28,2342.768187
-2.424627,28,2343.11609
-6.934212,69,2344.022313
-6.562362,35,2344.444376
-4.386052,26,2344.760098
-11.933331,61,2345.498559
-6.145789,34,2345.915319
-16.769551,87,2346.942905
-15.412079,83,2347.910697
-7.891027,37,2348.366598
-10.595191,65,2349.156471
-4.985545,31,2349.520969
-11.832551,51,2350.110751
-5.136989,30,2350.4536
-5.722294,33,2350.859847
-21.755437,300,2354.567833
-5.404712,16,2354.752975
-2.556181,19,2354.969396
-14.866642,51,2355.560336
-13.983844,54,2356.201295
-13.438689,48,2356.765121
-3.343611,23,2357.034544
-27.421579,132,2358.600005
-18.00684,110,2359.964176
-11.837519,43,2360.462843
-8.412202,41,2360.955934
-4.644313,27,2361.270924
-11.277932,51,2361.876873
-8.172709,36,2362.29634
-6.054222,34,2362.700818
-10.229557,67,2363.488717
-6.531103,33,2363.890661
-12.580363,69,2364.685944
-16.565713,55,2365.307378
-4.947347,27,2365.626398
-14.125575,51,2366.227819
-6.948405,63,2367.009481
-11.117557,49,2367.609156
-4.872725,33,2368.003808
-9.679474,42,2368.501899
-7.161004,35,2368.915213
-4.491788,29,2369.255372
-10.092958,41,2369.749805
-9.881785,41,2370.242799
-2.947963,23,2370.511057
-13.313068,47,2371.062507
-3.769702,27,2371.381565
-12.032106,85,2372.372673
-3.900313,27,2372.699001
-3.179846,22,2372.955345
-9.043446,39,2373.40455
-14.231216,50,2374.027092
-8.021539,40,2374.516197
-15.57439,52,2375.146511
-12.652419,48,2375.729863
-10.769146,44,2376.26953
-2.414179,20,2376.514874
-5.52557,44,2377.055405
-5.723139,43,2377.586266
-4.992005,31,2377.959078
-7.212525,36,2378.399365
-8.170473,35,2378.827745
-12.005989,46,2379.400026
-6.413619,32,2379.799658
-10.423328,42,2380.321515
-9.519885,40,2380.802469
-11.235788,59,2381.581298
-1.749203,17,2381.793062
-5.165452,30,2382.157027
-3.814148,27,2382.511049
-8.645971,37,2382.966899
-4.678479,29,2383.320921
-8.923214,43,2383.85377
-10.248613,40,2384.339442
-12.314102,51,2384.954825
-9.966612,42,2385.476362
-12.555018,45,2386.017936
-14.423469,53,2386.672186
-9.377362,58,2387.390841
-14.971732,78,2388.346813
-10.859236,48,2388.983843
-3.310512,22,2389.250913
-12.553152,48,2389.844147
-9.352995,45,2390.384618
-15.691282,89,2391.483048
-12.591308,46,2392.044341
-6.078384,34,2392.449548
-12.259466,48,2393.038713
-3.360723,22,2393.309303
-6.449087,34,2393.725553
-6.291634,35,2394.151992
-2.606827,21,2394.405283
-3.53665,25,2394.725615
-13.633362,55,2395.392901
-9.778402,44,2395.920621
-5.68818,30,2396.333125
-18.762614,101,2397.576469
-6.521684,33,2397.97793
-4.930999,41,2398.469347
-8.772129,37,2398.923557
-11.245208,54,2399.586711
-8.809289,42,2400.08837
-8.602959,41,2400.592916
-9.751741,50,2401.206178
-8.4553,43,2401.736789
-6.824077,34,2402.155639
-1.94407,18,2402.370937
-14.497796,72,2403.277571
-6.128162,31,2403.649547
-4.233864,27,2403.984136
-8.976239,40,2404.481841
-8.992828,37,2404.935656
-12.122966,44,2405.483063
-10.428491,64,2406.267231
-4.53773,29,2406.621794
-3.60491,26,2406.939966
-5.089673,17,2407.158359
-8.409172,42,2407.675086
-9.860895,46,2408.226679
-1.900708,17,2408.433126
-7.384231,38,2408.892897
-8.34449,41,2409.397548
-10.201662,48,2409.981808
-3.689762,25,2410.282005
-13.107287,50,2410.893786
-7.525955,35,2411.375087
-7.721236,39,2411.8663
-9.014382,44,2412.397883
-11.844395,50,2413.005036
-2.447265,20,2413.250348
-12.1899,51,2413.867102
-8.874185,45,2414.413556
-4.926295,30,2414.793478
-13.18229,54,2415.458857
-3.003168,24,2415.763044
-10.28157,66,2416.584243
-10.10405,39,2417.067949
-7.278853,36,2417.526023
-8.241596,41,2418.020892
-8.661622,37,2418.48458
-6.848578,33,2418.892822
-7.436058,37,2419.338672
-10.841642,42,2419.87051
-7.181944,37,2420.326291
-7.54103,34,2420.73799
-3.785671,25,2421.04218
-9.310482,44,2421.593972
-8.616531,41,2422.095158
-12.141354,49,2422.747218
-5.886389,31,2423.121218
-13.163675,45,2423.673343
-7.193142,37,2424.117128
-5.463798,31,2424.503406
-4.929955,31,2424.875628
-9.837323,47,2425.442199
-9.933663,45,2426.013216
-15.022802,66,2426.825154
-7.173445,37,2427.280935
-4.650046,30,2427.657972
-14.938338,76,2428.586991
-7.288527,38,2429.050338
-4.890022,27,2429.377569
-9.10384,40,2429.884752
-3.884419,26,2430.202904
-11.14777,46,2430.765939
-11.478376,42,2431.282969
-1.888277,18,2431.553116
-9.225098,38,2432.016824
-3.674603,28,2432.359905
-4.759645,29,2432.716966
-9.542425,39,2433.181819
-6.975288,33,2433.591723
-3.973198,24,2433.900423
-6.155288,34,2434.305151
-4.716044,16,2434.49564
-5.191096,30,2434.870984
-6.503278,15,2435.065464
-7.788863,36,2435.499585
-3.660378,34,2435.928549
-12.840619,53,2436.593324
-6.214321,50,2437.214613
-6.336997,32,2437.606409
-11.19541,51,2438.268656
-6.723652,37,2438.730815
-13.59,65,2439.577425
-3.379593,25,2439.882162
-12.355302,68,2440.732916
-4.507042,27,2441.069415
-2.95801,30,2441.442601
-7.645927,35,2441.880832
-11.680802,50,2442.486179
-5.934057,30,2442.864377
-4.762157,28,2443.2175
-14.422961,51,2443.842771
-9.978858,51,2444.47696
-11.46109,46,2445.047085
-3.030123,40,2445.524808
-10.907308,46,2446.096617
-4.369369,29,2446.509513
-6.252137,52,2447.146867
-6.14971,31,2447.533797
-7.0379,33,2447.94872
-2.680625,23,2448.229274
-9.51448,45,2448.77479
-2.05549,19,2449.007927
-19.279295,82,2450.024593
-1.787731,17,2450.23116
-12.796856,56,2450.930218
-10.839172,41,2451.428316
-13.895399,73,2452.31125
-7.120912,33,2452.733093
-5.244389,28,2453.071189
-15.144798,111,2454.514574
-9.401314,37,2454.981325
-9.754636,46,2455.564291
-25.056716,300,2459.32516
-9.543687,44,2459.920807
-13.805138,64,2460.679778
-6.485334,32,2461.046569
-14.313024,65,2461.774067
-8.027569,52,2462.382377
-10.367536,46,2462.910981
-17.778589,95,2464.039364
-2.615444,23,2464.311664
-13.07174,53,2464.921018
-12.499287,50,2465.505319
-4.272657,35,2465.906553
-5.712548,31,2466.258184
-5.556313,34,2466.650165
-5.36732,29,2467.035351
-6.038378,53,2467.676741
-13.22847,54,2468.329124
-2.223574,18,2468.554651
-4.001538,25,2468.863985
-4.108128,25,2469.176064
-9.182937,38,2469.635886
-11.262702,48,2470.221014
-14.662408,62,2470.932067
-14.349556,78,2471.837129
-7.621919,39,2472.291653
-14.858504,81,2473.282132
-2.050221,18,2473.50357
-8.914574,48,2474.109807
-2.266954,19,2474.387066
-19.1521,104,2475.622717
-5.574191,34,2476.023671
-15.191949,55,2476.642382
-11.055864,43,2477.140114
-3.46929,34,2477.536056
-8.943638,46,2478.085124
-6.909796,44,2478.650974
-11.616975,44,2479.151454
-2.83237,27,2479.463792
-5.203441,30,2479.809069
-15.330024,75,2480.667011
-7.724703,37,2481.111371
-13.587316,48,2481.672229
-5.337399,29,2482.037248
-12.933446,50,2482.643366
-11.001163,49,2483.2289
-10.111275,39,2483.702662
-10.107558,43,2484.193499
-3.761166,25,2484.496512
-9.486667,44,2485.025187
-7.938296,36,2485.453773
-11.300795,44,2485.98166
-4.069373,29,2486.3406
-11.520059,64,2487.093459
-9.698432,44,2487.654639
-9.682734,59,2488.339837
-5.575573,33,2488.713527
-2.981031,23,2489.014972
-10.504557,47,2489.554559
-8.60817,39,2490.019493
-11.513126,48,2490.574613
-6.077737,37,2491.003325
-16.540207,68,2491.806216
-10.077039,39,2492.268659
-15.787984,56,2492.922103
-10.34663,46,2493.457162
-13.830972,56,2494.124904
-6.403775,35,2494.528798
-12.799734,79,2495.456625
-7.012526,34,2495.859515
-7.301221,38,2496.31198
-6.79596,32,2496.689939
-7.629994,34,2497.090799
-5.761901,30,2497.45256
-6.421323,33,2497.834667
-17.219904,111,2499.146228
-8.724917,43,2499.656863
-4.356278,30,2500.01291
-11.326139,42,2500.513571
-7.225417,33,2500.917714
-12.22006,52,2501.524233
-5.558369,30,2501.878109
-10.533121,47,2502.444435
-15.979376,85,2503.434435
-5.932478,30,2503.785878
-7.263802,39,2504.300274
-8.507386,36,2504.732077
-3.511521,30,2505.099245
-9.816291,46,2505.674082
-15.427149,57,2506.384438
-3.492615,23,2506.6764
-4.300783,29,2507.027516
-2.491283,23,2507.311785
-6.166121,30,2507.68154
-2.823006,33,2508.084925
-4.041455,25,2508.401109
-2.701467,19,2508.635453
-8.419086,41,2509.126976
-7.947595,36,2509.577768
-7.221962,33,2509.98424
-4.05814,34,2510.395141
-10.184345,39,2510.879408
-4.021062,30,2511.241828
-4.731941,27,2511.576118
-10.799932,45,2512.126443
-8.043755,37,2512.590319
-6.239295,35,2513.026325
-6.542666,19,2513.263719
-8.858878,44,2513.818181
-10.346925,40,2514.300603
-6.363126,32,2514.71322
-7.781424,36,2515.156336
-2.903383,24,2515.44656
-3.179589,25,2515.745601
-2.781385,20,2515.980007
-8.83735,42,2516.508111
-3.197342,24,2516.808207
-13.237336,52,2517.451933
-5.332527,28,2517.809692
-9.136287,38,2518.272834
-4.800136,27,2518.596967
-7.234884,33,2519.000611
-14.393315,53,2519.656749
-7.603204,34,2520.074228
-4.108728,26,2520.380574
-9.117124,44,2520.931174
-12.431847,71,2521.792711
-11.09001,45,2522.337552
-14.367285,66,2523.207288
-12.511146,44,2523.740368
-16.961924,88,2524.820758
-5.334404,30,2525.18511
-11.569633,75,2526.104405
-8.155156,36,2526.557076
-13.72162,53,2527.197756
-8.838113,39,2527.674045
-11.352119,45,2528.222965
-3.864345,24,2528.516726
-13.280414,53,2529.197034
-8.324283,37,2529.652003
-6.76311,32,2530.04706
-7.409734,35,2530.528282
-8.427323,37,2530.984307
-2.51855,22,2531.245641
-5.078913,31,2531.620634
-6.061309,33,2532.027084
-10.740366,48,2532.608273
-5.817736,30,2532.982272
-9.209321,38,2533.452562
-14.036166,71,2534.313324
-7.206106,34,2534.72448
-13.9442,48,2535.318168
-14.439525,61,2536.071886
-5.060305,28,2536.414923
-11.712453,48,2537.003181
-7.069671,36,2537.454381
-8.192319,35,2537.880253
-5.410346,29,2538.276196
-14.08517,50,2538.901717
-6.492063,34,2539.319599
-12.883379,45,2539.875906
-10.352772,40,2540.368082
-6.788609,48,2540.95978
-8.886455,37,2541.415693
-4.571325,28,2541.759797
-8.260643,37,2542.212561
-9.859395,39,2542.691063
-10.207202,46,2543.26281
-12.701563,52,2543.901278
-7.898413,39,2544.369605
-12.660844,48,2544.956197
-10.57196,42,2545.45662
-2.266051,19,2545.727895
-3.689293,24,2546.03948
-9.588807,40,2546.530169
-6.006053,33,2546.931797
-13.011144,51,2547.565102
-14.908695,80,2548.538239
-8.937844,43,2549.070391
-20.43836,300,2552.769243
-8.137036,38,2553.240297
-8.89827,46,2553.847672
-7.879438,35,2554.284425
-13.755713,54,2554.943663
-4.691309,27,2555.277576
-6.281252,34,2555.690444
-4.527016,31,2556.068329
-2.539243,22,2556.340021
-9.181077,38,2556.81173
-3.691363,26,2557.131747
-5.726872,39,2557.609344
-11.679911,69,2558.446992
-9.340317,39,2558.935705
-7.564566,38,2559.396472
-6.891949,38,2559.860232
-4.090172,27,2560.194911
-11.660764,45,2560.750425
-9.704762,44,2561.32309
-11.232996,76,2562.26161
-5.622263,35,2562.702297
-3.843619,25,2563.007293
-5.775056,34,2563.418203
-2.854132,21,2563.674816
-4.808581,27,2563.997952
-6.774302,34,2564.408298
-6.994477,34,2564.820221
-5.55034,32,2565.205358
-7.17211,34,2565.609023
-4.260848,25,2565.925687
-9.893472,46,2566.494933
-4.144651,26,2566.815087
-13.924611,57,2567.492534
-12.760398,75,2568.405271
-2.573468,20,2568.645889
-10.597826,48,2569.277733
-12.165512,49,2569.878124
-11.797235,44,2570.41001
-6.299802,35,2570.837851
-4.466714,42,2571.355455
-14.984154,53,2572.005886
-11.079118,49,2572.603337
-7.404142,35,2573.038499
-13.120384,48,2573.640888
-14.327587,53,2574.296567
-2.577244,20,2574.544005
-6.124467,32,2574.930399
-11.352861,50,2575.540869
-3.960552,25,2575.847079
-14.768613,77,2576.842776
-8.06531,36,2577.272861
-4.798306,30,2577.640575
-8.592113,41,2578.137506
-4.561721,26,2578.446983
-15.491685,49,2579.040136
-24.990831,300,2582.731235
-3.64577,37,2583.192002
-4.771673,29,2583.544621
-11.269437,42,2584.066144
-15.170946,77,2585.01422
-14.253055,49,2585.614585
-7.967738,36,2586.049616
-6.02704,30,2586.409835
-9.155624,44,2586.963584
-11.254719,50,2587.596775
-14.92778,52,2588.245471
-10.09575,42,2588.768669
-7.564893,37,2589.231357
-5.06425,31,2589.610369
-8.30868,41,2590.159509
-10.295829,42,2590.658396
-13.356863,56,2591.303612
-2.787993,22,2591.561763
-8.233753,36,2591.989472
-3.837133,24,2592.28967
-11.293233,50,2592.890971
-10.874787,41,2593.395541
-16.926311,104,2594.683128
-8.397696,56,2595.425847
-3.467816,27,2595.776954
-3.705931,16,2595.97102
-7.663566,36,2596.404893
-6.501424,34,2596.825791
-5.747597,39,2597.294056
-11.98428,50,2597.923118
-6.238195,40,2598.415602
-10.120906,46,2598.980577
-13.695188,52,2599.621877
-6.950797,34,2600.05019
-5.445731,29,2600.410489
-10.352388,40,2600.903472
-2.884108,21,2601.163573
-13.338515,55,2601.842761
-15.728978,87,2602.999719
-3.263446,23,2603.283181
-5.647123,35,2603.707134
-5.294459,28,2604.049746
-6.599208,32,2604.445654
-8.158343,40,2604.927666
-10.213491,46,2605.489226
-15.55784,68,2606.341093
-11.464817,50,2606.946836
-14.074409,61,2607.695438
-7.542382,40,2608.189346
-7.611081,35,2608.610764
-2.62301,21,2608.872737
-13.69832,50,2609.483267
-10.158874,46,2610.04676
-2.213398,20,2610.348816
-8.441561,36,2610.808481
-14.465699,80,2611.791946
-14.487296,79,2612.750637
-4.366085,29,2613.107477
-2.918765,21,2613.365091
-7.362158,49,2613.963652
-6.545485,32,2614.385287
-12.612358,51,2615.037388
-9.834062,65,2615.790651
-4.516528,26,2616.143355
-10.161878,46,2616.672379
-9.358653,43,2617.165026
-8.867121,46,2617.694682
-16.774613,88,2618.681446
-13.614614,71,2619.505656
-15.824888,52,2620.122476
-8.820795,42,2620.624211
-4.300555,30,2620.991199
-9.835549,61,2621.772959
-7.659964,41,2622.265696
-10.769048,48,2622.851686
-4.864999,31,2623.222692
-2.659091,21,2623.466511
-10.745697,42,2623.954725
-3.141044,22,2624.206053
-13.133834,51,2624.790678
-6.98282,37,2625.222165
-5.676482,43,2625.731832
-7.267148,38,2626.176687
-12.594508,66,2626.962664
-8.48495,38,2627.409312
-12.786523,53,2628.038826
-13.575691,99,2629.198694
-8.260058,42,2629.688562
-12.118284,53,2630.363288
-10.485735,53,2630.979793
-8.462245,42,2631.475842
-5.167065,31,2631.845825
-14.533871,77,2632.743777
-14.115814,58,2633.414773
-9.607731,39,2633.876509
-10.011508,60,2634.583173
-11.272439,50,2635.161243
-2.179023,20,2635.398866
-11.678131,49,2635.971457
-7.957025,38,2636.417275
-5.075219,27,2636.740382
-13.214009,60,2637.510903
-4.327848,27,2637.838996
-8.764097,38,2638.290537
-3.869606,31,2638.684758
-4.38585,25,2638.987947
-4.733327,29,2639.338011
-4.849298,31,2639.699544
-7.44586,38,2640.147547
-8.757289,41,2640.632221
-4.151117,27,2640.955358
-4.483302,33,2641.337797
-5.609287,33,2641.720543
-10.843045,81,2642.711729
-8.490658,38,2643.172563
-3.028397,24,2643.462336
-5.041686,31,2643.839359
-7.061892,33,2644.232208
-7.598852,38,2644.722088
-8.974536,38,2645.18886
-2.806807,23,2645.483074
-11.42783,49,2646.094151
-4.510007,13,2646.252726
-5.70544,30,2646.617068
-16.204671,87,2647.696535
-6.758419,32,2648.157327
-14.56441,52,2648.81275
-12.923013,53,2649.466295
-6.847937,37,2649.932049
-12.225014,53,2650.582273
-10.256504,46,2651.1426
-8.307721,40,2651.632493
-13.317945,55,2652.301674
-6.829214,32,2652.70057
-6.993959,33,2653.107325
-10.316062,40,2653.595534
-4.432073,26,2653.912251
-4.342596,28,2654.246359
-11.271857,49,2654.839024
-4.768691,36,2655.334166
-3.326114,23,2655.609178
-10.119364,44,2656.151688
-7.650784,38,2656.617869
-6.596208,33,2657.029768
-7.403009,38,2657.505238
-8.077039,35,2657.939277
-6.347271,43,2658.464708
-15.080742,67,2659.295552
-4.916146,28,2659.63151
-16.764747,81,2660.61513
-12.358049,56,2661.298309
-5.658072,33,2661.705452
-5.040725,30,2662.078256
-4.560275,29,2662.427324
-7.061663,34,2662.896345
-13.555684,84,2663.922667
-3.703918,27,2664.24713
-5.932824,15,2664.437515
-8.991498,38,2664.894317
-9.341635,40,2665.384998
-14.669903,68,2666.231152
-2.918062,25,2666.541855
-6.100561,33,2666.946254
-12.294767,44,2667.488807
-10.813666,48,2668.098178
-3.618529,32,2668.493123
-15.448025,52,2669.132841
-10.845075,71,2670.011887
-15.719283,54,2670.721814
-4.276421,25,2671.027
-2.919996,35,2671.457818
-5.060208,31,2671.830821
-9.440093,45,2672.387883
-5.971452,30,2672.753646
-12.30002,49,2673.355037
-13.929335,53,2674.011428
-8.540169,40,2674.500131
-5.598411,30,2674.86333
-6.869165,32,2675.254549
-6.904542,37,2675.706449
-12.381929,52,2676.343497
-5.942733,33,2676.751665
-2.256651,21,2677.009008
-7.341983,41,2677.50535
-15.19422,93,2678.694345
-7.890175,39,2679.17656
-14.508233,98,2680.407657
-2.683374,20,2680.662099
-14.93473,80,2681.640211
-3.546768,23,2681.921367
-6.737342,32,2682.310355
-7.315354,37,2682.778477
-6.736834,45,2683.332276
-12.555064,75,2684.249673
-5.109453,30,2684.631066
-12.674447,76,2685.556711
-9.170552,39,2686.036641
-10.931365,47,2686.619669
-12.236708,78,2687.613643
-5.969384,30,2687.992606
-10.301011,42,2688.509859
-17.741634,100,2689.744072
-5.335698,32,2690.141762
-7.674054,35,2690.572638
-10.038097,40,2691.071276
-6.085947,31,2691.480182
-10.804986,45,2692.036906
-9.05344,37,2692.493513
-5.458619,31,2692.870489
-3.610904,23,2693.151638
-12.32564,51,2693.781464
-6.600149,39,2694.260287
-10.652155,66,2695.09967
-7.213438,33,2695.525426
-14.049839,52,2696.17553
-7.280023,36,2696.614226
-10.707675,51,2697.252644
-7.200187,34,2697.671724
-9.849107,41,2698.185956
-11.265919,49,2698.783634
-17.016986,97,2699.955032
-12.562944,52,2700.582027
-2.036107,25,2700.891145
-12.89437,85,2701.929935
-6.523162,36,2702.381218
-15.341642,52,2703.051264
-5.751764,49,2703.639894
-2.727624,22,2703.908172
-6.540617,32,2704.307435
-12.538043,50,2704.908948
-14.111544,81,2705.89417
-7.356098,35,2706.315425
-10.074491,45,2706.855577
-12.217754,64,2707.640207
-4.825007,32,2708.044127
-5.936519,30,2708.411846
-16.900488,102,2709.653021
-17.522467,89,2710.730898
-9.029152,43,2711.264147
-7.778637,40,2711.741433
-2.917352,21,2712.006724
-12.45976,52,2712.640169
-2.188594,20,2712.88644
-3.826955,24,2713.183229
-37.072966,300,2716.868687
-11.665181,48,2717.508367
-11.465561,48,2718.0976
-9.618498,60,2718.819595
-4.911983,28,2719.159512
-12.528689,62,2719.904669
-2.6879,36,2720.346516
-12.104108,49,2720.929927
-8.095277,37,2721.386215
-11.541635,66,2722.189989
-8.049962,47,2722.774195
-7.61112,34,2723.178401
-5.033701,28,2723.523339
-3.379068,25,2723.824533
-2.481773,21,2724.083866
-7.959842,36,2724.520761
-9.996471,45,2725.06672
-8.085244,35,2725.491452
-10.292658,47,2726.109571
-20.413737,165,2728.146899
-4.027911,26,2728.465713
-6.060354,35,2728.894598
-16.332622,56,2729.583177
-15.935839,54,2730.254841
-7.738921,45,2730.809494
-6.280211,34,2731.221768
-6.867115,34,2731.624048
-13.436278,63,2732.384479
-14.72328,71,2733.247024
-8.33325,40,2733.730642
-6.528689,34,2734.157573
-2.507722,19,2734.392824
-4.85588,29,2734.736157
-12.492468,51,2735.414371
-2.961197,23,2735.693629
-4.859932,29,2736.05264
-10.447643,58,2736.747581
-5.046863,29,2737.098243
-6.859597,33,2737.502527
-4.496917,36,2737.941987
-17.202328,300,2741.657032
-4.103247,27,2741.986231
-13.4945,48,2742.577732
-3.709253,25,2742.88086
-15.815748,84,2743.920553
-10.777595,50,2744.525927
-8.664376,41,2745.035161
-22.508168,135,2746.671818
-2.889579,24,2746.957682
-15.793103,57,2747.658778
-13.997963,78,2748.632743
-16.569844,86,2749.679249
-11.419467,48,2750.268106
-3.828992,27,2750.594372
-5.291555,31,2750.963817
-12.806489,96,2752.14885
-5.894959,72,2753.036719
-4.969523,57,2753.758071
-4.042888,28,2754.124026
-9.937681,44,2754.683272
-11.730965,85,2755.742193
-15.93125,74,2756.64406
-12.258443,46,2757.212683
-5.603108,32,2757.60555
-11.621802,48,2758.192513
-11.975133,47,2758.778691
-10.127473,48,2759.437033
-16.01883,97,2760.652425
-16.785042,89,2761.761004
-3.656518,26,2762.091993
-12.08946,48,2762.717866
-11.719155,48,2763.337239
-5.685993,31,2763.73016
-8.994177,43,2764.252041
-7.327846,64,2765.059884
-9.331748,43,2765.598444
-14.30539,57,2766.373972
-7.082781,59,2767.169183
-6.18541,31,2767.561681
-9.522428,41,2768.079915
-11.443599,46,2768.651817
-6.58506,36,2769.08212
-18.634803,101,2770.333697
-6.532579,37,2770.778508
-5.855303,35,2771.203371
-36.471261,300,2774.953206
-14.887584,56,2775.634424
-12.717612,86,2776.696185
-8.136101,39,2777.1675
-5.713605,33,2777.575549
-8.974784,41,2778.110928
-13.276699,52,2778.744701
-8.417543,44,2779.28289
-9.075754,61,2780.033695
-14.15512,55,2780.705029
-3.726396,27,2781.039137
-24.418453,300,2784.806414
-3.025115,22,2785.084191
-28.648307,300,2788.743697
-16.31491,58,2789.447814
-3.134245,23,2789.778754
-8.049037,56,2790.48208
-6.987106,33,2790.885963
-16.452972,62,2791.638731
-3.046949,24,2791.937865
-12.638535,78,2792.912975
-13.586712,61,2793.6546
-8.728266,39,2794.140952
-5.999302,34,2794.560388
-6.515053,34,2794.977687
-10.146463,45,2795.539566
-6.407417,37,2795.989876
-9.302872,44,2796.547031
-13.519476,76,2797.504638
-15.063451,62,2798.28295
-30.59965,300,2801.976495
-7.565791,63,2802.740337
-19.200657,109,2804.062035
-6.859715,37,2804.524602
-4.23387,33,2804.932095
-10.954569,48,2805.577896
-3.036092,23,2805.865752
-2.559186,25,2806.180912
-6.810627,35,2806.608769
-16.104481,92,2807.750374
-14.963053,138,2809.440962
-10.726575,43,2809.972162
-7.276272,36,2810.414009
-12.719963,79,2811.384336
-31.053448,300,2815.10965
-5.848739,31,2815.490921
-7.155979,68,2816.32065
-12.904133,57,2817.022374
-15.718532,86,2818.08986
-11.918111,53,2818.742294
-2.829356,22,2819.005118
-6.395788,54,2819.677821
-11.756295,93,2820.811754
-13.872189,57,2821.496943
-6.249223,31,2821.890919
-10.72545,41,2822.407474
-5.1963,43,2822.93603
-2.178753,23,2823.22019
-14.384781,105,2824.568743
-5.628707,49,2825.160689
-9.55933,40,2825.649383
-9.133784,40,2826.139848
-10.947446,93,2827.276902
-10.302597,62,2828.042884
-6.124162,32,2828.433809
-5.548097,31,2828.820884
-14.940799,59,2829.558325
-12.732465,45,2830.109174
-7.447518,35,2830.543389
-8.315375,36,2830.985205
-14.151074,69,2831.871835
-12.727405,48,2832.471763
-11.771669,54,2833.131793
-4.249936,28,2833.477399
-13.409064,45,2834.022653
-8.96252,47,2834.642298
-11.849957,44,2835.169699
-4.983471,31,2835.534933
-11.471678,44,2836.072465
-13.721235,77,2837.016571
-9.108297,53,2837.670784
-12.65137,46,2838.227787
-16.847631,125,2839.790137
-14.161205,68,2840.631206
-5.260191,32,2841.018865
-16.656501,68,2841.862966
-13.17856,80,2842.863674
-17.19373,67,2843.688382
-5.592873,33,2844.092761
-10.118053,41,2844.595133
-6.870278,36,2845.043153
-9.78254,45,2845.589841
-8.97947,78,2846.534145
-6.351638,32,2846.935508
-12.518248,44,2847.52149
-2.724711,23,2847.81802
-12.511407,55,2848.499429
-7.713257,41,2849.003055
-6.634594,32,2849.390175
-8.675422,42,2849.911666
-8.979684,37,2850.3617
-9.529142,39,2850.849397
-10.135625,40,2851.365449
-3.334663,24,2851.666923
-9.417415,45,2852.235378
-14.003847,82,2853.269486
-9.409204,40,2853.754755
-8.56337,36,2854.200899
-8.540812,40,2854.669129
-2.638722,27,2854.991484
-5.22783,28,2855.353122
-12.195209,52,2855.993297
-6.635421,35,2856.412207
-16.459381,69,2857.266242
-13.261499,57,2857.985257
-6.49744,31,2858.362592
-12.024834,84,2859.413842
-8.20365,39,2859.884184
-6.075785,33,2860.288071
-8.441862,66,2861.095659
-8.856869,42,2861.618778
-10.312646,45,2862.160453
-10.71679,42,2862.661115
-8.17026,37,2863.108698
-10.041342,40,2863.611363
-13.078518,51,2864.245731
-15.225535,92,2865.401445
-7.357749,34,2865.82194
-6.612959,40,2866.307992
-11.372379,46,2866.879383
-10.08798,39,2867.356819
-13.047595,54,2868.014981
-8.172857,76,2868.949222
-7.941258,35,2869.378075
-7.071892,33,2869.785416
-7.402161,33,2870.19353
-4.124088,27,2870.524646
-3.652223,35,2870.944493
-12.549826,54,2871.608421
-6.451352,32,2872.004361
-12.204466,71,2872.866019
-8.409392,36,2873.369696
-10.241464,40,2873.875817
-5.852816,31,2874.25563
-10.884506,41,2874.768236
-4.239346,40,2875.257913
-9.315377,43,2875.78417
-2.94834,22,2876.046497
-6.290878,32,2876.432859
-7.420919,37,2876.883293
-17.580029,95,2878.060832
-3.266359,30,2878.429732
-7.757001,38,2878.891402
-12.744988,55,2879.561155
-7.100391,36,2880.001828
-9.084725,39,2880.539614
-5.884979,31,2880.92048
-5.288337,30,2881.285021
-7.381976,41,2881.782661
-4.908725,28,2882.133137
-4.644449,32,2882.53274
-8.177423,35,2882.950364
-13.966582,48,2883.534837
-10.170496,60,2884.294549
-9.568549,44,2884.837007
-6.404173,31,2885.217098
-8.723973,37,2885.66889
-6.98336,33,2886.061465
-11.593079,43,2886.597003
-8.354201,40,2887.084107
-3.600834,27,2887.417859
-13.054843,52,2888.084092
-5.002019,38,2888.569821
-7.029453,34,2888.993523
-11.812262,49,2889.590925
-5.39463,33,2889.994398
-6.050971,46,2890.577037
-11.612764,54,2891.237462
-14.742325,70,2892.099332
-3.685522,28,2892.457503
-6.084482,31,2892.837495
-6.316129,33,2893.238611
-7.83758,36,2893.677239
-12.071088,50,2894.298577
-14.364051,81,2895.282436
-15.586869,54,2895.998687
-14.048931,56,2896.705399
-6.780611,37,2897.157504
-10.453404,48,2897.749331
-8.359331,36,2898.186263
-3.66376,29,2898.550255
-11.183371,48,2899.1609
-3.078551,22,2899.42619
-10.77341,60,2900.161294
-15.966141,107,2901.478226
-13.185214,63,2902.263521
-5.638181,33,2902.666952
-11.638765,43,2903.211112
-11.347489,48,2903.851399
-2.499148,19,2904.089582
-5.203548,30,2904.458764
-3.626842,33,2904.852898
-10.35856,46,2905.424
-12.338451,51,2906.053994
-10.408851,41,2906.55889
-5.663223,30,2906.943861
-6.335328,35,2907.382481
-3.656184,26,2907.71714
-8.292213,42,2908.249331
-4.611273,33,2908.682952
-9.181554,66,2909.536644
-14.418259,76,2910.493085
-12.005969,58,2911.162472
-10.823141,42,2911.673628
-8.638331,36,2912.106711
-3.040097,22,2912.377719
-10.286656,44,2912.916556
-13.208594,71,2913.787704
-20.715465,122,2915.296525
-11.116523,49,2915.89994
-11.425406,46,2916.452393
-7.078523,37,2916.905182
-8.749245,38,2917.35728
-7.025467,34,2917.791502
-15.977346,95,2918.975859
-2.916329,21,2919.249098
-4.219181,26,2919.562092
-8.942742,44,2920.121179
-9.742712,41,2920.634497
-10.62845,41,2921.123493
-11.41142,48,2921.709638
-15.0624,109,2923.176686
-3.910341,29,2923.525782
-11.862745,51,2924.170875
-6.340284,34,2924.589732
-8.01024,35,2925.032668
-12.36034,44,2925.593297
-9.821246,39,2926.082538
-9.657429,46,2926.650242
-15.139783,89,2927.773307
-7.224523,37,2928.243935
-10.840221,41,2928.765345
-9.825749,42,2929.270024
-8.739272,42,2929.83648
-6.786941,37,2930.307359
-2.684101,20,2930.554547
-11.742778,49,2931.156036
-5.944489,33,2931.560953
-6.250396,35,2932.000564
-8.082778,39,2932.486242
-11.707967,45,2933.043236
-13.460361,48,2933.638149
-9.292267,39,2934.123647
-11.152932,49,2934.772362
-10.746236,43,2935.320895
-7.927516,39,2935.783653
-9.687214,45,2936.302005
-7.564178,38,2936.753317
-8.508172,38,2937.22299
-9.691923,41,2937.679951
-6.342388,33,2938.05099
-7.028336,14,2938.211531
-13.655478,75,2939.098571
-14.080448,80,2940.069607
-10.206281,44,2940.586262
-12.076968,46,2941.137551
-10.133292,47,2941.684665
-3.344934,38,2942.131565
-2.665066,9,2942.239249
-5.230747,34,2942.686368
-7.551855,43,2943.197975
-8.619219,36,2943.619313
-8.471102,37,2944.065746
-10.928596,42,2944.59005
-2.863239,21,2944.850565
-7.453857,37,2945.317221
-6.555968,12,2945.463536
-2.875923,27,2945.793679
-8.115369,39,2946.242888
-5.612952,31,2946.603542
-4.377336,41,2947.094718
-3.314851,23,2947.355968
-9.947144,51,2947.991814
-8.288727,42,2948.567327
-6.203396,33,2948.986513
-3.247369,25,2949.305574
-9.088939,37,2949.759654
-6.171978,33,2950.160202
-2.922939,23,2950.442418
-7.212648,41,2950.953297
-10.924403,42,2951.464539
-9.700626,44,2952.00333
-9.955737,42,2952.514939
-5.627441,31,2952.893954
-2.8738,21,2953.148245
-12.220595,69,2953.987887
-3.057901,13,2954.146151
-6.993472,35,2954.609911
-1.982976,18,2954.8473
-12.60445,68,2955.703771
-15.680549,51,2956.331015
-6.195673,30,2956.70302
-8.178481,37,2957.155808
-9.160751,37,2957.619498
-4.317069,25,2957.917458
-5.429418,34,2958.339476
-8.849578,38,2958.798969
-5.791857,34,2959.209823
-6.655423,14,2959.380333
-8.091844,38,2959.866476
-7.531353,38,2960.33073
-3.137958,23,2960.610744
-6.811703,35,2961.032619
-10.307534,42,2961.542094
-13.159637,52,2962.21142
-13.45659,63,2962.993619
-11.221155,51,2963.615603
-7.716969,39,2964.087232
-11.211457,50,2964.702296
-7.808243,36,2965.131998
-16.57317,68,2965.979538
-14.330539,57,2966.653029
-12.204554,51,2967.29311
-6.107122,33,2967.699167
-7.820352,35,2968.136029
-9.693245,45,2968.686152
-4.482974,42,2969.202864
-7.027733,33,2969.603487
-10.570227,41,2970.159479
-11.501038,42,2970.681089
-12.264276,47,2971.255828
-10.113261,50,2971.876054
-12.09874,46,2972.449741
-12.765607,56,2973.147651
-15.271062,54,2973.803236
-12.998009,45,2974.374786
-4.936675,28,2974.717515
-7.270811,35,2975.14741
-3.53151,23,2975.427447
-7.309286,34,2975.841617
-4.113596,38,2976.308941
-6.823411,36,2976.755671
-7.048607,36,2977.19687
-5.612764,32,2977.592564
-12.711974,49,2978.239444
-5.368423,29,2978.608145
-11.714742,44,2979.198189
-6.385595,35,2979.621748
-14.14681,57,2980.311349
-13.280694,55,2980.997325
-11.91492,47,2981.563824
-5.03081,29,2981.914884
-7.273678,36,2982.37222
-4.41993,29,2982.743306
-7.906688,38,2983.206039
-8.814278,37,2983.668601
-6.751533,34,2984.082731
-6.452857,14,2984.25527
-13.429043,65,2985.071607
-5.682485,33,2985.472539
-3.839298,26,2985.79268
-14.463496,52,2986.441334
-8.359434,40,2986.94684
-4.792472,29,2987.342782
-7.020624,41,2987.854716
-2.573924,22,2988.130415
-7.054982,36,2988.577494
-14.41537,47,2989.171118
-2.300219,19,2989.399536
-5.140053,32,2989.791459
-13.503557,70,2990.663687
-9.414633,44,2991.218541
-12.504334,45,2991.797515
-8.142859,39,2992.265291
-3.865607,34,2992.693146
-6.811618,35,2993.135355
-4.370571,29,2993.48928
-2.991866,22,2993.753573
-8.434675,40,2994.250531
-14.922673,91,2995.4082
-5.839668,34,2995.826926
-9.157473,43,2996.363461
-12.409799,51,2997.002801
-5.636729,33,2997.40758
-5.675397,30,2997.780571
-8.610287,42,2998.283825
-6.011649,35,2998.714777
-10.657339,47,2999.301304
-14.355519,53,2999.947062
-13.565097,50,3000.552084
-11.742889,43,3001.080201
-5.989948,37,3001.530109
-12.674738,58,3002.239176
-12.504549,59,3002.957825
-9.760211,39,3003.442262
-16.672033,105,3004.773461
-12.923805,44,3005.315943
-7.406854,34,3005.729836
-6.380209,78,3006.69088
-14.850331,77,3007.652286
-11.03217,41,3008.142161
-7.444613,38,3008.619765
-13.478113,77,3009.571711
-4.826214,33,3009.980119
-8.249078,36,3010.447895
-5.362017,36,3010.898726
-12.712903,109,3012.242407
-6.389653,35,3012.6716
-8.550947,41,3013.175256
-4.22243,33,3013.579145
-7.119744,40,3014.101589
-9.090992,45,3014.650809
-9.488471,41,3015.145901
-6.487139,38,3015.614039
-15.961249,67,3016.430655
-11.401755,52,3017.078625
-4.334842,32,3017.469423
-11.409218,58,3018.172579
-9.692641,45,3018.722012
-15.631551,94,3019.930583
-16.732531,55,3020.624706
-1.911901,20,3020.866061
-5.813638,31,3021.247042
-7.903569,41,3021.747788
-5.279924,28,3022.091838
-9.525899,93,3023.234067
-11.258718,47,3023.808662
-7.759715,77,3024.75513
-21.091724,166,3026.796006
-13.670415,55,3027.473517
-6.202901,35,3027.91559
-12.554557,51,3028.604185
-9.659777,45,3029.157789
-7.074286,36,3029.591043
-11.761,49,3030.199568
-3.863558,34,3030.622211
-8.799672,37,3031.070012
-7.062434,36,3031.505254
-6.403735,36,3031.949167
-4.562905,28,3032.290769
-8.55815,42,3032.818685
-4.922426,32,3033.213658
-12.169773,75,3034.139154
-5.948254,32,3034.553279
-7.243547,38,3035.018036
-1.854811,19,3035.250038
-12.802237,45,3035.795982
-1.88946,19,3036.029278
-11.726924,52,3036.684124
-13.08686,53,3037.369089
-15.187848,58,3038.091587
-12.984857,46,3038.650697
-8.443153,38,3039.115496
-3.060537,31,3039.484271
-12.782708,44,3040.031848
-6.05758,32,3040.4316
-10.769673,41,3040.961684
-13.586324,54,3041.620179
-4.019675,34,3042.032348
-4.268593,25,3042.336076
-5.077814,28,3042.682393
-10.514157,49,3043.300322
-7.282957,35,3043.72454
-4.615914,31,3044.110173
-9.973147,44,3044.647749
-2.798513,25,3045.012803
-10.783244,45,3045.568932
-7.680025,39,3046.04881
-2.170068,21,3046.301136
-15.074673,79,3047.273422
-5.294048,29,3047.627417
-7.514663,43,3048.147056
-8.015786,45,3048.698553
-10.582933,64,3049.502728
-8.539493,52,3050.140052
-9.157467,41,3050.652572
-9.780858,40,3051.15185
-8.054741,40,3051.632586
-6.429439,36,3052.079361
-5.41339,30,3052.445464
-11.24379,48,3053.022822
-10.907444,43,3053.57911
-9.556913,39,3054.052966
-8.364738,40,3054.546836
-13.747885,62,3055.316778
-9.415686,52,3055.96898
-3.888353,27,3056.301122
-9.989409,45,3056.845791
-2.845944,22,3057.117039
-9.083444,43,3057.657436
-5.742149,34,3058.072651
-14.442535,80,3059.057756
-14.297194,76,3060.048477
-5.836292,40,3060.536551
-11.746562,47,3061.117077
-4.510284,30,3061.523849
-4.25178,25,3061.840442
-18.504368,215,3064.496145
-14.831642,101,3065.737261
-15.445013,53,3066.385528
-13.1464,60,3067.16668
-7.656935,66,3067.986223
-13.158183,47,3068.574253
-3.97635,25,3068.884951
-12.432572,71,3069.761063
-7.805363,38,3070.241753
-9.591476,40,3070.723764
-14.178441,94,3071.888172
-9.896885,42,3072.419363
-16.057106,101,3073.640395
-2.72926,21,3073.89272
-6.389994,37,3074.364161
-15.341585,95,3075.564886
-7.666677,38,3076.04657
-2.884918,22,3076.314797
-6.381056,74,3077.224078
-6.231003,36,3077.66789
-7.093105,35,3078.124407
-3.650637,25,3078.437466
-3.673329,28,3078.783049
-5.51317,32,3079.174288
-15.002855,70,3080.023847
-2.558626,23,3080.324045
-9.201772,42,3080.836087
-4.679739,28,3081.175176
-15.533222,57,3081.88693
-10.141759,46,3082.521223
-12.610201,49,3083.119795
-10.419094,57,3083.808744
-5.507171,32,3084.201078
-9.864661,42,3084.731484
-14.381835,84,3085.76087
-10.9236,48,3086.370662
-15.538067,82,3087.389795
-9.570449,45,3087.946306
-4.632079,29,3088.311842
-7.693238,38,3088.786347
-7.473596,51,3089.414936
-16.102168,63,3090.224714
-8.318387,43,3090.772565
-7.680326,36,3091.217462
-9.949683,44,3091.757054
-6.679574,37,3092.206717
-9.363759,40,3092.695576
-8.764585,41,3093.199075
-14.341489,57,3093.897358
-10.045894,45,3094.453325
-19.199942,166,3096.499859
-7.832362,38,3096.969636
-9.012354,37,3097.4117
-5.500724,31,3097.790752
-4.534285,28,3098.122835
-9.728642,64,3098.914955
-6.812603,54,3099.639481
-8.024603,73,3100.534639
-7.197505,64,3101.343771
-4.2254,54,3102.005925
-8.323692,42,3102.521829
-13.634945,56,3103.2276
-7.925262,36,3103.667698
-4.910156,56,3104.362711
-6.085438,31,3104.735792
-16.829527,59,3105.488366
-4.425578,27,3105.816458
-5.233726,28,3106.155028
-5.137718,13,3106.326636
-7.842643,37,3106.81764
-13.630383,55,3107.494869
-4.541424,9,3107.609562
-12.857342,66,3108.411116
-4.458379,27,3108.734221
-6.174262,60,3109.498093
-15.252842,83,3110.500513
-8.758204,41,3110.999954
-9.152096,38,3111.477904
-5.251551,58,3112.212342
-8.032078,42,3112.719703
-5.55584,12,3112.860098
-13.366129,55,3113.541013
-13.639729,96,3114.73572
-3.787971,37,3115.178725
-14.440592,50,3115.807272
-10.637437,44,3116.345897
-8.959933,37,3116.794148
-4.73117,28,3117.140887
-2.767801,22,3117.416567
-6.191977,13,3117.579927
-12.304824,47,3118.183387
-5.230599,31,3118.561347
-8.396068,43,3119.096743
-13.776828,52,3119.73401
-6.864419,33,3120.150086
-15.595681,110,3121.477138
-2.869746,24,3121.785516
-9.294922,41,3122.299895
-10.441093,47,3122.880032
-7.380892,50,3123.4909
-9.69031,51,3124.118175
-5.869595,34,3124.527942
-5.808403,31,3124.896425
-4.452806,31,3125.278379
-17.067738,94,3126.511794
-7.253315,38,3126.978288
-3.95283,27,3127.307409
-11.994591,45,3127.860747
-7.476831,15,3128.064173
-5.436859,17,3128.270842
-6.149791,31,3128.655027
-4.558621,32,3129.055681
-4.526168,33,3129.459602
-5.575035,30,3129.828346
-12.470635,47,3130.419766
-2.674634,22,3130.683125
-17.680123,66,3131.504338
-11.146188,47,3132.085417
-7.760404,37,3132.556257
-3.671008,26,3132.8774
-4.785513,27,3133.249403
-7.151965,38,3133.710203
-3.018686,33,3134.104851
-7.718434,40,3134.602864
-11.311029,57,3135.296876
-13.915684,50,3135.912669
-5.569338,30,3136.27809
-5.234255,32,3136.667022
-5.182349,36,3137.118813
-4.688226,28,3137.461082
-12.813504,52,3138.093448
-7.592302,40,3138.589756
-12.067373,52,3139.233335
-8.707125,53,3139.873495
-10.096293,43,3140.393322
-6.586908,31,3140.818711
-6.495307,35,3141.246565
-6.606123,36,3141.677629
-2.664324,22,3141.958294
-8.340859,39,3142.429874
-4.338864,25,3142.735797
-13.084684,52,3143.370622
-12.272269,88,3144.432264
-6.264666,35,3144.856101
-15.181429,87,3145.910465
-8.610403,38,3146.366275
-5.390106,30,3146.737155
-8.245796,36,3147.183947
-14.89977,55,3147.855825
-7.181809,36,3148.301773
-8.344188,41,3148.845022
-6.885212,14,3149.015557
-8.030199,37,3149.464838
-3.19881,22,3149.739025
-11.462519,49,3150.337798
-7.042781,36,3150.776574
-10.421519,47,3151.355582
-13.614372,74,3152.259791
-4.407336,28,3152.606617
-13.914125,53,3153.24606
-6.856039,14,3153.423435
-5.440451,30,3153.784714
-3.41978,25,3154.091394
-10.636091,49,3154.679479
-3.737437,42,3155.189086
-15.071675,80,3156.194751
-4.274076,28,3156.53883
-6.258717,32,3156.93153
-11.948662,48,3157.522918
-6.256539,34,3157.938356
-6.179953,37,3158.387157
-7.130177,39,3158.868681
-8.953925,43,3159.410204
-10.43863,44,3159.937371
-6.593266,38,3160.401806
-12.073057,55,3161.084979
-11.969583,54,3161.7454
-4.036511,26,3162.068831
-7.614215,52,3162.703269
-3.976113,24,3162.999844
-9.651971,45,3163.547923
-14.164391,58,3164.256225
-12.926562,81,3165.242515
-7.694445,35,3165.667349
-3.375767,23,3165.946603
-5.986833,41,3166.449919
-6.655726,33,3166.860789
-6.149281,35,3167.278151
-4.114485,25,3167.586753
-5.872603,41,3168.089409
-4.390935,36,3168.532162
-5.042938,49,3169.131598
-11.690832,45,3169.680196
-10.558719,44,3170.226766
-8.525824,40,3170.710437
-12.284735,61,3171.510574
-3.668215,26,3171.822357
-11.073802,45,3172.379673
-2.329324,19,3172.626117
-4.830849,27,3172.944299
-14.626819,57,3173.647997
-7.561341,36,3174.08785
-4.031908,25,3174.391738
-7.383079,37,3174.832131
-5.070698,29,3175.197835
-6.296169,42,3175.709377
-9.450974,38,3176.183455
-4.547269,41,3176.681858
-11.881816,58,3177.389803
-8.184367,43,3177.919728
-3.797099,35,3178.348884
-12.601095,51,3178.976789
-12.981637,48,3179.564629
-7.843897,41,3180.064658
-11.590853,42,3180.592247
-12.522703,72,3181.476023
-4.779304,28,3181.823715
-13.298458,71,3182.72546
-11.629652,49,3183.333863
-13.907584,52,3183.976199
-9.463862,43,3184.509416
-9.655217,63,3185.27609
-9.039678,44,3185.816719
-8.445367,38,3186.278894
-9.298591,42,3186.792484
-8.633267,46,3187.355957
-5.907302,37,3187.79257
-8.157458,38,3188.250271
-5.292009,32,3188.642494
-6.946295,34,3189.052354
-3.229405,24,3189.347668
-5.030394,28,3189.684072
-3.660944,26,3189.987291
-10.805486,48,3190.616915
-10.63587,49,3191.224892
-11.448961,44,3191.766459
-4.260392,25,3192.066686
-2.863169,24,3192.36087
-5.971944,32,3192.750827
-9.1075,43,3193.271406
-10.376976,47,3193.84619
-5.634586,29,3194.197254
-6.117681,31,3194.584933
-5.265715,31,3194.955215
-4.228628,42,3195.471493
-5.974533,30,3195.831018
-7.31607,38,3196.287717
-7.277481,55,3196.987771
-12.29845,67,3197.935519
-6.666305,65,3198.717431
-5.149361,37,3199.149371
-11.570956,91,3200.24145
-13.41079,52,3200.897679
-5.654357,56,3201.591792
-15.605542,55,3202.269573
-10.986339,44,3202.803492
-13.796661,60,3203.541656
-5.521425,32,3203.935452
-14.865165,50,3204.575133
-3.429922,28,3204.914144
-9.172062,41,3205.382879
-16.213536,57,3206.070421
-6.226343,31,3206.430407
-11.459943,49,3207.022794
-11.37514,44,3207.567362
-4.331816,26,3207.883794
-12.407971,48,3208.477248
-14.776371,80,3209.451229
-15.780219,61,3210.195758
-10.349825,47,3210.780413
-3.374123,26,3211.108684
-6.164675,33,3211.511278
-18.544169,99,3212.731328
-3.676098,25,3213.036797
-3.311294,24,3213.337276
-12.583004,67,3214.153847
-14.186165,61,3214.891844
-7.287715,33,3215.301845
-6.43772,31,3215.693901
-8.876225,39,3216.166934
-11.234199,57,3216.890499
-13.105281,54,3217.511063
-15.518529,52,3218.098842
-5.563818,30,3218.445806
-12.872433,77,3219.382511
-13.567223,56,3220.07435
-6.375662,36,3220.526144
-11.790908,52,3221.171158
-13.701705,56,3221.865025
-9.02074,42,3222.385911
-6.793843,35,3222.802766
-3.311389,23,3223.0878
-14.756091,53,3223.731768
-8.791696,41,3224.230979
-6.161184,35,3224.69229
-10.096214,44,3225.232728
-10.871328,61,3225.962806
-11.053272,71,3226.817155
-6.661875,34,3227.238941
-3.583912,25,3227.542655
-12.710005,57,3228.23359
-7.365656,34,3228.650719
-2.674978,23,3228.924984
-10.920153,45,3229.486557
-8.480895,42,3229.995073
-5.608495,30,3230.36611
-10.488223,43,3230.896284
-17.907045,104,3232.198453
-7.059124,33,3232.616364
-4.537853,27,3232.950444
-4.731021,27,3233.283587
-5.274536,31,3233.665785
-6.931854,33,3234.066467
-7.601588,38,3234.541378
-6.30356,33,3234.943485
-4.553941,43,3235.474059
-9.604503,39,3235.945771
-10.344516,41,3236.44975
-8.33734,36,3236.882494
-8.421719,40,3237.369461
-12.95261,57,3238.058327
-14.938592,58,3238.7777
-4.655687,26,3239.090892
-10.330345,49,3239.696456
-8.444459,37,3240.143846
-16.096463,97,3241.318424
-4.030514,25,3241.621089
-14.22878,61,3242.367238
-7.307774,54,3243.026445
-4.152922,28,3243.408635
-14.872475,67,3244.219425
-6.848537,38,3244.68494
-4.136051,25,3244.986665
-14.32849,57,3245.677703
-7.128421,39,3246.147265
-15.257872,75,3247.065587
-13.208004,50,3247.666477
-5.238022,29,3248.019703
-8.499551,39,3248.503422
-7.968178,38,3248.968416
-8.004396,36,3249.411072
-5.643069,48,3249.986533
-3.25804,24,3250.282742
-8.080715,38,3250.744836
-8.819022,39,3251.256839
-2.635314,20,3251.498074
-3.036367,22,3251.774157
-11.57546,45,3252.322932
-12.779584,52,3252.974608
-12.146927,58,3253.674532
-18.933588,136,3255.340006
-16.400795,59,3256.060833
-12.67923,67,3256.87768
-5.914463,32,3257.274836
-6.60276,33,3257.678757
-9.015984,37,3258.148935
-6.371011,35,3258.580621
-9.887696,50,3259.183783
-7.794193,47,3259.751469
-2.159205,20,3260.035766
-9.897547,45,3260.596297
-13.196241,54,3261.269051
-9.544418,44,3261.800312
-10.732455,49,3262.40624
-5.129923,29,3262.758327
-11.29397,46,3263.313949
-13.82984,86,3264.374287
-4.141425,37,3264.824207
-4.318779,27,3265.163933
-6.879015,34,3265.591049
-5.409602,30,3265.94857
-11.778937,78,3266.913221
-5.098697,32,3267.302366
-16.712297,121,3268.83012
-2.505683,23,3269.108069
-12.263774,47,3269.683306
-8.877567,48,3270.269336
-10.929478,104,3271.538415
-3.282538,24,3271.843902
-11.594745,50,3272.455157
-7.853162,36,3272.896906
-13.830189,49,3273.499154
-10.675432,77,3274.426273
-12.254189,53,3275.071065
-12.48419,108,3276.39552
-5.341271,28,3276.732588
-12.64315,58,3277.438737
-6.740537,55,3278.108232
-5.214524,35,3278.542758
-11.689957,47,3279.111625
-4.512669,28,3279.446732
-8.118368,35,3279.88013
-10.227134,40,3280.358542
-8.784451,40,3280.845587
-3.877684,24,3281.136249
-7.773144,36,3281.581996
-4.246973,11,3281.712645
-13.48208,123,3283.237677
-16.065062,53,3283.898917
-10.842106,46,3284.445832
-6.52165,39,3284.923583
-5.490202,33,3285.323874
-3.290967,25,3285.627063
-3.012591,32,3286.018166
-7.414815,33,3286.415328
-4.290498,27,3286.742608
-8.575293,37,3287.188005
-5.708083,40,3287.687924
-7.496962,34,3288.11048
-7.635255,39,3288.585393
-12.441309,47,3289.173819
-8.217712,74,3290.075155
-5.95433,34,3290.501017
-14.701954,86,3291.597917
-2.841965,24,3291.887869
-11.867582,64,3292.678864
-7.919343,36,3293.113826
-4.960605,30,3293.478879
-4.571992,28,3293.836451
-2.758873,21,3294.095752
-9.913558,40,3294.585443
-12.630359,79,3295.556593
-9.325547,41,3296.047859
-6.097498,33,3296.459201
-13.240123,49,3297.055226
-5.794184,34,3297.478979
-10.381574,41,3297.97647
-10.693933,43,3298.55345
-9.979173,45,3299.104947
-9.911415,46,3299.659493
-8.292679,37,3300.106607
-7.375965,36,3300.548277
-23.133532,300,3304.202172
-6.958965,33,3304.612105
-9.717909,44,3305.142852
-11.127106,46,3305.703434
-5.372485,32,3306.091925
-8.855301,38,3306.559513
-6.060903,34,3306.973052
-11.305606,51,3307.646018
-15.861764,69,3308.491802
-10.827192,45,3309.037056
-6.23494,35,3309.466258
-11.188972,45,3310.015414
-4.446156,26,3310.334589
-3.941894,29,3310.685452
-6.81456,35,3311.120312
-6.854696,35,3311.54618
-5.255546,28,3311.89126
-8.472996,36,3312.334171
-4.872553,28,3312.674574
-7.721988,36,3313.120652
-7.518582,56,3313.792632
-10.806216,41,3314.294794
-12.930211,46,3314.849547
-10.437262,50,3315.460247
-4.46562,29,3315.807588
-13.199639,84,3316.874188
-14.673188,50,3317.489416
-3.478237,25,3317.78315
-13.113457,90,3318.883438
-14.621624,51,3319.508253
-3.666767,25,3319.818425
-5.427464,29,3320.163967
-4.172418,25,3320.480329
-7.071701,35,3320.90743
-14.82439,131,3322.500341
-1.823347,17,3322.708386
-3.636995,29,3323.065597
-10.484447,46,3323.633291
-13.442791,74,3324.575525
-12.537143,59,3325.283497
-3.365205,30,3325.651512
-5.747101,33,3326.051443
-17.016497,72,3326.92658
-11.557103,53,3327.571453
-14.246657,65,3328.36533
-7.690273,39,3328.850423
-9.681318,42,3329.380718
-2.21975,20,3329.628286
-5.050297,35,3330.053179
-3.586485,23,3330.326266
-5.080346,27,3330.659168
-14.443027,102,3331.895359
-13.68666,49,3332.496712
-8.319076,36,3332.936728
-12.355455,46,3333.498281
-3.557856,26,3333.810588
-4.418203,30,3334.187125
-4.173868,27,3334.507239
-11.140548,48,3335.08946
-5.055875,30,3335.450494
-5.520957,33,3335.851375
-17.554069,73,3336.754168
-15.073546,66,3337.553777
-5.860624,33,3337.956574
-10.1994,41,3338.451954
-18.506822,300,3342.205878
-5.894475,32,3342.611099
-8.593504,41,3343.109793
-1.978961,18,3343.32918
-8.877224,42,3343.832865
-4.395616,29,3344.190875
-11.430558,48,3344.778974
-6.655035,36,3345.217468
-2.518599,21,3345.47321
-10.808279,50,3346.077636
-3.099024,23,3346.350934
-9.636289,41,3346.85758
-9.071326,44,3347.439523
-5.56774,29,3347.78898
-6.637417,33,3348.190876
-2.56449,20,3348.430438
-3.681204,25,3348.744608
-5.060477,30,3349.123473
-3.640632,27,3349.457579
-11.625792,43,3349.983176
-2.374564,21,3350.241489
-9.095672,40,3350.735355
-2.210082,19,3350.97272
-15.260766,89,3352.050688
-7.556747,45,3352.59617
-10.577148,47,3353.197966
-6.45099,41,3353.690847
-11.716864,54,3354.345265
-4.146834,28,3354.688318
-11.436728,43,3355.237849
-5.748612,29,3355.601505
-4.57005,30,3355.983454
-6.240461,42,3356.500654
-10.468357,46,3357.06832
-3.630881,26,3357.388463
-11.828833,53,3358.048977
-8.465438,42,3358.561079
-2.946749,22,3358.835982
-13.544971,73,3359.737941
-7.205793,33,3360.147873
-11.154491,47,3360.727338
-10.499674,45,3361.300776
-2.606307,21,3361.578404
-8.260489,39,3362.063134
-17.79314,97,3363.259168
-10.999874,42,3363.771797
-5.252633,32,3364.160416
-3.940695,28,3364.506991
-10.999541,41,3365.021801
-14.352137,71,3365.888472
-11.840577,50,3366.491444
-14.139053,51,3367.114503
-10.314384,72,3368.001684
-8.386702,37,3368.450836
-10.616306,41,3368.956846
-4.944492,29,3369.352577
-11.652127,43,3369.885183
-10.275132,95,3371.03353
-7.409225,35,3371.468079
-6.71845,36,3371.918065
-7.455248,38,3372.372935
-2.550264,22,3372.640904
-6.739164,33,3373.038839
-1.995313,18,3373.255537
-3.454135,26,3373.573686
-2.877736,22,3373.846955
-10.085774,43,3374.375051
-8.792042,37,3374.816432
-15.518794,56,3375.501486
-17.37603,66,3376.309494
-7.282671,34,3376.738076
-7.920551,35,3377.215966
-4.667566,26,3377.533146
-23.668,300,3381.22847
-7.970622,37,3381.674055
-5.027131,31,3382.046036
-24.91482,300,3385.78095
-7.838526,39,3386.24516
-5.708265,36,3386.682989
-4.375028,26,3386.996108
-11.909782,44,3387.530703
-6.078512,35,3387.966143
-3.298013,38,3388.437852
-3.597218,26,3388.745031
-4.310218,31,3389.119349
-16.282869,115,3390.560275
-9.036775,53,3391.197352
-3.336721,24,3391.488549
-11.382398,43,3392.024799
-11.958055,79,3393.037092
-10.000234,56,3393.731207
-3.948476,27,3394.060715
-8.365566,36,3394.505357
-4.526961,30,3394.880547
-7.769456,41,3395.374747
-4.107008,25,3395.673841
-11.121649,67,3396.495024
-3.485787,23,3396.772635
-10.179405,48,3397.350314
-3.987793,25,3397.660978
-1.713053,17,3397.866374
-10.574628,44,3398.40765
-7.365751,36,3398.858885
-11.147224,42,3399.398311
-5.850039,33,3399.807249
-5.430899,33,3400.250715
-7.728462,34,3400.665818
-14.141593,59,3401.396159
-9.772499,45,3401.941408
-10.4366,47,3402.519536
-20.755202,300,3406.220894
-8.502545,52,3406.865171
-17.297152,70,3407.736396
-2.011483,18,3407.951097
-12.185297,43,3408.476947
-15.673529,72,3409.360402
-14.154145,50,3409.961099
-7.82148,37,3410.414274
-3.643438,27,3410.749814
-14.524065,77,3411.725488
-9.913908,97,3412.917922
-7.855274,36,3413.361203
-2.697764,28,3413.711267
-16.351186,52,3414.342474
-10.192885,53,3415.006444
-14.705038,60,3415.740982
-6.320666,19,3415.976218
-8.183807,40,3416.46166
-12.734584,46,3417.016546
-8.033835,37,3417.461208
-5.689722,32,3417.854466
-2.272571,19,3418.092228
-4.194135,29,3418.445548
-4.56552,27,3418.780484
-5.065011,29,3419.137888
-13.323101,85,3420.180475
-13.665764,114,3421.565164
-4.846842,27,3421.917425
-4.705018,29,3422.279452
-13.204408,90,3423.426729
-5.1449,31,3423.820676
-6.926934,32,3424.22584
-12.097441,47,3424.800334
-16.543773,58,3425.506753
-12.786301,58,3426.21434
-5.460838,46,3426.788354
-13.086878,63,3427.553804
-2.845617,21,3427.815108
-5.958576,30,3428.18145
-5.915124,31,3428.55839
-10.756811,45,3429.099965
-16.592863,69,3429.938036
-8.220042,41,3430.448796
-10.062073,43,3431.0167
-14.77699,56,3431.703825
-4.836099,27,3432.04397
-14.094355,77,3432.97944
-8.896349,41,3433.472395
-10.927529,41,3433.966113
-15.16206,62,3434.727727
-3.327012,25,3435.028584
-5.278897,32,3435.420585
-3.408398,26,3435.742243
-11.338665,46,3436.294958
-14.803543,77,3437.254953
-3.902781,28,3437.598035
-14.575394,172,3439.741337
-11.644377,43,3440.265968
-3.99399,27,3440.588106
-15.305093,98,3441.779526
-8.383316,43,3442.304033
-13.031353,52,3442.945289
-6.199911,41,3443.447511
-8.24408,49,3444.041922
-12.634928,50,3444.654028
-2.627677,24,3444.962597
-2.692955,24,3445.258193
-8.964226,63,3446.031954
-12.748261,85,3447.069496
-12.317225,62,3447.877368
-6.378472,37,3448.319607
-8.699143,37,3448.794643
-3.692064,27,3449.127841
-4.130269,28,3449.461948
-7.948286,45,3450.025213
-2.124982,19,3450.262466
-8.696931,38,3450.724541
-10.415273,41,3451.231662
-1.959863,18,3451.450077
-12.921205,44,3451.993226
-5.630912,32,3452.39845
-9.494369,43,3452.941521
-3.493365,23,3453.228941
-17.02846,58,3453.926077
-2.900376,21,3454.18847
-1.897646,17,3454.39791
-7.078655,33,3454.800862
-3.550649,25,3455.111496
-12.228092,45,3455.671968
-11.361242,47,3456.296664
-14.578063,48,3456.8811
-3.793122,27,3457.250308
-14.521511,56,3457.943233
-5.795517,31,3458.337887
-22.184636,300,3462.009496
-10.872685,42,3462.525975
-23.456412,300,3466.273456
-17.95626,55,3466.946396
-13.051395,57,3467.657043
-8.283198,36,3468.111826
-5.134034,31,3468.482822
-5.994723,33,3468.887739
-6.845282,35,3469.315481
-11.360173,42,3469.845035
-10.846699,47,3470.407619
-5.757613,29,3470.761063
-10.524181,50,3471.369435
-10.799858,74,3472.289975
-10.992407,43,3472.814858
-5.810985,30,3473.192817
-5.32667,28,3473.535871
-6.802668,36,3473.982704
-7.898229,39,3474.464563
-13.178567,49,3475.059971
-4.06244,27,3475.391947
-9.359464,40,3475.886282
-5.117103,34,3476.308097
-6.578119,40,3476.799184
-14.052214,70,3477.645509
-8.110124,49,3478.238267
-16.484195,76,3479.158152
-15.366236,72,3480.055739
-7.11327,35,3480.478245
-2.641902,21,3480.726202
-4.441032,27,3481.069545
-5.599587,30,3481.439555
-8.021796,38,3481.901876
-4.739652,28,3482.2618
-8.368236,36,3482.75348
-5.965405,32,3483.144981
-5.324233,31,3483.525089
-14.72714,53,3484.181334
-11.134409,42,3484.691192
-9.70479,39,3485.164889
-4.701049,30,3485.531362
-18.957518,102,3486.787569
-16.150331,81,3487.767548
-13.872967,55,3488.45269
-6.798279,33,3488.848255
-13.143503,55,3489.510454
-7.274865,36,3489.959398
-12.786897,48,3490.606946
-5.425833,38,3491.063973
-4.386539,29,3491.409638
-11.13147,44,3491.964034
-8.687216,38,3492.432781
-5.465294,31,3492.820566
-13.370054,54,3493.46997
-4.299953,28,3493.812376
-3.562438,23,3494.107887
-2.8951,25,3494.420088
-2.81268,23,3494.717394
-2.539263,20,3494.969493
-10.393146,63,3495.732267
-17.374369,91,3496.853225
-6.507066,35,3497.278089
-8.26075,37,3497.730072
-12.367711,48,3498.361657
-13.05294,52,3498.997457
-2.608385,20,3499.246791
-7.709213,43,3499.778797
-8.57108,36,3500.219589
-14.658921,49,3500.822451
-6.997979,36,3501.276587
-10.347572,87,3502.336626
-10.66289,41,3502.845238
-12.731271,55,3503.538964
-4.688176,30,3503.901993
-4.892843,27,3504.230703
-9.654233,45,3504.784766
-8.732595,43,3505.3086
-2.761153,20,3505.558961
-9.690198,46,3506.156051
-3.837981,27,3506.489166
-4.313996,26,3506.808284
-13.470741,52,3507.446135
-16.56453,93,3508.577445
-8.562492,37,3509.027352
-9.790421,60,3509.76793
-11.778054,69,3510.611181
-10.163672,46,3511.179584
-4.421814,26,3511.509729
-9.362609,60,3512.244488
-9.424024,45,3512.791257
-7.661905,36,3513.221837
-17.703293,56,3513.959848
-2.604277,21,3514.216205
-5.143912,32,3514.602176
-5.445523,34,3515.022215
-4.725237,33,3515.42813
-7.344749,37,3515.881908
-9.986087,46,3516.453733
-10.030783,39,3516.925281
-7.505354,35,3517.362841
-8.480044,44,3517.916692
-10.963616,41,3518.419347
-6.897523,35,3518.844164
-6.168051,32,3519.225657
-7.014569,28,3519.568321
-4.47018,29,3519.931639
-12.737731,53,3520.576306
-9.644978,40,3521.071804
-14.232172,47,3521.646847
-11.726399,85,3522.676524
-9.074695,40,3523.170099
-8.334663,40,3523.658323
-5.958439,31,3524.041568
-6.55706,32,3524.427566
-7.503369,36,3524.883433
-6.154975,34,3525.297943
-5.452155,20,3525.53742
-16.517314,58,3526.263883
-7.801449,36,3526.70442
-11.571109,74,3527.602883
-8.057718,35,3528.053959
-5.058354,30,3528.426162
-5.236816,19,3528.69197
-6.831269,33,3529.10287
-3.213406,26,3529.421432
-5.668463,29,3529.7695
-4.828481,27,3530.102178
-9.51429,45,3530.659686
-9.631219,39,3531.135056
-4.198582,25,3531.434182
-1.606598,17,3531.641439
-11.156749,51,3532.270294
-12.318573,44,3532.813841
-14.376044,105,3534.111028
-5.364912,31,3534.501742
-22.49717,266,3537.772835
-6.640733,37,3538.221628
-6.059404,61,3538.972013
-3.280992,27,3539.30216
-8.118218,35,3539.724744
-5.894911,34,3540.169562
-10.275141,40,3540.660892
-7.745358,36,3541.101823
-6.346424,60,3541.824289
-6.773323,33,3542.230669
-4.329507,30,3542.595854
-7.512783,34,3543.026735
-6.170869,67,3543.848503
-9.942792,46,3544.408036
-2.475489,20,3544.647367
-2.165258,21,3544.91162
-11.560526,54,3545.57756
-14.013954,55,3546.257178
-10.937489,45,3546.810777
-4.355931,27,3547.162632
-6.921,33,3547.579165
-8.654382,38,3548.074838
-12.686518,51,3548.70771
-18.180021,166,3550.784222
-5.06053,29,3551.153631
-14.076678,68,3551.993343
-15.227073,50,3552.606391
-9.290075,53,3553.25195
-15.0146,51,3553.870244
-7.798988,49,3554.469516
-5.484333,39,3554.936407
-9.888776,39,3555.412106
-9.461795,44,3555.950979
-11.346522,49,3556.547884
-6.654562,34,3557.019619
-12.016658,45,3557.570175
-8.927652,38,3558.02496
-9.991705,48,3558.61674
-6.666403,15,3558.800249
-6.083994,32,3559.19115
-3.620014,25,3559.489419
-3.947377,25,3559.797766
-5.395629,38,3560.275641
-4.708948,26,3560.592607
-8.431682,41,3561.107127
-9.865101,60,3561.84276
-12.303576,71,3562.70593
-12.688017,101,3563.935188
-12.207108,46,3564.534186
-4.600695,31,3564.922688
-2.120629,20,3565.17219
-10.113736,45,3565.729494
-13.448792,63,3566.494517
-1.909067,19,3566.724167
-11.153685,43,3567.251396
-5.753886,31,3567.632078
-5.966749,39,3568.109993
-3.689623,30,3568.478144
-13.676169,53,3569.12501
-8.270812,44,3569.654593
-9.050346,42,3570.169217
-7.583922,35,3570.601698
-14.669932,53,3571.257943
-8.401147,37,3571.710704
-2.357037,21,3571.966689
-14.62779,49,3572.569078
-9.170383,37,3573.026639
-8.50315,39,3573.497266
-12.846239,57,3574.195084
-7.438083,36,3574.63531
-4.006152,25,3574.942179
-2.257039,18,3575.159745
-5.321263,30,3575.534367
-3.696312,24,3575.824561
-3.845844,27,3576.217539
-2.264953,21,3576.479809
-9.660514,44,3577.028877
-4.394601,26,3577.352913
-11.91832,51,3577.971347
-9.053639,45,3578.5222
-6.318841,32,3578.912702
-11.42475,47,3579.492714
-7.903113,39,3579.979806
-2.925831,34,3580.3937
-7.600021,39,3580.872805
-3.30986,24,3581.169981
-3.601151,24,3581.468899
-4.631261,29,3581.814307
-4.66842,17,3582.019319
-8.123217,58,3582.733482
-11.320786,47,3583.313256
-3.406192,25,3583.637392
-11.089688,46,3584.224987
-5.452189,30,3584.590449
-9.150253,42,3585.097112
-12.048966,50,3585.709791
-8.402433,55,3586.395784
-15.55288,52,3587.036369
-2.743623,24,3587.333573
-10.636434,40,3587.815922
-5.133093,28,3588.166939
-11.647192,48,3588.761624
-5.322976,30,3589.150145
-7.117153,35,3589.581624
-14.590732,58,3590.305234
-16.444908,72,3591.186866
-4.282582,26,3591.498897
-6.260568,21,3591.755044
-5.918608,34,3592.173472
-5.988691,31,3592.552486
-7.042019,36,3592.98987
-7.723683,21,3593.244219
-5.928638,34,3593.662102
-4.103465,28,3594.008051
-2.511642,21,3594.272344
-4.517132,28,3594.616981
-9.984528,46,3595.162185
-11.857505,49,3595.75238
-7.33937,36,3596.196044
-7.894917,45,3596.749513
-10.395577,43,3597.275925
-13.201241,56,3597.95208
-6.281352,31,3598.335532
-1.737489,18,3598.558281
-8.951441,41,3599.112827
-14.232841,62,3599.866875
-3.277479,24,3600.160675
-12.246088,51,3600.789057
-16.472805,72,3601.652653
-11.122392,43,3602.172909
-4.202359,27,3602.510127
-12.391889,80,3603.483374
-5.565653,35,3603.919179
-6.875677,33,3604.326092
-3.580454,26,3604.63904
-8.421319,79,3605.624406
-6.892117,32,3606.002767
-7.814425,48,3606.634609
-9.124869,43,3607.17616
-2.431523,19,3607.401586
-9.498887,66,3608.207624
-5.42577,33,3608.617587
-13.020881,53,3609.279008
-6.292169,37,3609.728774
-3.268452,22,3610.002043
-11.004417,82,3611.001775
-2.758432,10,3611.131399
-2.751157,23,3611.408686
-6.725053,36,3611.84452
-8.002693,23,3612.121773
-10.740641,44,3612.657887
-4.854966,27,3612.985506
-3.508163,27,3613.329392
-6.8299,33,3613.733603
-10.550848,43,3614.305252
-4.092422,33,3614.712164
-14.021837,55,3615.387696
-4.692194,31,3615.758134
-5.006588,33,3616.17206
-11.150117,48,3616.758833
-10.422869,40,3617.244631
-10.634411,96,3618.422854
-5.646517,34,3618.840843
-10.899589,49,3619.442283
-4.684781,10,3619.580243
-7.491183,38,3620.046228
-6.402318,41,3620.550445
-9.53305,75,3621.47363
-11.397179,48,3622.068012
-11.146043,62,3622.833139
-5.186407,28,3623.173229
-3.849255,28,3623.507365
-6.86774,36,3623.957135
-2.983282,23,3624.237967
-8.83071,53,3624.880956
-4.644737,27,3625.217057
-9.715269,40,3625.745521
-2.147008,19,3625.987872
-9.039837,54,3626.649177
-3.605331,24,3626.942661
-8.004677,36,3627.373907
-10.755457,47,3627.953429
-9.355775,41,3628.471944
-8.474881,53,3629.12252
-4.710685,26,3629.433214
-11.796397,45,3629.983186
-9.17479,43,3630.518234
-6.852751,37,3630.973191
-3.666257,27,3631.30234
-15.046801,50,3631.905926
-12.291108,51,3632.526296
-10.715104,46,3633.132784
-18.217322,100,3634.384216
-4.220493,25,3634.69137
-10.578399,41,3635.207208
-5.383559,28,3635.543309
-8.563983,40,3636.026588
-2.049395,20,3636.273927
-9.808826,61,3637.033842
-12.327766,61,3637.767891
-4.009793,26,3638.080289
-11.492345,73,3638.963926
-6.892023,57,3639.6612
-5.169668,32,3640.049162
-5.694682,30,3640.417986
-12.199447,51,3641.040331
-7.132821,33,3641.450229
-16.804131,125,3642.993248
-5.363114,33,3643.401405
-10.934895,45,3643.945949
-5.229332,29,3644.295286
-3.479255,23,3644.575566
-11.795141,63,3645.342706
-12.602911,52,3645.988093
-6.644277,37,3646.439886
-4.979029,29,3646.793878
-10.88624,47,3647.374956
-11.430879,47,3647.944219
-11.083436,48,3648.572924
-6.855126,38,3649.041383
-4.909786,31,3649.427685
-7.261643,38,3649.893898
-10.372622,46,3650.46003
-12.455585,45,3651.015536
-9.022694,37,3651.468833
-11.683146,49,3652.060812
-9.975055,40,3652.556804
-8.215535,39,3653.05009
-12.143154,76,3653.977003
-6.555239,58,3654.691494
-13.595087,55,3655.372278
-15.129907,51,3656.036298
-5.601601,30,3656.413257
-13.380247,47,3656.983485
-12.553463,44,3657.537312
-11.235889,60,3658.260528
-3.888984,25,3658.570379
-12.173465,52,3659.199519
-5.49052,33,3659.619944
-10.672749,40,3660.105289
-6.741344,37,3660.555087
-12.954881,49,3661.156449
-3.28945,24,3661.47637
-6.098618,30,3661.842389
-6.044914,30,3662.216073
-13.81107,65,3663.017565
-9.112671,42,3663.530544
-7.066489,36,3663.965411
-11.320759,44,3664.556626
-3.945426,28,3664.888738
-4.974347,33,3665.29414
-10.293268,53,3665.950222
-7.035799,37,3666.404541
-10.300128,44,3666.94336
-7.624169,35,3667.378507
-6.326338,30,3667.740961
-10.317332,53,3668.386681
-9.825694,45,3668.933146
-8.761722,40,3669.416934
-3.72367,28,3669.757689
-11.458612,58,3670.46049
-11.415504,54,3671.127533
-10.533233,47,3671.724067
-4.875893,27,3672.055187
-3.831028,25,3672.357381
-4.828865,28,3672.693563
-6.012497,31,3673.070475
-10.321347,45,3673.67167
-14.407641,56,3674.364202
-9.039657,37,3674.816807
-6.415356,33,3675.220725
-6.69012,34,3675.634104
-11.195954,57,3676.340897
-2.827358,23,3676.624081
-9.081664,43,3677.144717
-11.512402,47,3677.724143
-4.803315,27,3678.053682
-6.041414,20,3678.316945
-11.383007,42,3678.835088
-11.498059,43,3679.356097
-10.059497,45,3679.907594
-9.151829,37,3680.368677
-7.822956,41,3680.877699
-8.515373,52,3681.547936
-5.818456,30,3681.916776
-4.212302,25,3682.221948
-10.579752,43,3682.743874
-5.034429,29,3683.101623
-9.814903,43,3683.641372
-8.619354,42,3684.150447
-11.259618,42,3684.679058
-11.234567,49,3685.283753
-5.006756,39,3685.775003
-13.458403,62,3686.545154
-13.022952,51,3687.165494
-15.159676,48,3687.753368
-10.642094,45,3688.304233
-7.660941,36,3688.747272
-3.283413,23,3689.026525
-14.920651,74,3689.926011
-9.797324,64,3690.756584
-3.77669,40,3691.254007
-11.982354,52,3691.893134
-8.156494,35,3692.327127
-6.526694,34,3692.740587
-4.371535,29,3693.099125
-8.776524,40,3693.598695
-14.756415,67,3694.437657
-7.834557,53,3695.090567
-8.296267,41,3695.578199
-8.835036,37,3696.026398
-12.618289,51,3696.649235
-7.78816,34,3697.082464
-11.8456,51,3697.7048
-10.084745,41,3698.254302
-8.694341,39,3698.725595
-10.143795,39,3699.20276
-5.046013,31,3699.582744
-14.355837,56,3700.259504
-5.446897,32,3700.656681
-7.7745,36,3701.101731
-2.816107,22,3701.376994
-2.203163,19,3701.613655
-2.858308,22,3701.884064
-4.020852,25,3702.19639
-3.690879,26,3702.514568
-14.921305,73,3703.418895
-18.152116,119,3704.881135
-12.04553,53,3705.550324
-4.115046,30,3705.917343
-13.627702,49,3706.520889
-14.507625,71,3707.388601
-9.769426,56,3708.082335
-7.994841,36,3708.534023
-11.62078,48,3709.123438
-10.292799,49,3709.76596
-3.543245,24,3710.054502
-10.020596,46,3710.605282
-3.215646,23,3710.887621
-2.974259,22,3711.159863
-10.191405,46,3711.745297
-11.271592,58,3712.459807
-15.950424,51,3713.084668
-9.068102,44,3713.62622
-8.227252,37,3714.072375
-4.935993,31,3714.455004
-5.611547,31,3714.843647
-9.778345,54,3715.497025
-22.803867,112,3716.856646
-4.223335,27,3717.188
-5.234149,29,3717.608626
-11.83037,53,3718.27337
-8.873082,43,3718.816036
-6.407263,35,3719.255829
-4.636006,29,3719.609727
-8.772005,36,3720.064674
-9.481544,38,3720.523018
-10.649014,44,3721.068366
-17.685413,80,3722.047958
-3.173738,22,3722.319664
-12.283471,67,3723.138883
-14.362441,48,3723.731617
-11.354206,44,3724.277157
-18.266225,90,3725.380663
-10.586535,44,3725.914815
-4.898215,30,3726.291807
-5.104197,29,3726.648851
-12.34951,72,3727.525109
-9.405881,58,3728.244733
-8.165875,35,3728.736423
-8.68253,41,3729.234657
-3.054845,22,3729.500458
-12.139402,113,3730.898615
-12.951077,59,3731.631685
-8.663224,42,3732.137346
-8.63522,39,3732.634242
-7.276697,34,3733.060435
-7.502801,33,3733.458372
-12.358053,44,3733.98283
-4.717488,30,3734.354006
-9.130427,44,3734.883105
-11.333709,56,3735.569728
-7.61138,37,3736.030398
-4.403973,29,3736.398306
-14.017213,60,3737.145811
-3.131748,22,3737.40607
-3.605826,25,3737.75499
-8.448528,51,3738.372713
-14.353394,63,3739.140739
-5.292719,30,3739.498814
-12.24455,59,3740.217725
-13.393504,55,3740.893554
-4.560177,26,3741.209844
-3.111923,22,3741.486634
-9.986484,45,3742.03943
-2.72909,20,3742.283475
-14.666887,50,3742.894644
-2.860532,24,3743.191803
-2.373851,19,3743.424182
-4.101104,28,3743.759286
-5.204257,32,3744.148412
-8.407557,36,3744.598209
-8.734464,67,3745.466972
-10.365944,26,3745.786135
-6.337069,35,3746.206113
-11.534118,46,3746.764576
-2.401578,21,3747.024851
-12.753811,53,3747.670484
-7.344216,35,3748.101669
-8.669859,37,3748.551213
-11.527015,51,3749.171091
-7.169154,34,3749.582453
-15.830265,137,3751.266227
-13.157405,73,3752.148685
-9.89348,61,3752.881559
-5.69387,34,3753.296772
-2.971565,25,3753.598963
-12.44045,43,3754.119861
-2.383417,20,3754.365175
-4.585348,30,3754.733221
-6.493206,34,3755.147113
-8.423281,53,3755.792424
-8.541053,42,3756.315746
-14.320033,88,3757.373441
-9.663142,55,3758.051424
-8.338333,55,3758.722475
-8.194425,37,3759.182496
-11.072012,41,3759.689838
-12.976796,61,3760.472768
-9.699511,71,3761.341691
-8.860917,37,3761.783658
-3.187381,22,3762.054142
-9.502861,38,3762.52384
-3.396958,22,3762.797663
-3.728005,26,3763.113746
-11.781209,51,3763.735474
-7.431847,33,3764.135434
-6.787947,32,3764.532372
-9.326441,38,3765.005314
-2.676453,20,3765.252525
-3.231243,24,3765.542718
-24.261344,300,3769.255786
-12.650376,49,3769.865916
-5.179345,28,3770.207934
-6.348756,35,3770.639301
-12.145722,51,3771.263655
-5.215828,33,3771.655075
-7.604499,39,3772.125545
-13.942081,48,3772.716016
-6.455802,34,3773.130951
-13.440974,47,3773.702
-13.873754,82,3774.722797
-3.458632,23,3775.005013
-7.209046,37,3775.451313
-13.860175,52,3776.092765
-7.612063,36,3776.539922
-12.015915,46,3777.101449
-13.372346,48,3777.682357
-6.478354,33,3778.087276
-8.44468,40,3778.568987
-13.68797,81,3779.558258
-7.930623,35,3779.980455
-5.508502,44,3780.529856
-9.929967,39,3781.005292
-9.032581,38,3781.464818
-8.732331,44,3781.998796
-3.017269,23,3782.280655
-12.279422,45,3782.82934
-6.050628,34,3783.300954
-21.437467,137,3784.962839
-12.807251,53,3785.618845
-7.563366,38,3786.071666
-7.246539,34,3786.491416
-9.683564,44,3787.033119
-11.146035,85,3788.064859
-3.383251,25,3788.372067
-3.465198,34,3788.782241
-7.0361,36,3789.216082
-11.292538,48,3789.803735
-9.835188,54,3790.448838
-13.981493,48,3791.093032
-6.730551,55,3791.768293
-7.783014,36,3792.209114
-7.54975,36,3792.647349
-5.826709,33,3793.051299
-9.574548,40,3793.544356
-6.613579,37,3793.98641
-10.947877,51,3794.612972
-17.177405,55,3795.270458
-4.515168,26,3795.594142
-6.979314,32,3795.981434
-9.754357,39,3796.457606
-11.264944,51,3797.09169
-10.739249,43,3797.614338
-5.352511,29,3797.97637
-7.864036,35,3798.397469
-15.015827,58,3799.106446
-7.655973,58,3799.819062
-13.381134,46,3800.386646
-18.023895,110,3801.721408
-13.468983,54,3802.42231
-8.31534,37,3802.874744
-16.443856,75,3803.802884
-8.537081,51,3804.421499
-12.757118,53,3805.059436
-3.863188,26,3805.372093
-8.087729,35,3805.800169
-4.579818,30,3806.158947
-7.642634,40,3806.651881
-15.967941,83,3807.652017
-9.233893,39,3808.136948
-12.031706,44,3808.679123
-4.010578,29,3809.036875
-10.980624,60,3809.800864
-4.43993,26,3810.117049
-12.787905,55,3810.786071
-12.807302,45,3811.346488
-6.102749,35,3811.775269
-7.252803,37,3812.234341
-1.853381,19,3812.468168
-14.686992,48,3813.048105
-10.14094,43,3813.584754
-7.223091,38,3814.05511
-10.804436,44,3814.592161
-11.325339,44,3815.129381
-10.601495,90,3816.213352
-10.751538,61,3816.955046
-6.918728,36,3817.387812
-6.330938,34,3817.863789
-9.531304,85,3818.896028
-6.271358,31,3819.276045
-6.074939,31,3819.647049
-4.926327,29,3820.005063
-8.725172,38,3820.463865
-5.362013,37,3820.915656
-7.51039,38,3821.379966
-5.082211,31,3821.759154
-4.214191,29,3822.112594
-2.538439,20,3822.356272
-10.368923,81,3823.337791
-11.450192,49,3823.933276
-2.250709,20,3824.179122
-5.229179,30,3824.550761
-6.601203,31,3824.927748
-4.15797,29,3825.282132
-7.284882,49,3825.881539
-17.86755,102,3827.10792
-9.559788,42,3827.620958
-5.623209,29,3827.97513
-2.886433,22,3828.244135
-9.074384,41,3828.746176
-4.666713,27,3829.118012
-10.540774,41,3829.641196
-10.297832,41,3830.141792
-8.442803,41,3830.63825
-9.806645,39,3831.118271
-6.678128,33,3831.524148
-5.695644,32,3831.922381
-3.628034,26,3832.245547
-6.991237,32,3832.637625
-13.826183,48,3833.233079
-4.436504,30,3833.607096
-15.581286,51,3834.244434
-8.580996,37,3834.69121
-4.376898,28,3835.030677
-1.715508,19,3835.261061
-10.631383,43,3835.790398
-5.745679,33,3836.190359
-9.384237,42,3836.714926
-3.731402,24,3837.005378
-2.856372,21,3837.264572
-9.751017,41,3837.769214
-1.887501,19,3838.037818
-4.13714,30,3838.415837
-12.07216,43,3838.950377
-11.030878,47,3839.520852
-3.235899,22,3839.79718
-17.335026,61,3840.55204
-4.81569,37,3841.002274
-10.533368,41,3841.511102
-6.508042,32,3841.900062
-7.997495,38,3842.365251
-10.455173,41,3842.867359
-6.440704,33,3843.270463
-7.77804,34,3843.682062
-5.220588,35,3844.103995
-5.8197,32,3844.488937
-5.768635,34,3844.908774
-3.367991,24,3845.201867
-6.751246,33,3845.635905
-2.393543,19,3845.885239
-13.816142,47,3846.452862
-3.517474,23,3846.739772
-15.423946,51,3847.366939
-4.11708,25,3847.673461
-5.746953,33,3848.083395
-7.29481,35,3848.504793
-9.067549,38,3848.979187
-4.65199,9,3849.083784
-10.824655,98,3850.278056
-10.867025,41,3850.794838
-8.855185,43,3851.318394
-13.190661,47,3851.89606
-6.047828,15,3852.072947
-9.92388,39,3852.53718
-5.010495,30,3852.90212
-8.419962,37,3853.399737
-12.615182,45,3853.948938
-8.232598,36,3854.38749
-10.377018,46,3854.945406
-9.619608,41,3855.43735
-8.340207,44,3855.980217
-8.73614,36,3856.432201
-7.024688,33,3856.83532
-10.470995,46,3857.400456
-6.254819,34,3857.813563
-11.422926,49,3858.406336
-8.409679,38,3858.871006
-10.144432,41,3859.374018
-6.884092,33,3859.770267
-5.358196,29,3860.134016
-8.827844,40,3860.622287
-3.103868,23,3860.917342
-8.595792,50,3861.535457
-9.388151,43,3862.06202
-13.463356,52,3862.69009
-13.153446,61,3863.429615
-6.167435,31,3863.820581
-5.838976,43,3864.344693
-7.284595,33,3864.745516
-5.900151,37,3865.236453
-6.042609,30,3865.592472
-4.652588,9,3865.710738
-13.19853,51,3866.323541
-7.2859,38,3866.790463
-9.550924,42,3867.2997
-7.431463,36,3867.74204
-8.959478,37,3868.193556
-9.573329,42,3868.706185
-8.530436,42,3869.229502
-9.963618,57,3869.930891
-9.340519,44,3870.462276
-5.789177,29,3870.826303
-3.748694,27,3871.155096
-9.379043,40,3871.64848
-15.167036,50,3872.24553
-8.028482,39,3872.711493
-13.472744,67,3873.538775
-12.358391,49,3874.133568
-4.711172,27,3874.466676
-10.909499,68,3875.285486
-5.23304,32,3875.680154
-4.595979,8,3875.782907
-8.228485,37,3876.233701
-2.886001,23,3876.511957
-4.517446,8,3876.611691
-2.721137,22,3876.885327
-4.55821,8,3876.981102
-18.345798,106,3878.27273
-11.533889,48,3878.863039
-7.703562,37,3879.312151
-13.255914,55,3879.977875
-10.769285,42,3880.537517
-5.428673,32,3880.935504
-12.824928,50,3881.544123
-7.01216,33,3881.952062
-2.786092,21,3882.211339
-6.201347,32,3882.601975
-5.475343,28,3882.943898
-6.912447,33,3883.352805
-5.962915,30,3883.720054
-12.239974,44,3884.255268
-4.205983,27,3884.590046
-15.804412,51,3885.217339
-2.833385,21,3885.479158
-4.102623,25,3885.782115
-4.307131,26,3886.100619
-8.90327,47,3886.680411
-12.008299,68,3887.519653
-6.670444,34,3887.935571
-5.002118,13,3888.089162
-3.809541,23,3888.361432
-5.352013,42,3888.886515
-11.437276,50,3889.55775
-7.768969,34,3889.977824
-6.281685,34,3890.393297
-11.958043,51,3891.007523
-12.576919,53,3891.655367
-7.091501,36,3892.086253
-9.807724,41,3892.590895
-2.136587,21,3892.849087
-9.18498,41,3893.350947
-7.094627,38,3893.828063
-16.709694,63,3894.594043
-6.45651,32,3894.977005
-7.574446,38,3895.443202
-9.75869,38,3895.903181
-2.692962,8,3895.995963
-11.984601,59,3896.71051
-6.841667,38,3897.168487
-10.037143,42,3897.670147
-16.737176,53,3898.367478
-10.649912,43,3898.901307
-6.937317,37,3899.351104
-7.483508,34,3899.766018
-8.203048,42,3900.272026
-5.927694,34,3900.683922
-5.749482,31,3901.072209
-10.38702,47,3901.636407
-7.238739,33,3902.048383
-2.515161,8,3902.148087
-4.470113,27,3902.477465
-7.376929,33,3902.887039
-8.132667,35,3903.312037
-13.467723,59,3904.033758
-3.939514,24,3904.317997
-6.323098,34,3904.733409
-14.751958,51,3905.343475
-6.175651,31,3905.721576
-7.705226,36,3906.160474
-15.939232,63,3906.921127
-5.766117,32,3907.353493
-13.486194,52,3907.98929
-9.378314,39,3908.470005
-12.208382,49,3909.065413
-4.976492,30,3909.430399
-7.530376,38,3909.903043
-5.820014,30,3910.269034
-5.176255,32,3910.656388
-8.512316,36,3911.100043
-7.074791,36,3911.538109
-11.681799,49,3912.13827
-10.037652,41,3912.650152
-7.680443,36,3913.083995
-5.507033,29,3913.439438
-4.032752,27,3913.771551
-7.651976,35,3914.19445
-5.238727,32,3914.586329
-6.981292,61,3915.377283
-12.268896,49,3915.967631
-6.305096,32,3916.361608
-3.889284,24,3916.652809
-9.624502,45,3917.199461
-9.141543,38,3917.651949
-11.759828,44,3918.179024
-6.248281,35,3918.601197
-7.40019,34,3919.019509
-7.498089,38,3919.478048
-7.671404,35,3919.904766
-4.457068,26,3920.226667
-11.301767,48,3920.819781
-7.1088,38,3921.283489
-5.324137,33,3921.698876
-16.905297,75,3922.609666
-5.071182,37,3923.062429
-6.564602,35,3923.491181
-14.446467,57,3924.230925
-10.281125,41,3924.730876
-3.371653,24,3925.023473
-7.892419,45,3925.566041
-13.248924,47,3926.135519
-10.480684,41,3926.634497
-5.448142,36,3927.082996
-4.60042,30,3927.445548
-15.929147,56,3928.134274
-10.998516,131,3929.736868
-6.292241,31,3930.117784
-1.979261,19,3930.350162
-14.052085,55,3931.017786
-4.240507,28,3931.355884
-3.719379,24,3931.654916
-11.401857,49,3932.239222
-11.212164,54,3932.914749
-9.505255,48,3933.544591
-2.271137,20,3933.788908
-11.145056,43,3934.319514
-2.615713,21,3934.573839
-5.46965,46,3935.131929
-3.944293,27,3935.464041
-12.193834,50,3936.069844
-4.626046,26,3936.390746
-5.12954,33,3936.800222
-8.225063,44,3937.337714
-10.884111,55,3938.007753
-12.867935,147,3939.787634
-10.023251,39,3940.280996
-14.424453,60,3941.081856
-9.006508,37,3941.535252
-16.628882,84,3942.560079
-13.940977,53,3943.206169
-8.478033,66,3944.009126
-10.354147,44,3944.553654
-14.544178,54,3945.216416
-6.814454,41,3945.722267
-15.258463,69,3946.563615
-9.025361,43,3947.082072
-8.46198,41,3947.581173
-11.166555,48,3948.160691
-8.112828,38,3948.613451
-5.549433,31,3948.994432
-2.159984,19,3949.228805
-11.413228,44,3949.765371
-4.391541,11,3949.908617
-11.63959,48,3950.482128
-17.719449,98,3951.677269
-5.793654,36,3952.11806
-10.735958,46,3952.673734
-9.901579,42,3953.201295
-2.346382,20,3953.442609
-2.722619,23,3953.721015
-3.765755,25,3954.026134
-5.358651,29,3954.393166
-8.923616,44,3954.948617
-10.292937,43,3955.470393
-3.809062,24,3955.764949
-7.413079,35,3956.198792
-15.595134,56,3956.874952
-8.422563,37,3957.325482
-15.371394,55,3957.992681
-12.167992,45,3958.5487
-11.934924,55,3959.270613
-10.143125,44,3959.800791
-11.769428,53,3960.465272
-5.685346,32,3960.860453
-9.841482,43,3961.381021
-14.968627,50,3962.005991
-13.935576,53,3962.650115
-11.178473,44,3963.185841
-5.044497,31,3963.568848
-3.933887,26,3963.882271
-10.530314,44,3964.421154
-3.211357,22,3964.697415
-12.248059,52,3965.336275
-3.578439,15,3965.522614
-10.452621,42,3966.031848
-8.940917,39,3966.516527
-2.757543,21,3966.809743
-9.46817,44,3967.355211
-3.987872,27,3967.686137
-5.625084,30,3968.044701
-1.880674,17,3968.25329
-10.038982,40,3968.744177
-5.388212,31,3969.132082
-9.377916,66,3969.932319
-7.806524,41,3970.428991
-8.194448,39,3970.906311
-7.129193,34,3971.331186
-2.950818,21,3971.592387
-6.258106,33,3971.990526
-5.100997,32,3972.378518
-6.738676,34,3972.79743
-6.176588,34,3973.214163
-3.656513,23,3973.498373
-10.380988,42,3974.020258
-15.732255,81,3975.05035
-2.850841,20,3975.297544
-13.280902,49,3975.904617
-3.671097,23,3976.185707
-11.467434,50,3976.794334
-2.834029,21,3977.047685
-11.957944,57,3977.743795
-15.576887,64,3978.525443
-14.124638,48,3979.126487
-5.881708,34,3979.5378
-2.519121,19,3979.770178
-4.730696,33,3980.17652
-8.45491,41,3980.675172
-6.3676,33,3981.078902
-5.169587,30,3981.459854
-6.732733,36,3981.900539
-7.394117,36,3982.387324
-12.449387,51,3983.000991
-5.285739,29,3983.364909
-11.139684,49,3983.964802
-6.792722,35,3984.400304
-12.822276,48,3984.986682
-7.188687,38,3985.457058
-6.936291,40,3985.936805
-4.066703,26,3986.250936
-14.266361,59,3986.991463
-8.204666,46,3987.550574
-14.338298,49,3988.147132
-6.044448,47,3988.734735
-10.272395,47,3989.306843
-3.969173,26,3989.61898
-5.415877,47,3990.243475
-1.93461,17,3990.45331
-5.323034,30,3990.818742
-5.955225,36,3991.254604
-8.409391,41,3991.747028
-6.767105,34,3992.157584
-9.949861,40,3992.64763
-14.71853,65,3993.438246
-7.542927,39,3993.921445
-14.448554,48,3994.502624
-6.835146,37,3994.950441
-10.97008,44,3995.497454
-11.414911,43,3996.025048
-11.123207,43,3996.547905
-8.893876,39,3997.017184
-7.880199,61,3997.765901
-2.691301,20,3998.013207
-8.043931,40,3998.50194
-13.763958,47,3999.08277
-6.599824,36,3999.508976
-6.995341,34,3999.920874
-8.131088,40,4000.400283
-4.689777,27,4000.734389
-6.855545,36,4001.178529
-6.664137,45,4001.728906
-10.433061,43,4002.249344
-10.186037,40,4002.731149
-8.84798,42,4003.254802
-7.261992,39,4003.725544
-12.063383,50,4004.320243
-3.659731,8,4004.418409
-5.382414,29,4004.772363
-9.235084,63,4005.539652
-5.310271,31,4005.926586
-7.373561,36,4006.364404
-4.423547,26,4006.692529
-12.28205,61,4007.426982
-6.58035,34,4007.855461
-10.197585,42,4008.358937
-8.549289,44,4008.941899
-10.874885,44,4009.475446
-4.682716,31,4009.843463
-8.451218,48,4010.423719
-12.459096,49,4011.008613
-9.546264,46,4011.564472
-8.066373,43,4012.084115
-10.111089,44,4012.61852
-2.673806,8,4012.724208
-4.827703,28,4013.068369
-10.022257,43,4013.598821
-21.747225,300,4017.231707
-6.420285,36,4017.675921
-15.753682,57,4018.369707
-9.223851,41,4018.865134
-10.896251,42,4019.375157
-2.042546,18,4019.594537
-6.304055,32,4020.039635
-7.444957,35,4020.47639
-7.083797,34,4020.893246
-6.73101,36,4021.328154
-5.192821,48,4021.911764
-11.912774,59,4022.630902
-20.472002,300,4026.310095
-9.912062,41,4026.809766
-9.980855,40,4027.298112
-6.96867,34,4027.757662
-11.529907,45,4028.31583
-9.860219,41,4028.822504
-14.942613,81,4029.812798
-7.361205,39,4030.295632
-4.994297,31,4030.67761
-12.548701,44,4031.210325
-10.331797,40,4031.700838
-10.084428,40,4032.185458
-8.462185,39,4032.663113
-9.44441,44,4033.200681
-9.44384,39,4033.674481
-4.829066,34,4034.086799
-9.775717,42,4034.612944
-9.060907,51,4035.246413
-8.046493,40,4035.728127
-5.434592,30,4036.084496
-11.35891,49,4036.688735
-5.360748,29,4037.0819
-9.459356,43,4037.595958
-7.564628,54,4038.258784
-3.631449,24,4038.559355
-13.098683,49,4039.158621
-4.772357,30,4039.52165
-6.776138,36,4039.962457
-12.828754,80,4040.930295
-14.878642,72,4041.819764
-11.122319,42,4042.357038
-13.914071,47,4042.931501
-3.00649,22,4043.201778
-8.414416,80,4044.180738
-10.707752,44,4044.770576
-3.722202,25,4045.08977
-12.365851,46,4045.649873
-3.809149,24,4045.946054
-14.462668,65,4046.749682
-7.717949,62,4047.497299
-13.941678,48,4048.109013
-8.465025,45,4048.653044
-10.79317,44,4049.189954
-3.37922,35,4049.669156
-6.824065,36,4050.097278
-9.737721,54,4050.747242
-3.853755,27,4051.0734
-2.835685,22,4051.330682
-5.024575,29,4051.675789
-14.00041,76,4052.580387
-6.80942,34,4052.980317
-2.976506,22,4053.237777
-2.740007,21,4053.498052
-3.9037,25,4053.803265
-7.079352,36,4054.234083
-8.870465,55,4054.922051
-6.905499,47,4055.485091
-12.525845,51,4056.142554
-7.713318,44,4056.679678
-14.857222,61,4057.420413
-12.599244,45,4057.954244
-5.739535,35,4058.369535
-7.30032,38,4058.818964
-20.717306,167,4060.826628
-9.754531,44,4061.347207
-6.343524,35,4061.772856
-7.110963,43,4062.307092
-12.371443,44,4062.85535
-4.770405,29,4063.193737
-8.516176,43,4063.718528
-8.678195,40,4064.202285
-14.322375,76,4065.121149
-3.781175,27,4065.444081
-8.644851,40,4065.925254
-11.069652,47,4066.488267
-11.433466,50,4067.09092
-6.980931,43,4067.655912
-3.934418,25,4067.95212
-16.508686,53,4068.578758
-11.753515,53,4069.216506
-4.592387,32,4069.599041
-3.765869,24,4069.886632
-9.003604,45,4070.430154
-4.170402,25,4070.735569
-8.910643,55,4071.401167
-13.274973,51,4072.015639
-3.389901,26,4072.32182
-3.550504,27,4072.648976
-11.300516,50,4073.260941
-12.870915,51,4073.870282
-9.024081,47,4074.450509
-10.006711,45,4074.994234
-12.361068,52,4075.681884
-5.935292,38,4076.132308
-9.248168,44,4076.665227
-9.585524,50,4077.276838
-6.890145,32,4077.660271
-5.569835,29,4078.004359
-10.109603,44,4078.55069
-4.797364,29,4078.895094
-9.860269,61,4079.645907
-4.431276,27,4079.967252
-4.13764,25,4080.267444
-3.008455,22,4080.534843
-8.975657,39,4081.003708
-4.709514,29,4081.353279
-5.476036,29,4081.696362
-10.779978,42,4082.209453
-6.17141,31,4082.591157
-16.058357,90,4083.684378
-4.624255,28,4084.066328
-3.571208,25,4084.368548
-7.41157,39,4084.841797
-6.064129,32,4085.225771
-2.056663,20,4085.469152
-7.642051,34,4085.88184
-9.25214,42,4086.384554
-7.158851,33,4086.77987
-3.30879,23,4087.054723
-2.335321,19,4087.291674
-4.389963,26,4087.600847
-6.749679,32,4087.979837
-7.093955,32,4088.360046
-5.404536,31,4088.739716
-16.845183,54,4089.37851
-11.380863,42,4089.890985
-10.128316,44,4090.416549
-6.657327,32,4090.796722
-11.775957,48,4091.383184
-13.746047,87,4092.413462
-5.452867,31,4092.78846
-7.199652,37,4093.233714
-10.742881,44,4093.80821
-13.903733,95,4094.949927
-6.121618,32,4095.331383
-13.768243,84,4096.336973
-11.485829,49,4096.927803
-10.686832,43,4097.4414
-12.191396,50,4098.036319
-13.884937,57,4098.728085
-8.587229,36,4099.157841
-2.569245,9,4099.259955
-6.840849,35,4099.684881
-6.388714,35,4100.101798
-16.18325,63,4100.849865
-11.499814,45,4101.395905
-14.973218,62,4102.141398
-13.36964,46,4102.684171
-8.848737,44,4103.256265
-7.993159,35,4103.67906
-7.512799,37,4104.123792
-4.81281,76,4105.031902
-3.527241,24,4105.321128
-10.844356,47,4105.880218
-5.390553,30,4106.235564
-5.552181,32,4106.635375
-5.631307,36,4107.071209
-9.04365,38,4107.52104
-6.841505,32,4107.899378
-7.842575,39,4108.378598
-11.156061,42,4108.883629
-11.414776,43,4109.394947
-11.239247,69,4110.223892
-8.910142,43,4110.747012
-10.287183,42,4111.252508
-5.446971,32,4111.652865
-7.444806,33,4112.082745
-11.219755,45,4112.620776
-4.643233,26,4112.937651
-13.75926,76,4113.857387
-10.450556,41,4114.352569
-11.661206,44,4114.879123
-5.899674,38,4115.34979
-11.553283,42,4115.848119
-12.074512,59,4116.545722
-2.779203,30,4116.9167
-4.124547,25,4117.210912
-8.589034,50,4117.808316
-13.219645,78,4118.734647
-2.8987,20,4118.975034
-5.520752,30,4119.341986
-5.463931,29,4119.69205
-6.505267,36,4120.135115
-6.251491,13,4120.293689
-10.583563,44,4120.809917
-20.56147,112,4122.209973
-6.094189,35,4122.629466
-5.881847,30,4122.983548
-16.749012,58,4123.689739
-8.889397,37,4124.13047
-15.151301,79,4125.077135
-4.465175,34,4125.483081
-6.108582,14,4125.652596
-10.543457,43,4126.178635
-1.951437,18,4126.398042
-8.380244,40,4126.894731
-5.65217,29,4127.237035
-13.73726,77,4128.157735
-6.339662,31,4128.52396
-12.321151,45,4129.223705
-7.586368,35,4129.656348
-2.895434,23,4129.938753
-8.568175,42,4130.45662
-9.354596,41,4131.008637
-11.663205,47,4131.578081
-10.223009,43,4132.113247
-6.069071,32,4132.512967
-3.470606,22,4132.773288
-3.701416,23,4133.056086
-8.419226,36,4133.495625
-14.149664,52,4134.127896
-14.10517,49,4134.728092
-6.009683,34,4135.138619
-3.190099,46,4135.699818
-4.28553,26,4136.009877
-10.655047,40,4136.50786
-4.494644,26,4136.823353
-2.425775,27,4137.151338
-4.403699,26,4137.464256
-9.166339,37,4137.916084
-10.331883,46,4138.46362
-11.549218,43,4139.00274
-15.927616,54,4139.689566
-3.688906,23,4139.977342
-14.211357,48,4140.583093
-5.309005,31,4140.984204
-6.171331,37,4141.435049
-11.904835,43,4141.961711
-9.89851,44,4142.472604
-7.26752,36,4142.916885
-6.548901,33,4143.306185
-4.233972,25,4143.60695
-4.202749,31,4143.990899
-11.442492,43,4144.539569
-7.934113,41,4145.059232
-3.953331,46,4145.645528
-5.220087,30,4146.021704
-13.774822,57,4146.71595
-8.787887,39,4147.264199
-3.416988,36,4147.701013
-10.873656,42,4148.221217
-10.403221,45,4148.777537
-7.3716,35,4149.209783
-6.208,44,4149.756793
-5.479396,33,4150.1721
-5.516175,30,4150.554047
-1.862546,17,4150.765456
-6.52101,32,4151.171518
-10.687532,44,4151.720007
-6.915357,34,4152.146246
-8.034176,35,4152.581949
-13.000923,50,4153.191993
-12.210556,50,4153.839295
-16.075123,67,4154.671129
-6.232944,32,4155.050085
-7.264153,35,4155.538454
-5.194738,35,4155.973243
-12.629139,50,4156.567115
-6.031441,32,4156.955626
-20.714238,121,4158.441153
-13.225561,51,4159.062377
-15.719834,64,4159.841563
-2.398631,18,4160.063732
-6.243562,33,4160.463262
-14.010063,49,4161.061347
-9.177775,38,4161.537858
-7.837993,35,4161.966741
-9.115157,42,4162.480966
-12.031474,57,4163.22239
-3.053305,21,4163.489389
-7.312465,36,4163.932648
-4.381468,37,4164.389546
-8.334125,43,4164.91416
-7.46741,36,4165.354284
-6.70635,22,4165.63057
-8.381066,42,4166.138685
-4.11801,25,4166.447012
-11.840383,47,4167.020879
-24.271326,300,4170.713153
-14.723719,52,4171.365622
-3.477289,30,4171.773461
-8.945958,63,4172.559965
-12.041118,50,4173.171517
-7.389004,34,4173.599839
-8.071994,39,4174.087387
-4.859721,31,4174.472304
-11.232988,68,4175.259231
-2.817639,21,4175.499558
-2.856402,21,4175.742906
-10.236264,71,4176.54979
-10.11112,43,4177.04476
-2.783341,21,4177.286114
-7.165409,36,4177.696018
-12.20708,47,4178.273818
-4.282643,25,4178.559801
-9.519068,52,4179.20477
-7.255009,24,4179.507965
-8.695125,56,4180.187953
-11.833448,50,4180.799577
-11.50115,48,4181.403883
-7.434152,37,4181.853651
-5.838044,30,4182.22144
-2.703098,21,4182.478303
-10.336415,46,4183.033614
-5.016525,27,4183.37071
-3.274197,31,4183.763128
-6.759603,43,4184.277939
-6.793072,37,4184.743811
-8.251523,40,4185.231519
-13.130015,79,4186.195034
-9.459679,38,4186.656885
-13.244582,52,4187.333049
-5.739404,33,4187.743779
-4.801766,29,4188.089853
-14.793854,90,4189.192626
-2.836321,20,4189.44573
-11.255006,48,4190.038825
-3.761564,25,4190.346032
-5.27762,28,4190.679113
-9.713856,43,4191.198723
-14.58384,54,4191.873087
-3.177725,22,4192.142338
-7.687608,40,4192.665035
-7.656948,36,4193.105857
-11.449274,59,4193.84989
-8.928313,39,4194.356963
-9.671742,39,4194.827938
-6.391344,41,4195.33476
-12.654225,67,4196.197018
-9.490473,41,4196.695952
-7.771593,38,4197.160353
-3.657124,24,4197.451622
-11.181946,47,4198.02755
-5.386735,29,4198.390743
-8.866497,77,4199.322058
-8.486511,36,4199.771425
-7.379153,37,4200.219618
-14.724061,63,4200.979511
-4.077853,24,4201.26668
-4.442297,28,4201.616613
-5.463669,30,4201.992636
-5.059734,28,4202.33256
-11.564553,82,4203.34032
-17.942724,97,4204.587726
-3.212618,23,4204.866011
-6.893429,50,4205.476301
-11.103863,47,4206.044777
-8.466998,36,4206.477441
-6.458461,34,4206.911518
-5.669805,31,4207.287707
-12.949233,52,4207.915635
-6.325468,40,4208.406228
-5.900758,13,4208.569206
-3.495761,25,4208.877355
-5.911162,50,4209.493864
-7.507364,38,4209.967372
-5.178958,31,4210.342341
-11.666608,68,4211.173021
-3.98542,24,4211.470275
-7.92286,40,4211.958053
-10.598192,44,4212.508981
-4.723094,28,4212.887938
-11.662832,44,4213.431679
-7.269246,39,4213.912801
-13.037942,51,4214.532875
-9.679088,43,4215.071892
-7.277328,36,4215.515044
-10.816931,46,4216.069639
-7.831296,48,4216.670543
-4.977533,30,4217.030952
-13.546339,49,4217.625995
-7.840813,39,4218.110456
-5.034193,28,4218.453086
-12.231025,50,4219.076029
-5.095468,30,4219.435745
-6.485415,34,4219.865907
-12.522044,69,4220.769374
-6.750093,80,4221.749269
-8.446202,41,4222.253615
-9.811295,41,4222.75294
-9.814175,62,4223.525607
-7.078718,67,4224.369541
-16.873475,94,4225.528443
-9.412059,38,4225.98522
-9.630074,43,4226.522307
-6.988568,38,4226.992044
-6.0124,15,4227.174561
-14.348177,51,4227.783597
-11.298169,43,4228.323042
-10.36306,53,4228.986334
-10.74618,44,4229.515531
-8.592329,37,4229.956321
-8.139341,40,4230.441993
-12.214693,65,4231.230512
-7.761353,59,4231.970169
-9.821696,40,4232.475127
-7.776964,35,4232.910903
-8.844655,39,4233.381901
-11.540584,68,4234.213506
-3.971283,25,4234.52001
-4.366096,30,4234.884065
-12.450116,66,4235.693074
-7.099262,36,4236.137742
-5.706225,29,4236.490664
-10.552297,48,4237.081522
-10.168228,45,4237.640009
-4.926884,30,4238.009608
-7.874022,17,4238.224034
-7.095129,34,4238.639658
-4.339396,31,4239.013759
-5.528951,29,4239.369051
-4.076476,24,4239.661269
-13.520194,48,4240.243513
-6.878062,35,4240.67205
-6.655516,33,4241.085945
-4.590859,32,4241.476926
-7.088811,33,4241.886831
-4.830675,51,4242.510055
-10.095695,46,4243.064923
-14.145303,53,4243.767616
-6.186813,35,4244.197996
-11.134798,49,4244.797344
-5.67813,11,4244.934977
-10.984121,49,4245.552748
-15.575293,52,4246.197025
-5.742031,30,4246.571054
-12.157636,48,4247.159742
-12.229742,79,4248.136839
-12.127388,48,4248.724035
-5.616886,35,4249.169224
-5.774641,32,4249.556328
-14.385769,50,4250.187087
-9.59545,91,4251.291752
-6.3248,38,4251.761325
-5.210349,30,4252.131055
-4.214395,36,4252.624735
-2.292803,20,4252.87706
-3.083037,22,4253.153944
-12.12678,45,4253.697095
-14.625866,54,4254.363312
-15.031341,86,4255.437054
-10.595004,46,4256.006919
-11.037183,41,4256.514024
-12.335261,51,4257.142885
-13.869421,56,4257.828403
-14.69475,75,4258.759763
-10.523481,46,4259.326478
-15.203529,51,4260.019624
-4.045062,25,4260.325164
-13.667576,78,4261.260751
-4.358151,27,4261.590868
-2.630439,22,4261.868286
-10.981391,106,4263.177191
-15.132688,140,4264.892463
-8.967035,41,4265.391195
-4.994155,30,4265.77654
-15.316865,50,4266.394066
-6.250283,39,4266.911682
-6.550529,34,4267.320589
-14.538517,54,4267.979879
-11.420582,68,4268.821533
-7.033947,33,4269.220106
-5.534208,30,4269.580144
-12.689946,48,4270.156756
-1.859865,17,4270.360997
-14.061388,49,4270.960358
-7.377683,37,4271.40721
-10.840056,53,4272.051787
-12.838946,52,4272.688598
-13.12822,50,4273.290814
-2.453611,19,4273.524446
-4.206496,39,4273.998639
-6.696827,34,4274.410854
-10.926309,42,4274.957525
-6.912241,51,4275.572346
-8.977718,39,4276.071819
-4.223844,34,4276.48272
-14.095341,68,4277.322242
-12.02602,50,4277.931613
-6.933198,33,4278.336051
-7.284915,34,4278.742598
-5.647417,29,4279.103217
-8.781901,41,4279.600407
-5.995842,31,4279.986666
-5.645942,36,4280.431506
-13.881179,75,4281.369485
-8.441501,36,4281.809194
-5.91474,32,4282.195162
-5.448641,33,4282.615245
-8.943313,57,4283.314685
-25.96137,300,4287.031224
-13.766672,81,4288.026788
-12.245754,52,4288.669961
-7.522794,38,4289.139741
-4.743137,33,4289.547303
-4.972461,31,4289.984134
-6.927057,34,4290.397477
-6.344226,33,4290.801732
-5.315815,30,4291.162766
-5.634683,30,4291.528755
-7.796637,36,4291.973051
-8.63304,71,4292.839892
-13.388408,89,4293.926986
-5.475089,33,4294.335164
-10.508157,45,4294.887849
-10.014765,45,4295.438344
-12.941099,56,4296.125242
-4.828134,27,4296.450915
-11.434603,58,4297.15897
-12.48248,53,4297.801821
-4.665301,28,4298.151181
-5.577822,32,4298.567926
-11.807686,49,4299.164193
-3.407711,23,4299.446121
-9.833404,44,4299.987643
-4.767486,29,4300.34369
-5.602196,31,4300.754836
-12.740894,70,4301.624289
-18.252881,103,4302.890184
-12.487368,44,4303.427504
-13.112475,69,4304.282563
-8.37471,42,4304.793964
-9.923895,41,4305.340086
-5.285931,10,4305.458824
-3.584345,24,4305.754375
-8.419245,39,4306.223614
-8.983302,41,4306.724882
-6.935448,34,4307.141147
-5.336639,31,4307.525415
-4.18882,25,4307.831597
-5.481609,30,4308.197959
-10.633918,57,4308.903348
-9.217017,37,4309.361749
-10.178148,59,4310.084805
-17.544562,97,4311.268729
-5.802949,32,4311.662734
-5.423435,34,4312.07666
-6.416285,31,4312.462605
-8.249453,36,4312.903303
-6.038016,37,4313.348095
-10.206264,46,4313.913625
-9.056866,57,4314.608401
-11.590401,48,4315.219036
-7.951881,36,4315.652961
-6.545532,33,4316.050767
-6.458705,32,4316.454687
-7.377601,40,4316.939417
-6.483405,55,4317.609901
-4.362849,27,4317.951695
-5.357781,28,4318.29041
-7.135491,37,4318.739179
-5.960257,34,4319.161954
-6.260726,31,4319.56285
-4.936405,29,4319.947821
-11.968841,47,4320.52827
-2.332068,19,4320.771101
-2.023914,19,4321.00981
-21.217275,58,4321.716727
-3.630903,26,4322.041408
-5.164034,28,4322.382703
-6.287347,47,4322.952211
-3.34588,25,4323.260284
-5.130492,30,4323.636307
-10.51836,45,4324.177186
-3.991902,25,4324.4842
-13.197409,51,4325.110731
-13.24057,46,4325.676189
-5.850398,30,4326.051617
-2.756172,21,4326.308418
-3.904801,24,4326.602603
-8.770878,41,4327.155618
-5.359538,29,4327.518281
-14.524777,61,4328.257113
-7.304752,36,4328.701895
-9.487951,90,4329.80086
-6.171792,39,4330.285951
-11.352805,46,4330.852465
-5.873224,38,4331.318513
-13.450567,48,4331.907097
-9.662168,41,4332.417224
-10.604079,48,4333.018882
-4.872848,28,4333.362484
-9.884909,45,4333.896253
-8.220602,36,4334.337715
-6.543576,32,4334.73263
-13.451861,53,4335.395514
-14.547777,49,4335.976695
-10.279939,58,4336.736791
-4.800264,27,4337.057933
-7.831725,40,4337.551636
-3.714693,25,4337.862844
-7.121674,39,4338.339815
-13.017617,51,4338.974604
-6.531434,32,4339.361929
-10.165797,43,4339.884353
-12.140623,80,4340.870451
-5.310559,28,4341.213538
-6.649586,33,4341.611655
-25.230525,128,4343.183766
-11.173594,57,4343.871176
-10.912446,46,4344.489743
-8.928708,39,4344.978436
-25.453814,300,4348.656858
-4.82986,29,4349.001709
-10.92107,53,4349.662505
-2.987984,22,4349.944751
-9.127984,39,4350.413497
-10.72803,55,4351.079491
-4.821602,29,4351.427839
-8.999545,40,4351.918827
-13.02962,75,4352.840814
-11.056821,48,4353.425256
-4.919138,27,4353.752449
-3.946874,25,4354.062894
-6.749518,34,4354.472078
-5.261584,29,4354.837102
-2.082024,18,4355.055518
-13.818027,50,4355.71175
-8.235032,43,4356.234322
-24.928072,300,4359.886102
-12.987288,48,4360.470386
-10.844295,47,4361.044607
-6.001726,52,4361.69456
-5.046592,42,4362.205225
-20.001232,258,4365.376144
-10.198912,42,4365.891762
-17.686957,50,4366.50166
-3.056084,22,4366.779255
-15.513213,80,4367.758069
-7.827418,54,4368.421591
-15.645592,107,4369.75673
-10.034284,75,4370.684076
-9.873007,46,4371.33031
-18.498549,124,4372.846986
-14.081817,54,4373.49918
-12.848602,57,4374.212562
-15.095573,82,4375.225105
-15.706693,91,4376.339547
-11.202991,47,4376.911573
-5.940353,66,4377.734396
-9.979267,43,4378.252291
-9.625854,39,4378.774243
-13.786005,62,4379.533266
-7.064124,48,4380.122131
-7.521149,51,4380.771046
-5.55956,30,4381.138063
-11.486555,55,4381.801772
-9.188038,53,4382.457922
-10.824939,51,4383.071712
-4.744652,26,4383.400461
-10.096761,44,4383.938992
-12.38049,50,4384.551636
-6.693569,38,4385.020277
-5.524586,31,4385.401281
-6.997161,39,4385.870463
-13.02437,56,4386.567137
-4.278989,29,4386.922755
-30.982776,300,4390.659548
-12.607806,52,4391.288272
-17.849545,88,4392.367063
-8.01952,39,4392.844459
-4.758477,29,4393.19948
-10.503011,43,4393.726072
-13.306495,51,4394.349885
-6.887858,33,4394.741812
-9.259012,56,4395.440317
-8.481877,41,4395.940506
-5.966876,32,4396.332451
-7.469538,37,4396.777266
-5.416914,30,4397.198901
-3.270524,22,4397.468207
-16.01732,54,4398.125991
-15.60034,59,4398.835854
-14.546182,65,4399.644557
-3.418941,23,4399.923437
-8.690372,42,4400.43388
-10.83251,45,4400.987686
-6.20831,45,4401.544225
-26.556509,243,4404.510487
-7.991356,38,4405.017211
-9.503315,40,4405.514928
-8.750843,42,4406.027636
-14.908133,56,4406.721049
-13.34099,98,4407.908513
-12.794761,57,4408.606555
-8.322832,51,4409.222366
-7.699516,38,4409.677491
-7.967016,71,4410.539867
-17.715496,75,4411.454392
-7.998093,37,4411.905628
-15.754599,65,4412.711809
-8.788907,18,4412.926531
-9.222169,44,4413.45606
-16.510928,105,4414.745659
-3.925618,32,4415.128461
-13.523717,53,4415.790884
-5.485489,32,4416.186851
-2.544151,21,4416.441539
-12.132911,61,4417.17912
-5.649449,29,4417.538715
-9.237885,42,4418.060771
-7.090875,57,4418.754476
-11.640746,67,4419.593996
-4.580065,34,4420.006637
-7.079751,34,4420.418506
-12.976957,51,4421.043314
-2.194516,18,4421.267715
-4.906064,27,4421.611126
-7.260983,36,4422.050697
-27.910343,300,4425.774718
-10.112017,46,4426.339896
-6.630531,32,4426.731946
-3.735514,24,4427.030141
-15.917935,106,4428.332757
-3.736954,34,4428.744563
-14.559321,59,4429.464965
-7.988564,16,4429.658449
-12.311311,52,4430.306964
-5.715476,32,4430.688942
-12.06754,67,4431.500578
-14.956743,83,4432.526708
-13.951581,31,4432.909684
-5.475009,31,4433.327351
-16.395689,47,4433.915645
-4.768945,29,4434.260756
-3.307942,24,4434.559853
-7.871958,37,4435.016756
-6.204155,30,4435.389918
-5.636354,29,4435.739983
-6.051326,34,4436.168387
-14.758127,55,4436.831985
-8.266715,36,4437.278702
-6.499989,32,4437.671871
-3.14067,23,4437.956082
-6.696679,33,4438.36646
-2.208979,19,4438.604166
-10.093956,46,4439.166954
-3.317027,24,4439.458147
-9.017918,48,4440.052382
-2.515549,20,4440.298694
-3.460057,24,4440.583538
-8.365919,37,4441.049291
-16.497596,48,4441.636282
-5.490058,30,4442.024694
-2.433436,20,4442.296966
-8.716823,41,4442.838835
-6.880304,35,4443.263663
-2.225764,19,4443.495466
-7.10549,36,4443.940259
-3.665667,27,4444.274076
-7.328308,52,4444.894388
-13.131692,51,4445.512735
-17.479758,80,4446.492065
-7.247567,33,4446.898556
-6.418123,33,4447.314957
-6.720762,35,4447.748583
-7.956074,42,4448.273025
-8.04903,36,4448.715415
-4.765946,28,4449.052051
-4.195181,36,4449.49407
-23.551013,285,4453.026644
-11.706109,44,4453.567199
-7.271725,36,4453.999198
-10.492113,41,4454.500988
-9.442979,44,4455.04295
-2.908716,27,4455.387893
-9.377205,39,4455.854751
-13.183582,50,4456.483329
-9.400956,46,4457.047887
-14.384083,55,4457.722073
-12.819724,60,4458.469084
-13.295259,51,4459.0942
-17.572973,86,4460.140246
-12.339949,52,4460.77393
-3.716775,35,4461.257238
-5.263272,30,4461.636953
-3.555143,27,4461.972942
-7.322174,39,4462.464601
-3.938439,26,4462.786737
-8.266184,37,4463.230103
-4.501122,30,4463.59411
-11.8978,45,4464.155583
-5.58286,13,4464.31416
-19.723692,115,4465.710304
-5.680787,32,4466.098058
-11.843352,50,4466.70625
-6.950379,36,4467.155176
-18.812661,68,4467.992055
-4.980006,28,4468.334007
-7.532505,37,4468.788692
-10.218647,44,4469.326655
-25.926566,268,4472.65668
-18.779557,99,4473.876139
-13.156502,52,4474.508818
-15.403387,81,4475.499675
-7.227816,33,4475.908946
-10.217257,40,4476.409606
-5.183615,28,4476.758626
-3.896474,24,4477.051585
-5.682314,32,4477.449522
-9.954193,45,4478.011019
-8.214315,35,4478.45583
-6.268219,32,4478.853765
-26.387886,100,4480.178943
-26.655285,105,4481.493762
-9.015291,68,4482.352879
-8.132964,35,4482.787714
-5.843808,34,4483.229888
-7.66512,38,4483.69664
-5.394877,29,4484.059669
-8.141002,40,4484.558134
-9.388382,42,4485.093755
-8.466042,58,4485.852496
-4.672583,58,4486.593525
-6.264024,41,4487.111388
-7.066876,36,4487.569164
-15.573737,85,4488.665112
-12.370662,80,4489.748966
-9.453911,53,4490.462059
-11.98108,48,4491.074124
-9.799025,59,4491.868
-4.44292,26,4492.208091
-9.899227,40,4492.709749
-2.076727,19,4492.954095
-13.262092,59,4493.687135
-7.2179,33,4494.11898
-8.095667,38,4494.622634
-5.969645,30,4495.015432
-13.481646,50,4495.657713
-7.936293,35,4496.116298
-3.912515,24,4496.435445
-12.972861,51,4497.088698
-8.395162,38,4497.599615
-5.819659,30,4497.987578
-13.024978,52,4498.698676
-3.140588,23,4499.001865
-15.356954,83,4500.051059
-9.7486,44,4500.590251
-16.111301,67,4501.4146
-9.987647,106,4502.733498
-8.867275,42,4503.243028
-5.808198,33,4503.647945
-12.212207,46,4504.213848
-8.827613,48,4504.802568
-1.941545,18,4505.016995
-4.89173,56,4505.704473
-8.62517,38,4506.169313
-8.611997,36,4506.617543
-8.930404,38,4507.081274
-12.350895,47,4507.697985
-7.441934,39,4508.182383
-13.776534,55,4508.846457
-14.933052,54,4509.50697
-8.076283,35,4509.936767
-6.251123,44,4510.48173
-10.828011,49,4511.08072
-5.697703,30,4511.44313
-9.886755,40,4511.947064
-9.311783,40,4512.439754
-8.775982,40,4512.93116
-5.001904,30,4513.29496
-5.375995,36,4513.739871
-7.652544,57,4514.431721
-5.687371,30,4514.789029
-10.596033,60,4515.525742
-6.428497,33,4515.940917
-10.641047,43,4516.465533
-8.105318,114,4517.905993
-16.916941,60,4518.641145
-7.142109,37,4519.088841
-8.585716,37,4519.536678
-6.325289,35,4519.962791
-10.866335,44,4520.5039
-11.665157,55,4521.171871
-16.461659,98,4522.372702
-7.552521,35,4522.813563
-3.580989,24,4523.106386
-16.108718,107,4524.414772
-11.730027,216,4527.07906
-3.558085,23,4527.350068
-10.127489,69,4528.190978
-15.986616,109,4529.5308
-12.225675,50,4530.141167
-8.240971,36,4530.580991
-9.326936,44,4531.116559
-3.664017,27,4531.47261
-18.73806,300,4535.124245
-19.9627,300,4538.830806
-9.353683,56,4539.515935
-20.081518,300,4543.192668
-7.570664,44,4543.769607
-7.606136,35,4544.200393
-26.508621,300,4547.856908
-8.644901,48,4548.44733
-9.134982,68,4549.290153
-7.815279,35,4549.723993
-12.00755,50,4550.33767
-13.883635,59,4551.051347
-5.464948,29,4551.408363
-14.669299,78,4552.357112
-13.630183,49,4552.968923
-5.498404,33,4553.379436
-7.627852,56,4554.07356
-8.008568,40,4554.564225
-10.101764,40,4555.051791
-8.942368,67,4555.890317
-8.013335,36,4556.330003
-12.945135,86,4557.390587
-12.807656,140,4559.108048
-2.543045,25,4559.411787
-13.113382,52,4560.051528
-10.045307,42,4560.568844
-9.904293,50,4561.179286
-9.661311,45,4561.742986
-3.220093,22,4562.044605
-13.207126,50,4562.670086
-14.300054,70,4563.535002
-11.101646,47,4564.104479
-8.567227,80,4565.086501
-4.768575,28,4565.435898
-8.199077,37,4565.881536
-8.772747,37,4566.340883
-10.402797,44,4566.879175
-8.058993,61,4567.632356
-6.835977,37,4568.079531
-4.625372,27,4568.41796
-3.296959,25,4568.718963
-11.536906,48,4569.308165
-7.761762,39,4569.831791
-6.966138,51,4570.466269
-7.92752,57,4571.145452
-9.712893,45,4571.70284
-10.073861,63,4572.471673
-5.756644,34,4572.885825
-4.632375,27,4573.225528
-9.322778,38,4573.703182
-6.151249,31,4574.07428
-5.645955,33,4574.481191
-2.996807,22,4574.746111
-5.521529,29,4575.09318
-5.868186,60,4575.824133
-11.713204,59,4576.545249
-11.173674,49,4577.149199
-2.283153,19,4577.385567
-11.088837,42,4577.892066
-4.404929,28,4578.247238
-8.531029,94,4579.433475
-8.421427,39,4579.916634
-4.297239,25,4580.218796
-3.267382,22,4580.482636
-27.884828,300,4584.174027
-11.395489,47,4584.746711
-16.705308,63,4585.506964
-14.663886,66,4586.30541
-7.483091,40,4586.814708
-6.642759,34,4587.252536
-5.506759,32,4587.640079
-19.757626,268,4590.917534
-7.238339,41,4591.410246
-12.277308,51,4592.041461
-10.847457,51,4592.65667
-9.047541,38,4593.121428
-3.384316,24,4593.418632
-5.475916,29,4593.781294
-10.514883,64,4594.563742
-9.077531,39,4595.05047
-10.303659,40,4595.528491
-8.738985,42,4596.041729
-12.050059,50,4596.691639
-9.061648,44,4597.234432
-14.244187,47,4597.797317
-17.428366,64,4598.579751
-7.629103,40,4599.062461
-4.763395,27,4599.400128
-9.0245,44,4599.927746
-5.451539,29,4600.281799
-16.499449,53,4600.920818
-4.202637,25,4601.225466
-12.191352,50,4601.837413
-9.058627,40,4602.323921
-4.888906,34,4602.734822
-5.866851,30,4603.112569
-6.850474,37,4603.562335
-6.497082,36,4604.002185
-16.49458,96,4605.179425
-14.683343,52,4605.879538
-8.594888,38,4606.333211
-23.940742,300,4609.98669
-11.869473,44,4610.519071
-5.987525,30,4610.886708
-8.044225,35,4611.312271
-5.025223,28,4611.658908
-10.690304,48,4612.252036
-2.843745,24,4612.548442
-6.501049,19,4612.775809
-9.002588,52,4613.437022
-3.872907,25,4613.740182
-16.127893,52,4614.363164
-6.701254,86,4615.491664
-8.656888,38,4615.960543
-3.074388,26,4616.270744
-15.029327,49,4616.862561
-8.569395,37,4617.316628
-7.620031,41,4617.824252
-13.065965,53,4618.463331
-10.553643,44,4619.001729
-10.148413,44,4619.538129
-7.999766,39,4620.020838
-3.217003,22,4620.281223
-10.031734,44,4620.828
-9.685551,45,4621.372873
-5.297118,29,4621.740906
-10.593383,43,4622.262681
-10.360004,41,4622.782815
-12.030617,50,4623.397022
-15.765625,100,4624.656886
-16.235195,52,4625.290122
-13.696389,51,4625.911682
-4.175421,26,4626.224065
-5.659553,33,4626.622174
-7.37419,36,4627.066429
-4.349567,28,4627.412112
-5.164009,28,4627.742774
-7.920286,39,4628.211707
-12.486802,62,4628.972073
-14.813109,50,4629.5869
-9.327432,43,4630.107773
-14.027707,52,4630.753661
-8.896355,38,4631.218416
-14.177457,88,4632.301238
-2.14339,18,4632.520651
-4.220887,25,4632.819202
-3.105024,32,4633.218652
-9.547233,40,4633.755217
-6.408816,20,4633.990149
-11.146949,50,4634.623011
-3.415448,25,4634.928364
-3.616841,24,4635.221563
-5.284617,33,4635.634321
-5.635807,29,4635.984023
-27.062148,300,4639.631937
-6.679292,38,4640.10727
-15.099548,50,4640.721611
-4.877614,44,4641.255271
-8.395267,67,4642.07307
-3.275653,22,4642.35347
-15.576092,52,4643.046774
-4.974119,48,4643.63668
-16.150795,55,4644.30679
-11.795552,52,4644.951456
-10.004399,45,4645.495423
-13.318453,47,4646.063376
-9.065119,41,4646.561117
-8.001645,38,4647.021854
-4.493321,33,4647.427291
-6.689595,32,4647.833203
-13.665992,54,4648.488506
-6.660152,31,4648.873065
-8.296553,37,4649.330467
-10.726777,48,4649.916542
-14.91918,51,4650.533933
-4.986714,29,4650.89393
-11.929683,50,4651.512552
-10.409161,46,4652.115819
-9.945384,40,4652.601521
-7.719524,59,4653.330966
-4.09436,31,4653.715638
-10.977153,53,4654.372541
-7.903946,38,4654.849205
-9.65804,42,4655.354324
-2.447592,19,4655.587729
-6.282218,35,4656.014559
-12.445009,61,4656.771306
-4.0866,29,4657.132015
-7.016799,37,4657.578138
-13.142148,55,4658.244264
-18.752571,66,4659.067579
-10.699703,62,4659.82893
-6.834733,36,4660.270759
-6.898928,37,4660.734408
-4.163549,34,4661.145224
-4.609618,26,4661.507227
-7.02931,61,4662.284087
-4.4116,34,4662.700193
-7.850797,45,4663.249693
-9.715785,42,4663.780273
-5.977826,64,4664.56536
-7.881972,40,4665.054296
-6.321972,31,4665.452009
-2.593374,20,4665.68922
-7.864545,42,4666.206795
-11.524321,46,4666.762431
-15.78328,57,4667.453594
-14.615321,100,4668.669537
-5.077255,28,4669.013098
-14.125251,52,4669.667305
-9.297387,39,4670.139591
-8.55211,37,4670.589261
-15.121202,70,4671.496932
-16.667486,74,4672.393448
-11.762879,80,4673.374228
-11.996126,42,4673.885139
-14.28785,53,4674.535321
-5.586957,32,4674.931494
-11.137479,63,4675.716661
-8.036718,38,4676.202793
-7.874515,35,4676.635497
-16.768494,300,4680.372252
-14.413455,55,4681.036944
-2.415601,20,4681.281433
-9.605161,44,4681.819724
-12.466484,44,4682.350438
-8.917391,38,4682.814968
-4.307979,26,4683.128994
-12.892291,53,4683.767689
-9.155934,43,4684.296949
-8.597638,45,4684.843859
-13.048698,46,4685.411341
-11.951863,51,4686.033907
-15.358589,49,4686.632836
-4.475838,30,4687.004358
-35.270867,300,4690.696167
-8.57389,43,4691.214941
-7.747433,45,4691.765911
-10.225298,52,4692.395199
-14.561822,72,4693.295323
-13.421914,56,4693.987056
-15.385336,52,4694.623833
-7.396625,37,4695.077895
-10.065337,43,4695.603278
-8.417727,69,4696.442109
-10.704564,41,4696.94135
-14.399682,53,4697.598549
-10.689945,41,4698.108696
-12.930608,47,4698.714769
-8.133602,41,4699.238026
-4.133555,26,4699.560168
-8.089532,38,4700.020532
-4.323296,25,4700.330231
-10.981412,44,4700.861481
-10.587843,44,4701.399182
-7.581564,38,4701.876905
-11.018653,47,4702.449402
-5.34189,35,4702.87277
-12.923079,59,4703.600288
-14.425689,70,4704.477973
-6.141446,30,4704.857389
-2.378248,19,4705.086919
-5.714578,33,4705.494828
-14.802636,87,4706.558251
-6.90288,37,4707.009735
-13.518858,63,4707.792661
-13.194081,59,4708.55918
-11.424065,49,4709.161158
-4.61962,26,4709.477408
-8.831914,62,4710.237829
-14.91134,69,4711.074898
-5.881238,32,4711.463191
-6.848189,32,4711.853119
-2.944475,21,4712.105942
-12.208932,46,4712.668369
-9.539406,40,4713.159889
-22.840769,300,4716.843965
-7.785079,39,4717.346162
-7.645153,38,4717.839644
-6.745725,36,4718.292341
-11.167487,68,4719.126184
-10.046637,43,4719.649812
-7.100596,33,4720.051864
-5.293117,30,4720.416815
-6.160661,43,4720.938707
-13.790699,51,4721.563336
-15.055683,51,4722.178397
-10.034517,43,4722.709546
-5.968962,32,4723.094433
-2.495518,19,4723.334554
-11.451624,51,4723.961057
-4.655679,26,4724.288151
-8.084609,42,4724.809472
-6.370186,34,4725.218899
-4.114304,28,4725.559018
-13.654235,77,4726.532071
-3.928556,25,4726.879001
-14.607738,53,4727.529484
-5.129709,27,4727.860674
-8.237051,37,4728.320174
-12.390598,52,4728.960982
-13.3074,66,4729.755245
-2.157863,18,4729.976653
-5.503978,29,4730.33258
-4.861098,30,4730.701593
-5.467644,29,4731.047684
-7.969218,39,4731.519635
-2.489394,20,4731.767347
-10.773086,46,4732.315039
-7.689649,25,4732.618406
-5.196401,44,4733.159391
-8.750246,41,4733.653861
-7.808981,35,4734.077096
-8.300664,36,4734.518952
-6.85797,32,4734.916396
-15.112307,78,4735.88624
-5.740882,46,4736.486861
-11.092928,61,4737.234213
-8.516208,38,4737.701582
-4.032553,24,4738.000561
-12.936035,51,4738.614975
-6.624232,35,4739.045529
-15.580499,80,4740.022318
-9.946727,40,4740.517226
-9.211077,39,4740.981983
-7.870575,40,4741.468222
-12.832421,48,4742.05066
-7.350741,34,4742.463109
-3.196558,22,4742.736348
-6.061213,30,4743.114337
-5.749631,34,4743.527555
-5.668953,34,4743.943646
-2.671534,27,4744.271259
-4.220246,25,4744.565908
-13.16895,56,4745.28312
-7.770235,42,4745.788354
-2.738247,20,4746.033146
-8.502099,45,4746.567688
-8.245707,43,4747.093633
-6.013254,33,4747.509043
-6.164652,35,4747.941751
-7.621593,52,4748.569208
-10.277603,53,4749.224323
-2.257967,18,4749.43929
-5.976112,39,4749.915961
-3.826026,24,4750.213167
-5.415035,28,4750.550264
-13.820676,78,4751.509922
-8.95412,40,4751.987757
-6.786086,45,4752.557309
-13.515341,56,4753.236484
-9.427725,38,4753.696748
-8.248415,39,4754.166552
-6.077358,52,4754.849203
-5.376399,32,4755.243155
-3.890255,25,4755.550305
-7.06719,34,4755.964516
-2.288424,19,4756.200885
-13.103253,46,4756.758723
-13.686801,59,4757.484158
-7.301783,64,4758.24771
-14.146248,55,4758.91293
-15.794852,62,4759.66053
-4.060109,25,4759.959758
-16.756907,52,4760.586054
-2.99889,21,4760.83942
-23.57625,255,4764.031558
-6.138534,34,4764.442317
-10.310111,57,4765.145823
-2.386092,19,4765.397037
-11.600126,55,4766.077173
-5.125163,29,4766.421741
-3.103985,23,4766.699998
-5.589021,29,4767.052344
-12.611152,59,4767.776672
-10.623325,44,4768.325157
-13.40028,48,4768.920583
-7.447562,44,4769.453686
-7.34991,39,4769.925421
-12.19067,52,4770.571722
-13.487704,227,4773.439577
-19.950409,86,4774.46905
-16.248077,61,4775.209935
-6.235446,52,4775.840931
-17.125171,300,4779.45687
-15.625192,50,4780.047971
-13.451868,134,4781.699857
-5.064432,33,4782.086345
-5.763266,31,4782.463923
-4.893263,32,4782.848861
-11.889787,45,4783.389198
-6.94666,34,4783.795904
-11.794113,50,4784.393625
-8.53186,68,4785.207548
-25.634423,295,4788.745257
-11.437744,76,4789.662155
-11.586604,47,4790.23063
-9.842338,86,4791.260505
-3.427229,24,4791.542781
-8.563814,40,4792.046087
-17.845246,174,4794.191998
-11.489331,47,4794.768847
-10.514761,75,4795.667327
-12.255265,82,4796.657151
-2.244752,18,4796.864599
-4.817477,20,4797.106781
-4.696162,33,4797.501763
-3.831548,28,4797.840884
-11.648216,70,4798.680722
-19.361488,62,4799.427394
-9.480953,46,4800.001052
-5.751203,33,4800.392007
-4.768195,29,4800.737861
-7.927659,37,4801.175926
-8.36236,38,4801.629502
-2.041681,18,4801.845428
-8.77232,42,4802.35625
-20.570035,258,4805.512583
-6.47486,53,4806.151684
-5.265192,32,4806.529703
-7.268127,38,4806.984483
-4.288503,26,4807.288007
-4.356639,26,4807.602578
-10.520917,41,4808.089248
-8.720184,39,4808.561054
-5.523427,30,4808.925852
-3.930007,27,4809.252008
-7.891496,34,4809.661267
-7.089508,38,4810.125556
-7.047866,37,4810.580338
-10.542492,42,4811.086015
-13.075148,136,4812.723441
-21.419768,68,4813.597786
-13.729105,49,4814.180852
-18.679921,149,4815.973269
-15.611651,51,4816.580799
-5.667964,30,4816.931857
-16.303623,239,4819.811118
-13.022001,45,4820.362672
-8.885191,43,4820.878293
-16.661059,54,4821.529596
-9.995115,53,4822.168171
-6.211529,31,4822.532361
-16.821267,57,4823.270564
-12.773012,47,4823.835799
-9.136216,51,4824.449969
-5.00941,28,4824.7867
-7.776218,34,4825.192255
-3.76951,27,4825.505458
-7.337604,34,4825.926304
-8.653433,41,4826.411837
-11.184675,72,4827.281732
-14.607169,73,4828.160153
-4.559048,26,4828.470613
-6.643077,45,4829.01087
-7.274665,35,4829.436044
-6.683061,34,4829.835006
-7.697486,34,4830.241912
-8.74879,50,4830.834305
-5.311741,28,4831.179093
-3.887122,30,4831.53611
-11.151225,43,4832.1006
-11.203623,52,4832.724676
-5.807896,31,4833.103816
-8.230153,36,4833.536729
-3.273507,22,4833.808664
-5.916733,34,4834.214423
-5.054702,45,4834.749826
-4.451365,26,4835.065383
-3.004454,21,4835.330439
-14.808869,287,4838.815896
-10.385871,41,4839.307796
-16.81344,63,4840.052355
-4.00543,24,4840.339901
-18.187913,60,4841.050285
-9.46912,45,4841.642245
-11.877574,43,4842.146978
-14.419701,51,4842.757192
-4.370814,28,4843.0892
-7.35225,37,4843.543537
-6.805382,40,4844.032233
-12.809511,56,4844.695305
-4.109479,29,4845.03654
-5.445556,28,4845.368208
-6.560358,37,4845.808596
-8.366889,39,4846.283297
-8.578672,57,4846.973366
-13.365244,72,4847.839701
-6.394408,36,4848.278256
-7.721284,34,4848.691833
-6.608548,36,4849.133597
-11.020263,44,4849.6643
-7.039544,37,4850.111075
-13.080649,47,4850.721056
-7.687144,34,4851.14164
-7.409495,37,4851.588088
-3.647718,34,4851.999986
-25.285885,300,4855.626364
-1.825509,17,4855.832493
-10.186914,53,4856.480959
-14.928471,71,4857.319302
-6.260806,33,4857.712222
-6.218438,32,4858.105171
-18.79412,110,4859.431238
-26.515837,300,4863.087757
-9.858327,46,4863.640798
-13.652599,75,4864.531449
-6.39097,31,4864.90786
-11.167594,43,4865.423492
-10.354428,43,4865.934125
-11.470092,50,4866.54053
-8.758078,60,4867.258719
-13.320354,48,4867.896836
-6.100323,30,4868.245181
-9.23244,48,4868.821615
-12.499625,44,4869.348922
-2.479091,21,4869.599388
-8.108429,35,4870.022287
-3.53552,24,4870.305739
-7.734797,35,4870.729563
-3.940543,29,4871.085265
-7.845913,38,4871.543012
-12.623943,45,4872.082676
-4.230455,31,4872.454031
-14.921054,80,4873.406893
-2.378448,20,4873.654235
-8.757939,39,4874.127447
-4.742435,31,4874.505433
-9.134111,42,4875.016551
-5.417396,30,4875.38221
-11.413325,42,4875.921739
-7.731653,35,4876.395471
-8.603242,46,4876.962198
-7.966317,38,4877.432797
-6.730193,32,4877.827024
-2.143294,18,4878.04843
-4.300847,25,4878.358626
-2.271215,20,4878.610927
-8.653043,44,4879.206178
-6.884447,36,4879.65797
-2.583713,20,4879.901138
-12.340521,46,4880.471046
-4.746433,29,4880.82645
-2.663483,21,4881.079772
-12.12152,87,4882.15586
-7.065936,36,4882.601668
-6.391334,35,4883.047476
-2.853812,21,4883.305785
-12.198732,46,4883.875291
-29.617951,300,4887.5889
-13.451254,48,4888.203259
-8.609225,41,4888.706201
-11.472649,43,4889.270669
-7.767014,46,4889.83233
-10.444647,42,4890.376874
-27.710031,300,4894.058864
-11.934092,67,4894.894627
-12.852893,60,4895.642624
-10.880129,50,4896.255585
-14.016729,107,4897.601341
-5.319187,33,4898.041165
-6.955359,36,4898.493479
-8.547562,39,4898.988746
-11.523724,49,4899.59313
-6.597627,34,4900.036736
-2.846127,21,4900.307014
-14.334998,57,4901.029133
-17.696653,192,4903.477584
-9.260371,38,4903.946083
-7.476923,39,4904.443865
-9.266717,38,4904.911615
-7.802399,39,4905.392243
-9.344037,39,4905.870962
-12.130989,51,4906.498313
-7.424299,34,4906.907191
-10.382284,41,4907.418897
-15.762657,60,4908.145953
-6.239111,34,4908.567849
-5.395428,32,4908.962768
-4.036099,26,4909.292473
-10.007713,47,4909.85796
-6.202439,31,4910.238913
-12.275752,51,4910.860251
-7.708246,37,4911.343522
-3.675051,47,4911.935939
-12.95937,52,4912.566276
-4.25594,52,4913.218507
-14.831899,68,4914.050283
-5.537432,30,4914.42528
-7.381319,37,4914.898016
-17.72774,102,4916.160512
-5.366588,29,4916.516592
-6.798817,32,4916.906517
-6.558964,35,4917.333374
-5.960736,31,4917.729033
-6.014386,31,4918.105026
-12.949981,47,4918.684506
-3.607248,30,4919.094216
-7.266073,34,4919.504808
-14.108807,93,4920.631304
-14.60109,54,4921.275412
-7.867556,36,4921.713242
-2.825649,28,4922.049036
-4.787385,28,4922.388917
-10.815177,41,4922.874521
-11.096852,89,4923.949888
-16.732159,59,4924.659366
-7.390484,39,4925.137331
-10.723642,39,4925.601061
-10.73759,66,4926.442013
-6.450905,31,4926.816041
-3.326204,24,4927.106236
-8.999139,42,4927.617097
-15.939561,57,4928.29924
-5.304203,32,4928.7002
-6.355749,36,4929.131326
-15.204293,63,4929.895753
-7.919048,37,4930.341995
-10.96628,43,4930.856647
-8.491072,43,4931.387047
-11.664254,48,4931.963806
-10.367743,57,4932.643019
-5.157754,31,4933.015994
-11.152284,58,4933.711135
-5.361383,30,4934.070749
-8.077424,37,4934.504184
-3.997733,24,4934.794646
-6.902294,36,4935.22231
-8.594802,39,4935.695902
-9.081151,38,4936.159291
-8.448543,52,4936.794286
-9.355004,43,4937.317099
-3.862527,28,4937.658531
-16.346121,98,4938.834411
-6.838177,35,4939.256615
-4.848469,27,4939.577463
-7.806004,41,4940.0588
-10.850603,61,4940.798808
-4.964099,28,4941.133959
-14.442303,61,4941.864985
-7.147218,57,4942.557771
-8.081465,37,4943.000617
-9.520173,48,4943.579266
-6.24265,31,4943.95898
-12.014347,49,4944.548241
-15.190515,55,4945.214624
-11.51556,47,4945.834548
-5.345726,36,4946.279626
-13.858082,51,4946.901893
-2.969845,22,4947.174345
-9.706486,47,4947.73781
-6.980591,34,4948.147976
-18.299947,62,4948.88898
-15.427709,59,4949.610264
-8.482888,41,4950.109498
-5.913273,31,4950.487501
-5.70649,32,4950.877963
-18.632908,70,4951.721437
-18.504234,64,4952.482897
-11.164303,48,4953.06549
-13.704408,97,4954.24431
-7.180697,36,4954.709161
-14.640219,52,4955.34314
-5.15836,28,4955.680964
-15.745596,55,4956.347149
-6.181888,34,4956.748586
-3.604082,28,4957.086654
-14.174279,77,4958.005512
-7.872038,38,4958.467626
-13.068103,57,4959.14963
-7.195765,33,4959.556191
-4.730497,34,4959.96952
-11.53373,51,4960.59374
-8.011406,42,4961.088075
-4.744909,31,4961.452073
-9.300275,40,4961.940901
-12.942958,48,4962.515027
-10.883024,84,4963.511075
-7.202642,33,4963.900034
-5.910941,30,4964.319882
-11.171495,50,4964.920356
-4.375395,27,4965.246483
-12.054018,61,4965.976532
-20.322411,300,4969.574437
-14.123582,109,4970.899698
-5.048471,29,4971.237795
-7.506848,34,4971.653715
-10.964224,57,4972.390334
-13.824164,60,4973.098469
-33.821921,300,4976.720733
-12.979848,58,4977.414998
-6.155441,39,4977.886258
-9.879501,50,4978.498072
-3.839523,25,4978.801262
-14.342056,93,4979.921244
-6.58592,34,4980.332125
-6.043225,33,4980.724288
-17.21417,75,4981.636851
-2.78354,23,4981.913494
-14.735084,61,4982.659205
-11.812543,43,4983.168815
-13.239505,57,4983.861567
-6.787566,38,4984.30864
-3.918692,25,4984.618781
-5.922136,30,4984.984834
-5.328943,54,4985.627082
-12.528394,53,4986.263383
-19.81668,106,4987.521438
-7.535214,39,4987.996119
-11.727086,92,4989.107072
-11.85428,54,4989.763172
-4.192144,28,4990.096541
-16.408657,105,4991.385775
-7.688191,38,4991.849564
-8.351538,41,4992.347373
-21.691959,62,4993.0925
-3.333805,23,4993.367739
-2.730697,20,4993.605392
-24.760429,48,4994.197838
-11.166302,61,4994.935174
-6.436799,37,4995.375997
-2.385944,20,4995.613806
-17.107196,125,4997.114472
-7.317657,35,4997.53108
-24.836181,300,5001.17704
-8.838978,38,5001.624031
-4.882035,27,5001.953078
-10.177182,41,5002.452781
-5.797441,33,5002.849029
-6.79823,35,5003.27891
-13.011061,54,5003.917587
-4.982816,30,5004.279248
-14.235808,79,5005.223921
-9.728798,47,5005.788825
-17.049635,61,5006.515582
-6.762559,33,5006.963384
-2.850854,21,5007.21774
-9.078065,46,5007.765981
-24.542742,300,5011.393654
-8.550398,36,5011.839648
-2.592383,20,5012.078901
-8.146185,39,5012.540667
-9.870987,41,5013.031404
-5.686895,31,5013.411927
-6.689372,36,5013.840588
-10.548705,42,5014.351295
-11.196684,48,5014.915488
-12.960758,44,5015.444876
-1.802184,17,5015.656314
-9.331907,38,5016.110069
-9.935993,45,5016.698525
-7.02121,35,5017.11272
-6.94765,33,5017.503896
-17.844664,100,5018.691795
-6.978723,37,5019.138711
-13.554837,47,5019.707195
-13.037713,52,5020.337505
-6.705691,33,5020.739401
-6.901321,37,5021.179253
-9.592882,39,5021.659902
-3.345408,23,5021.936164
-11.087549,57,5022.627806
-2.869122,21,5022.882042
-13.114379,55,5023.541192
-3.796899,25,5023.846353
-6.369873,35,5024.268349
-3.932332,27,5024.591776
-13.178161,53,5025.232409
-17.423346,91,5026.363205
-10.264079,46,5026.918723
-8.232251,37,5027.36926
-7.247412,36,5027.803171
-5.310807,29,5028.149275
-10.117164,47,5028.718752
-3.298566,23,5028.99601
-2.456185,20,5029.243431
-15.114764,49,5029.842129
-7.644474,37,5030.279964
-7.513382,36,5030.717942
-6.737583,33,5031.123611
-12.668577,51,5031.737726
-9.561121,39,5032.213321
-2.66308,22,5032.469824
-7.147671,49,5033.075751
-12.219694,46,5033.624696
-6.477558,36,5034.049588
-14.156638,47,5034.613531
-13.913011,52,5035.252932
-11.343597,48,5035.864324
-3.934965,40,5036.347875
-5.653926,30,5036.704343
-8.70857,45,5037.251882
-6.857953,35,5037.672253
-9.92449,44,5038.202161
-14.602497,53,5038.839562
-5.203091,33,5039.236529
-14.034378,55,5039.89138
-5.628246,66,5040.686508
-8.692597,38,5041.153468
-13.66668,55,5041.811718
-8.279872,37,5042.25354
-6.165977,38,5042.712312
-4.656357,27,5043.029139
-9.411327,44,5043.552066
-7.403684,36,5043.989504
-4.883165,28,5044.322897
-7.68909,51,5044.975158
-10.078623,49,5045.56315
-3.742884,27,5045.888304
-7.398278,36,5046.323805
-8.32865,38,5046.766754
-2.824977,21,5047.019077
-13.320528,55,5047.672728
-6.080782,32,5048.054876
-8.445811,36,5048.472751
-2.948222,31,5048.850892
-6.80623,32,5049.239665
-7.891361,35,5049.656526
-8.990247,39,5050.131587
-10.876091,43,5050.648204
-11.721338,47,5051.206087
-11.36149,59,5051.908238
-10.359125,45,5052.454776
-10.903142,41,5052.940482
-4.930144,28,5053.266603
-2.553306,27,5053.596694
-6.718824,34,5054.051926
-6.196649,35,5054.471779
-6.919106,34,5054.886669
-10.679681,58,5055.601189
-8.717288,65,5056.389324
-5.595132,29,5056.728421
-15.691699,56,5057.394974
-2.164123,19,5057.626696
-3.760202,26,5057.936964
-16.153341,106,5059.198762
-17.444222,54,5059.853052
-14.149318,84,5060.862241
-9.668614,39,5061.331986
-11.424401,50,5061.928134
-14.931808,52,5062.558187
-9.410185,40,5063.033981
-3.224343,23,5063.363069
-7.78758,39,5063.835805
-5.676957,32,5064.218864
-13.001902,45,5064.773696
-13.970679,56,5065.443932
-8.597204,36,5065.871645
-16.747638,63,5066.623471
-6.996052,36,5067.054705
-4.606483,28,5067.389838
-19.648638,129,5068.950125
-3.622127,24,5069.247848
-13.388529,54,5069.897111
-3.074963,22,5070.159423
-4.765419,30,5070.515686
-3.680089,26,5070.823891
-15.934911,108,5072.114609
-8.03002,74,5073.066065
-10.031648,45,5073.608585
-5.707251,29,5073.954949
-12.493131,95,5075.112824
-11.524355,49,5075.691173
-8.358836,42,5076.198141
-11.542336,46,5076.746699
-4.449722,46,5077.293067
-20.332633,206,5079.764178
-10.940468,44,5080.295298
-5.350473,28,5080.623039
-11.207599,75,5081.531976
-6.557186,37,5081.97194
-7.36512,39,5082.491878
-4.234538,26,5082.805385
-9.006456,39,5083.280498
-8.944452,43,5083.79262
-3.283903,32,5084.177562
-12.657599,53,5084.81946
-8.685393,43,5085.330965
-3.645652,32,5085.712057
-3.581035,23,5085.997407
-8.483172,47,5086.555501
-10.85558,49,5087.144996
-10.009566,50,5087.749027
-13.570589,46,5088.296451
-7.308297,34,5088.708375
-3.175708,22,5088.968687
-10.434058,44,5089.494354
-3.754167,24,5089.782019
-11.819058,47,5090.352687
-12.959293,49,5090.954018
-15.839551,83,5092.010579
-18.96162,119,5093.43698
-5.804652,34,5093.84789
-14.450399,53,5094.486295
-7.831387,37,5094.928115
-4.511163,26,5095.237287
-6.325324,32,5095.627244
-7.294623,34,5096.034264
-10.124848,46,5096.586328
-11.490477,49,5097.184465
-15.693565,94,5098.315442
-4.78866,27,5098.637721
-6.973402,34,5099.056572
-8.774303,37,5099.504623
-10.366779,45,5100.041241
-6.053098,34,5100.445593
-8.217137,47,5101.060947
-7.063463,40,5101.54533
-24.485897,278,5104.905886
-9.376792,42,5105.421566
-4.344926,26,5105.732975
-4.484912,26,5106.040943
-12.672396,198,5108.443575
-6.603291,33,5108.841535
-14.907633,92,5109.942689
-5.03392,27,5110.292848
-7.015646,57,5111.004523
-10.272439,54,5111.640262
-12.04693,46,5112.202306
-10.631546,51,5112.820139
-11.462233,51,5113.436496
-7.908392,39,5113.90693
-10.39423,55,5114.566692
-19.38092,300,5118.187073
-9.193967,88,5119.232673
-15.07878,86,5120.303879
-7.671398,38,5120.770978
-14.247693,83,5121.771322
-8.168851,39,5122.232507
-8.343342,38,5122.710725
-11.050682,45,5123.246264
-12.314251,53,5123.893354
-11.901006,60,5124.619383
-5.240107,33,5125.025155
-12.881971,48,5125.598331
-4.661261,27,5125.933464
-11.760743,62,5126.66991
-6.088208,30,5127.021431
-12.430792,73,5127.89706
-9.14824,37,5128.366567
-7.058295,38,5128.808707
-8.749735,49,5129.468717
-5.331341,28,5129.80582
-10.544342,49,5130.400708
-13.714585,100,5131.590399
-9.585074,63,5132.331164
-10.758374,73,5133.20988
-3.180546,23,5133.48124
-11.831049,48,5134.061534
-16.648094,300,5137.67905
-9.656158,44,5138.207665
-13.95899,75,5139.170065
-9.645997,39,5139.639657
-17.976805,97,5140.812327
-9.870066,43,5141.332812
-16.870686,59,5142.036379
-13.613035,62,5142.785554
-2.541274,22,5143.054187
-7.842514,34,5143.460777
-8.497703,41,5143.952562
-8.041443,35,5144.374913
-4.847664,29,5144.729962
-7.931426,41,5145.23208
-14.771563,78,5146.15579
-12.115634,43,5146.673034
-8.434668,36,5147.106801
-7.102225,33,5147.508867
-10.655813,42,5148.00653
-8.896329,37,5148.510982
-9.392364,46,5149.086651
-10.118755,52,5149.704956
-13.066093,61,5150.434597
-7.404309,38,5150.886096
-25.640285,300,5154.49032
-9.986009,52,5155.113038
-2.26217,20,5155.354824
-8.34136,39,5155.839526
-8.51373,38,5156.291662
-5.681214,34,5156.704755
-4.240481,26,5157.025769
-14.293329,113,5158.422547
-8.516756,43,5158.944548
-10.698595,51,5159.564629
-5.459439,31,5159.944062
-5.179552,29,5160.300552
-6.149993,34,5160.710486
-10.512793,40,5161.188208
-8.466756,59,5161.894319
-7.78639,34,5162.305034
-14.126238,57,5162.981508
-9.768417,58,5163.682483
-9.545253,41,5164.169709
-14.125997,74,5165.048641
-10.877647,47,5165.612073
-12.90008,63,5166.366029
-6.433395,31,5166.795306
-7.299197,36,5167.229869
-10.088409,48,5167.820117
-4.249181,25,5168.122253
-12.660901,52,5168.7641
-14.60316,135,5170.386375
-19.780235,53,5171.015543
-14.534127,83,5172.020911
-19.347383,300,5175.61305
-11.552894,59,5176.374981
-17.455418,85,5177.412205
-14.148644,120,5178.835922
-8.70798,41,5179.339134
-4.131582,27,5179.673242
-7.07952,33,5180.073174
-3.83856,29,5180.419218
-4.680572,30,5180.780211
-14.354217,66,5181.57172
-5.892661,35,5181.994589
-3.5924,26,5182.30536
-4.207631,25,5182.599739
-15.985656,128,5184.134229
-17.077282,60,5184.850733
-13.490099,55,5185.536609
-7.681927,41,5186.035619
-17.647808,150,5187.820683
-8.483134,51,5188.434054
-9.432986,64,5189.220013
-20.193202,300,5192.827677
-19.532995,129,5194.361701
-25.241351,300,5198.023265
-6.174778,15,5198.202407
-13.177278,89,5199.2584
-11.140465,111,5200.591834
-6.939646,34,5201.007698
-15.642007,141,5202.703323
-16.406528,86,5203.734171
-3.29211,23,5204.011383
-15.143943,180,5206.213068
-6.402826,31,5206.579442
-8.528512,47,5207.154784
-22.023727,300,5210.767492
-7.403884,67,5211.571203
-5.311093,32,5211.958139
-7.528535,48,5212.541538
-60.970315,300,5216.222966
-4.597551,30,5216.579201
-10.826203,42,5217.089875
-23.38222,300,5220.697786
-25.509073,300,5224.361121
-10.105059,39,5224.836584
-17.505215,85,5225.864478
-24.746058,300,5229.473308
-9.795892,91,5230.561399
-6.038403,35,5231.002238
-17.340825,175,5233.146359
-5.255972,31,5233.535319
-4.010144,25,5233.833552
-14.313658,69,5234.66613
-13.905343,55,5235.319998
-12.409242,86,5236.37311
-6.762068,32,5236.751128
-13.294325,61,5237.484835
-4.944637,34,5237.892109
-3.419476,23,5238.168399
-8.684942,37,5238.610188
-9.915039,48,5239.193024
-8.513464,36,5239.621858
-6.494815,33,5240.025712
-10.762938,42,5240.528654
-8.892765,40,5241.000525
-8.298766,71,5241.848227
-10.702396,46,5242.407043
-8.765349,36,5242.885806
-7.828462,37,5243.343555
-10.123772,41,5243.82584
-6.366689,36,5244.264667
-11.449676,57,5244.941836
-3.354898,27,5245.279471
-6.038336,30,5245.636546
-8.72893,40,5246.116263
-7.160006,33,5246.514421
-5.111362,35,5246.926319
-4.659331,27,5247.24775
-3.928614,43,5247.771256
-6.94431,32,5248.153234
-6.488337,32,5248.531066
-7.400086,37,5248.9766
-7.655643,34,5249.388496
-7.659375,39,5249.864995
-9.372337,51,5250.481048
-4.840324,32,5250.862954
-5.711285,35,5251.285823
-9.887833,43,5251.795194
-17.960775,88,5252.916361
-6.956061,38,5253.372171
-7.04456,61,5254.109723
-8.162667,45,5254.6413
-6.793932,36,5255.065167
-8.445793,38,5255.519636
-9.173086,44,5256.043521
-8.752988,37,5256.48091
-8.086253,37,5256.933616
-6.187651,31,5257.300634
-9.626646,45,5257.856585
-6.92997,33,5258.258508
-4.367286,27,5258.577811
-4.616207,34,5258.991599
-10.175764,63,5259.750867
-7.482605,36,5260.191715
-11.638238,75,5261.090438
-11.811175,56,5261.803612
-11.695507,54,5262.450925
-13.030883,46,5262.991027
-20.371909,300,5266.599141
-4.242976,35,5267.026041
-5.008129,31,5267.401574
-6.838813,41,5267.896249
-9.875297,39,5268.361932
-10.830699,48,5268.940787
-17.63932,285,5272.430456
-6.138857,34,5272.844861
-8.630003,36,5273.275116
-8.036282,95,5274.403672
-9.049197,55,5275.048919
-12.805889,53,5275.682226
-29.341441,300,5279.257376
-3.915666,30,5279.616998
-7.762518,61,5280.349387
-5.458294,34,5280.804099
-19.060471,133,5282.396082
-2.780107,21,5282.643698
-3.75424,26,5282.962596
-16.277332,64,5283.72239
-9.239414,47,5284.296402
-7.215499,45,5284.842838
-6.552022,33,5285.250213
-7.522335,59,5285.955497
-12.178349,52,5286.580825
-8.021615,58,5287.270504
-4.44317,38,5287.721965
-8.881059,38,5288.172387
-17.731257,59,5288.885952
-3.361133,25,5289.194156
-13.730063,52,5289.821717
-17.255177,74,5290.746659
-10.872609,61,5291.493431
-4.72609,27,5291.820289
-8.596975,37,5292.269634
-6.46541,33,5292.669565
-7.495926,40,5293.141303
-3.243106,24,5293.425879
-4.29812,29,5293.784977
-6.260112,32,5294.161
-6.529589,36,5294.617861
-14.289565,56,5295.281601
-4.504032,30,5295.640074
-11.398436,52,5296.268745
-9.620259,45,5296.808291
-7.959164,59,5297.523987
-27.920529,300,5301.135563
-7.342436,39,5301.594649
-4.8713,32,5301.9802
-10.317473,46,5302.558976
-8.344715,49,5303.158683
-6.936161,47,5303.738134
-5.805734,32,5304.125918
-3.256494,22,5304.39118
-8.523938,46,5304.932804
-7.920285,40,5305.419923
-14.925466,58,5306.108135
-4.772147,29,5306.450219
-5.987078,32,5306.83516
-10.273832,50,5307.438458
-7.400896,34,5307.848712
-8.554231,41,5308.341766
-6.931952,33,5308.739087
-6.934899,47,5309.361533
-13.767297,94,5310.505431
-15.659906,54,5311.148247
-12.851243,83,5312.153249
-8.193769,38,5312.606022
-3.967832,29,5312.953064
-3.690835,24,5313.234793
-8.09125,42,5313.746456
-6.845615,37,5314.202083
-5.844271,30,5314.566378
-5.088242,30,5314.924391
-9.838479,42,5315.431037
-4.888221,31,5315.810052
-8.477267,41,5316.300086
-4.223433,29,5316.644165
-11.92738,50,5317.25036
-7.017583,36,5317.682116
-14.178709,75,5318.600228
-11.611024,45,5319.195187
-8.994354,44,5319.720707
-1.673681,16,5319.909203
-6.673262,36,5320.337683
-6.581308,34,5320.743598
-10.896666,53,5321.38003
-9.606382,48,5321.943553
-11.870277,51,5322.562257
-4.828801,33,5322.948213
-8.625198,48,5323.532856
-5.215895,29,5323.873204
-6.030021,35,5324.290907
-5.991077,33,5324.695456
-5.170268,28,5325.033775
-10.491053,49,5325.610234
-11.58294,50,5326.216612
-7.025562,53,5326.868531
-3.934821,25,5327.172717
-3.268052,23,5327.451999
-4.089019,25,5327.76613
-10.581369,49,5328.352562
-5.728602,46,5328.962442
-15.118581,70,5329.797965
-5.289522,32,5330.181937
-8.458782,45,5330.718502
-9.324161,45,5331.250081
-13.203146,59,5331.971904
-7.032246,38,5332.435693
-13.717342,63,5333.186813
-6.963411,33,5333.592726
-10.041583,43,5334.108351
-11.553182,55,5334.770523
-7.669127,68,5335.582659
-11.117518,55,5336.242784
-8.361999,39,5336.71641
-12.164675,52,5337.33291
-6.022864,30,5337.705511
-13.103984,47,5338.321862
-12.683508,54,5338.966279
-6.862566,36,5339.397126
-5.921734,34,5339.819129
-8.765631,38,5340.268963
-11.042727,45,5340.820613
-9.325767,64,5341.589042
-4.040096,27,5341.91517
-7.219678,35,5342.34378
-9.15588,109,5343.642141
-16.503135,65,5344.420487
-15.799282,63,5345.167979
-6.898142,37,5345.624755
-12.142683,44,5346.156334
-5.978905,31,5346.529366
-29.536288,300,5350.193468
-12.180772,47,5350.753321
-6.935361,39,5351.212667
-6.138273,37,5351.661102
-2.970916,22,5351.937364
-13.661978,62,5352.687357
-9.2344,56,5353.363549
-6.690825,47,5353.946705
-6.740294,57,5354.653814
-7.626858,36,5355.098594
-4.718259,28,5355.448432
-11.768761,67,5356.271264
-21.868772,300,5360.038444
-7.272332,35,5360.472566
-10.208783,49,5361.081935
-4.8708,28,5361.432
-17.38576,300,5365.061225
-13.608207,60,5365.796809
-5.527214,31,5366.183238
-5.162362,31,5366.610096
-15.493106,54,5367.273322
-16.140619,300,5370.924492
-6.143982,32,5371.325419
-10.863787,75,5372.260466
-16.480327,260,5375.4666
-34.805181,300,5379.153478
-4.224761,27,5379.491575
-27.92661,300,5383.229815
-8.207313,81,5384.220166
-6.589097,35,5384.653815
-12.909747,45,5385.217279
-5.227352,29,5385.57259
-6.550598,42,5386.116424
-25.076944,300,5389.78361
-4.032795,25,5390.09276
-3.747607,27,5390.4139
-14.460649,53,5391.059176
-2.696054,22,5391.34345
-2.832494,22,5391.616684
-5.180565,32,5392.006641
-3.54898,25,5392.319805
-12.374346,51,5392.947126
-5.946208,30,5393.309159
-3.102392,24,5393.606364
-11.140152,84,5394.631621
-9.544436,73,5395.600969
-5.288631,29,5395.970235
-10.071181,44,5396.492837
-13.677275,48,5397.07483
-14.161959,50,5397.681254
-10.544757,41,5398.171941
-6.916719,34,5398.588132
-15.131555,53,5399.225109
-4.260314,28,5399.563234
-9.322622,58,5400.26217
-11.978314,46,5400.82174
-11.048037,49,5401.4088
-9.919848,47,5401.97906
-6.067347,34,5402.393946
-4.392311,28,5402.732043
-5.685847,29,5403.072137
-22.553125,300,5406.72371
-5.62544,30,5407.089719
-11.979403,52,5407.713523
-16.517711,87,5408.771667
-5.292232,36,5409.217822
-13.546403,70,5410.059563
-11.648557,50,5410.668865
-9.926246,50,5411.297403
-4.911293,31,5411.67243
-8.713072,38,5412.125483
-12.499562,49,5412.735128
-4.331835,34,5413.133273
-8.982822,40,5413.611296
-8.010188,39,5414.125642
-5.833175,32,5414.514631
-12.099801,55,5415.171247
-6.226846,32,5415.556866
-15.416044,72,5416.436484
-3.311685,24,5416.723741
-15.23265,80,5417.69049
-6.42751,64,5418.456706
-3.71634,24,5418.74992
-7.403401,38,5419.204164
-8.283266,41,5419.704796
-7.257761,37,5420.151626
-3.518532,24,5420.441853
-31.640538,300,5424.124124
-8.292629,36,5424.547068
-13.643824,78,5425.486068
-17.825625,94,5426.61502
-8.393105,59,5427.322056
-6.90454,32,5427.711015
-10.879484,66,5428.508356
-5.852975,31,5428.875374
-5.46359,29,5429.230949
-2.110882,18,5429.446951
-27.550132,300,5433.100031
-3.232644,24,5433.393176
-9.144822,41,5433.887824
-26.909626,300,5437.486217
-7.777211,40,5437.954583
-8.559719,61,5438.6772
-13.981246,47,5439.246538
-4.372747,40,5439.727246
-7.756606,43,5440.251955
-11.258692,94,5441.389247
-9.545924,45,5441.942767
-5.598778,29,5442.279807
-9.44174,43,5442.840931
-10.080339,39,5443.314949
-6.868528,36,5443.745196
-6.449139,35,5444.160894
-2.887819,21,5444.415301
-6.623718,33,5444.813364
-12.696637,75,5445.718916
-9.449162,40,5446.196628
-9.066321,49,5446.789832
-6.904708,36,5447.216759
-8.160238,40,5447.691519
-2.713045,21,5447.943425
-5.128795,28,5448.281277
-3.626969,23,5448.556541
-13.00493,48,5449.142185
-9.80055,67,5449.941011
-5.390438,16,5450.140583
-13.065782,121,5451.591895
-21.233189,161,5453.5624
-2.517343,20,5453.805199
-16.102976,53,5454.444161
-3.91653,26,5454.759318
-15.267904,59,5455.476195
-11.657699,55,5456.129012
-6.16313,34,5456.534899
-10.245166,56,5457.208694
-11.285068,49,5457.788382
-8.033201,43,5458.299016
-8.923502,44,5458.833496
-13.229127,104,5460.112518
-14.483801,53,5460.758269
-8.832642,40,5461.255939
-10.189719,43,5461.778245
-11.491182,55,5462.432495
-8.884113,38,5462.897136
-7.554928,39,5463.374376
-4.415635,28,5463.715433
-10.301997,45,5464.248304
-5.717146,29,5464.604678
-7.08122,37,5465.067393
-4.542445,33,5465.468323
-8.086497,35,5465.883596
-13.28988,97,5467.058692
-5.52679,33,5467.453607
-7.530761,34,5467.863539
-5.899061,36,5468.305357
-9.766493,45,5468.844164
-11.317833,161,5470.819142
-4.615261,29,5471.166587
-3.285234,26,5471.47576
-12.500657,52,5472.10463
-7.513298,36,5472.533492
-4.856712,30,5472.885722
-8.16868,40,5473.373716
-6.989066,53,5474.018749
-3.332515,23,5474.298003
-10.186584,47,5474.857287
-15.879586,54,5475.505044
-2.13819,18,5475.728476
-12.715133,66,5476.523347
-11.882807,65,5477.328167
-11.407681,55,5477.991018
-9.250001,43,5478.505738
-5.746748,36,5478.942544
-9.217299,60,5479.712266
-8.731294,36,5480.144435
-6.061847,32,5480.533587
-10.159714,53,5481.172421
-6.665055,40,5481.674586
-12.70615,48,5482.24742
-10.263276,60,5482.957582
-2.619568,22,5483.21789
-5.97282,34,5483.639475
-4.937545,30,5483.992559
-6.885978,37,5484.43365
-9.760813,82,5485.405409
-11.090249,44,5485.942884
-7.695483,35,5486.364752
-3.703627,26,5486.681875
-6.067636,34,5487.089784
-6.003473,34,5487.496696
-21.589309,300,5491.117863
-2.894551,22,5491.388114
-4.381567,28,5491.730228
-5.651617,32,5492.115795
-19.317765,65,5492.887732
-11.831835,72,5493.751218
-11.731317,46,5494.29697
-9.740117,46,5494.857017
-29.85518,300,5498.451987
-12.115514,50,5499.096775
-10.087074,64,5499.855266
-7.425546,36,5500.277953
-11.07947,48,5500.858065
-8.289697,42,5501.357728
-16.730266,149,5503.148401
-12.814583,53,5503.774376
-6.863087,35,5504.188256
-6.712567,35,5504.61711
-6.347459,32,5504.996889
-5.415283,31,5505.364561
-3.514649,24,5505.650875
-8.416422,36,5506.077323
-7.86225,36,5506.512162
-8.582519,59,5507.237631
-5.688124,30,5507.594705
-10.675435,49,5508.244163
-4.79335,29,5508.599964
-12.500415,52,5509.222564
-4.399558,28,5509.55268
-2.825044,21,5509.807002
-4.303262,26,5510.118955
-8.379788,41,5510.619631
-6.455737,38,5511.084914
-11.05551,47,5511.653391
-6.166349,33,5512.051081
-6.062309,32,5512.429815
-10.31525,46,5512.983763
-12.428123,52,5513.613805
-2.318138,23,5513.887043
-8.517094,41,5514.372089
-10.346069,46,5514.937956
-24.338551,259,5518.120286
-11.389693,49,5518.693682
-13.392298,99,5519.895708
-6.101804,39,5520.365116
-7.587426,34,5520.784024
-7.177293,40,5521.258635
-8.139688,39,5521.737374
-11.623306,49,5522.326797
-4.563641,29,5522.677826
-6.170273,43,5523.200274
-5.277413,31,5523.570287
-6.57301,37,5524.016248
-15.077944,67,5524.818547
-10.702356,48,5525.455901
-5.64725,48,5526.033579
-2.613115,20,5526.274903
-4.509788,28,5526.625993
-15.872525,54,5527.267249
-13.117395,51,5527.874053
-27.338039,300,5531.494024
-2.293448,19,5531.725433
-11.593353,52,5532.349319
-10.056968,45,5532.896231
-29.319134,300,5536.51865
-8.537114,41,5537.043406
-5.063124,28,5537.384352
-1.941608,18,5537.604724
-14.066467,51,5538.210707
-7.699296,39,5538.675653
-2.078141,21,5538.934935
-6.527713,64,5539.703544
-7.614373,39,5540.171606
-8.582087,37,5540.61331
-7.249584,41,5541.112194
-13.257951,55,5541.789545
-9.423222,38,5542.242512
-4.666845,53,5542.876287
-7.022427,15,5543.053396
-8.642753,50,5543.6511
-15.788724,85,5544.667163
-9.237984,21,5544.916382
-5.309525,32,5545.307412
-4.122952,27,5545.6252
-3.579294,24,5545.958139
-5.634576,33,5546.374236
-7.022126,15,5546.547859
-8.309578,40,5547.039501
-6.646288,36,5547.472885
-11.878221,69,5548.296635
-7.40331,39,5548.761937
-6.665999,37,5549.199463
-11.883382,105,5550.460019
-11.464303,43,5550.971622
-10.811196,46,5551.513266
-25.028353,103,5552.74008
-7.093222,39,5553.207385
-10.735124,54,5553.858799
-7.09107,42,5554.366441
-9.991132,31,5554.738282
-9.637227,25,5555.054143
-6.202544,35,5555.519897
-6.296957,36,5555.950294
-5.488065,11,5556.084933
-7.72052,20,5556.323271
-6.480926,37,5556.763434
-6.005598,34,5557.168784
-4.193949,25,5557.477157
-5.389291,33,5557.867645
-10.436134,114,5559.244444
-5.522932,30,5559.603692
-10.266016,26,5559.910665
-6.148523,15,5560.098106
-2.319701,23,5560.372203
-7.289273,38,5560.814053
-7.442508,75,5561.712327
-10.47966,59,5562.428381
-7.746909,18,5562.650479
-10.667871,25,5562.94056
-5.667306,11,5563.069216
-5.080429,30,5563.431763
-6.734793,36,5563.861612
-3.226992,24,5564.150123
-6.114771,36,5564.580037
-10.170317,53,5565.275147
-5.95765,36,5565.703161
-5.635271,33,5566.116037
-4.989199,36,5566.555691
-4.076037,8,5566.650436
-5.010439,27,5566.964596
-4.535881,57,5567.645941
-4.676331,12,5567.79853
-4.105407,72,5568.676053
-5.96499,13,5568.830668
-9.679259,49,5569.433028
-10.706706,34,5569.844809
-4.310111,33,5570.238575
-14.274784,36,5570.67854
-8.59148,56,5571.345268
-4.916731,34,5571.747193
-9.179228,38,5572.212977
-6.668262,40,5572.69995
-4.258394,29,5573.054345
-4.285179,8,5573.148093
-15.9819,40,5573.620711
-1.682114,17,5573.823195
-4.958748,34,5574.241052
-7.415033,40,5574.780468
-17.998845,300,5578.364409
-12.670953,35,5578.789261
-24.495436,300,5582.390498
-5.315289,11,5582.518903
-3.317765,33,5582.91331
-27.333247,300,5586.56434
-13.734059,196,5588.908391
-8.257114,60,5589.6265
-4.943633,19,5589.850156
-10.254083,43,5590.372969
-11.811034,51,5590.994545
-3.419469,8,5591.09026
-10.501409,38,5591.54407
-7.01323,22,5591.809337
-5.491585,17,5592.014502
-3.451688,9,5592.122214
-4.042763,8,5592.220248
-4.806411,47,5592.78072
-4.865944,12,5592.920376
-15.536121,55,5593.59072
-8.574187,36,5594.068767
-14.831776,56,5594.730677
-6.656487,45,5595.276196
-6.934548,64,5596.033935
-9.935474,45,5596.569017
-11.768309,33,5596.968919
-15.827497,44,5597.493515
-18.094212,62,5598.224903
-14.362695,61,5598.953475
-11.634497,34,5599.363268
-15.110667,60,5600.071967
-8.702981,43,5600.594506
-9.595301,179,5602.792009
-10.774806,45,5603.332951
-9.372967,33,5603.726896
-3.275781,35,5604.157673
-13.851675,43,5604.665811
-6.811144,111,5605.993989
-15.748742,44,5606.516589
-6.823171,26,5606.836943
-13.379287,52,5607.465226
-2.997299,24,5607.752457
-6.937246,33,5608.146629
-14.86578,47,5608.713119
-12.674524,33,5609.106441
-6.175827,32,5609.492456
-5.784342,36,5609.937507
-4.794427,31,5610.307119
-20.527216,300,5613.936441
-7.539613,17,5614.15383
-29.547501,300,5617.770132
-10.535779,42,5618.272817
-3.690278,48,5618.841296
-11.709731,38,5619.286129
-4.54299,35,5619.689051
-17.011932,300,5623.351641
-10.794483,189,5625.615679
-3.11786,9,5625.721425
-13.926348,61,5626.443062
-3.261284,8,5626.538748
-2.34235,8,5626.633464
-32.231202,300,5630.274613
-7.523431,48,5630.854137
-4.763408,34,5631.266849
-4.943001,37,5631.70816
-18.284523,85,5632.725207
-4.024623,45,5633.27102
-24.35277,48,5633.848112
-18.138719,65,5634.631767
-21.331015,63,5635.384155
-10.165014,50,5635.995622
-3.006779,22,5636.257918
-29.865693,83,5637.243293
-13.769466,70,5638.117676
-4.905181,11,5638.250905
-3.313509,34,5638.651861
-3.205845,10,5638.767524
-2.950962,27,5639.090688
-17.019918,72,5639.962543
-77.243694,300,5643.581986
-24.72265,300,5647.158568
-29.53659,300,5650.831352
-3.957963,28,5651.177966
-18.794825,127,5652.709293
-8.982037,43,5653.219153
-2.664408,22,5653.481536
-13.957367,60,5654.215819
-2.660468,22,5654.480111
-12.103588,46,5655.025242
-16.174964,66,5655.825076
-4.083953,32,5656.212777
-60.314229,300,5659.856214
-24.660887,85,5660.873471
-38.972539,300,5664.536932
-24.934229,86,5665.570084
-3.304974,9,5665.674906
-15.215332,63,5666.43189
-30.946041,300,5670.038878
-8.813606,35,5670.454766
-25.1297,300,5674.127267
-16.877941,68,5674.930134
-12.601042,52,5675.553695
-13.984606,64,5676.499509
-3.726585,15,5676.675226
-17.468168,300,5680.402865
-21.327441,300,5684.105474
-19.340701,77,5685.060435
-17.029508,300,5688.766124
-38.46576,300,5692.442739
-13.246583,54,5693.103533
-24.093493,187,5695.382917
-35.674934,300,5699.118379
-17.350175,68,5699.958467
-35.023937,300,5703.626667
-35.434681,300,5707.294372
-16.422672,70,5708.140144
-13.451746,51,5708.761491
-31.988891,300,5712.399629
-33.794186,300,5716.063215
-32.168589,300,5719.772152
-33.580404,300,5723.508998
-28.352121,300,5727.221434
-4.440724,30,5727.585786
-5.114957,51,5728.199262
-31.907493,300,5731.892299
-28.267789,300,5735.570791
-22.296453,168,5737.624261
-16.993019,61,5738.386224
-14.69384,59,5739.108293
-13.641234,59,5739.831794
-40.505249,300,5743.475733
-14.875266,82,5744.527106
-26.553218,230,5747.352479
-11.706351,47,5747.934152
-35.980813,300,5751.576074
-27.783844,300,5755.309738
-12.895028,45,5755.87024
-30.596092,300,5759.562441
-26.546034,221,5762.281992
-29.725607,300,5765.996963
-13.305925,74,5766.900962
-34.178512,235,5769.793393
-10.23645,70,5770.695879
-6.572873,32,5771.08223
-13.825439,58,5771.798542
-24.214311,92,5772.928216
-21.350437,113,5774.297236
-20.592096,68,5775.120486
-6.828819,14,5775.28704
-5.580666,52,5775.937088
-24.944745,300,5779.679462
-20.382907,129,5781.274833
-6.297823,14,5781.442103
-4.333548,34,5781.863977
-5.099193,16,5782.046516
-11.707087,78,5783.024918
-21.443386,300,5786.707702
-7.97401,61,5787.45271
-26.813443,300,5791.113271
-12.395398,101,5792.352645
-20.149983,300,5796.007071
-2.275772,20,5796.257223
-3.407443,10,5796.374553
-28.659874,300,5800.095316
-4.383598,11,5800.22799
-13.93233,68,5801.070696
-17.703316,241,5804.074493
-27.955307,300,5807.801524
-32.263269,300,5811.521544
-6.142072,32,5811.924359
-3.899032,28,5812.257316
-19.068496,68,5813.116805
-11.842423,54,5813.784979
-25.285529,300,5817.524046
-4.574829,15,5817.698582
-29.641626,300,5821.412896
-5.567167,52,5822.0513
-30.256368,300,5825.819678
-5.769662,12,5826.025099
-32.479291,293,5829.737001
-19.015202,95,5830.919336
-4.072173,28,5831.262519
-26.435686,300,5835.009792
-7.784046,74,5835.967152
-9.246664,74,5836.910084
-5.065625,30,5837.303742
-5.131451,31,5837.696637
-3.550069,12,5837.839224
-30.631881,300,5841.524463
-26.940191,300,5845.368716
-30.474656,300,5849.098106
-5.488485,45,5849.659963
-35.015701,300,5853.475614
-8.323628,53,5854.211251
-13.827765,63,5855.023015
-13.718117,51,5855.66903
-7.59832,67,5856.520726
-3.565302,27,5856.857338
-13.177937,71,5857.756238
-14.773956,67,5858.610952
-9.05015,83,5859.719476
-15.186058,85,5860.808858
-4.477109,27,5861.138978
-4.731701,31,5861.52421
-2.732774,21,5861.778498
-6.276371,32,5862.168129
-14.819384,119,5863.626197
-26.824925,300,5867.402219
-5.937318,13,5867.565782
-26.880411,300,5871.317483
-15.182216,72,5872.188722
-12.06436,57,5872.910337
-15.363794,88,5873.989532
-8.720946,55,5874.661865
-49.981272,300,5878.409556
-4.937162,31,5878.791317
-30.653356,300,5882.562064
-17.764436,88,5883.648037
-4.994696,30,5884.029916
-4.598153,29,5884.40817
-33.426113,300,5888.181855
-7.632341,39,5888.681518
-15.227286,58,5889.431113
-8.416995,53,5890.061681
-9.223937,41,5890.569323
-19.433239,69,5891.441635
-34.373236,300,5895.170947
-3.446302,23,5895.440108
-15.196215,185,5897.683434
-30.750054,300,5901.37986
-23.643188,300,5905.109171
-2.862237,22,5905.369475
-9.176234,45,5905.915673
-7.704074,35,5906.329601
-4.316411,44,5906.827754
-11.392282,47,5907.473
-6.599214,35,5907.982638
-11.375587,92,5909.150871
-34.850611,300,5912.904294
-28.570865,300,5916.706802
-7.340537,45,5917.288178
-4.015091,31,5917.67406
-16.120348,192,5920.141755
-3.149246,24,5920.440954
-14.149567,49,5921.051397
-6.075231,31,5921.450047
-13.153924,87,5922.599591
-4.01599,26,5922.918736
-2.732515,21,5923.176647
-10.324279,46,5923.758934
-14.461731,55,5924.448247
-7.56546,40,5924.947176
-9.079179,90,5926.094513
-7.834723,41,5926.604577
-17.775213,65,5927.415918
-26.043711,300,5931.330815
-12.572321,61,5932.183007
-7.619782,34,5932.643989
-14.588163,54,5933.383497
-8.134269,35,5933.894427
-12.967845,51,5934.550279
-13.158561,50,5935.154245
-13.602928,116,5936.571
-8.662997,43,5937.089362
-5.998362,30,5937.455933
-4.818637,31,5937.835868
-7.912146,35,5938.266886
-10.401591,51,5938.910162
-14.494272,80,5939.888831
-1.971004,20,5940.141156
-12.111168,49,5940.74277
-5.341286,29,5941.101837
-10.969708,46,5941.663625
-31.015894,300,5945.422878
-14.699535,109,5946.760185
-6.141469,32,5947.145657
-14.64984,56,5947.830804
-26.004339,300,5951.608631
-13.220647,53,5952.255754
-25.143562,300,5955.988183
-4.751187,27,5956.325282
-6.819728,34,5956.741986
-2.622341,20,5956.987347
-20.851277,300,5960.715256
-5.122721,41,5961.223375
-18.577073,140,5962.948811
-4.770099,27,5963.276149
-4.166996,37,5963.733356
-17.452483,61,5964.4698
-3.497794,25,5964.784928
-12.559269,49,5965.390342
-14.375584,82,5966.398662
-29.605928,300,5970.109793
-15.351669,79,5971.081533
-7.602819,36,5971.527177
-10.182037,39,5971.999717
-14.980056,56,5972.680666
-10.921644,47,5973.263232
-9.73349,44,5973.796776
-3.258635,25,5974.114958
-7.49661,38,5974.579269
-7.050296,37,5975.030548
-6.913691,33,5975.453943
-36.90676,300,5979.153159
-6.355461,50,5979.767075
-16.545549,54,5980.43158
-6.073366,34,5980.838105
-28.633066,300,5984.576274
-5.599964,34,5984.996611
-5.847211,47,5985.570073
-9.605141,102,5986.829086
-10.06273,43,5987.34952
-12.607671,88,5988.403877
-13.41379,89,5989.496216
-6.671701,32,5989.887379
-3.192556,8,5989.984143
-4.038413,9,5990.096818
-14.733689,58,5990.856764
-12.343095,44,5991.393031
-8.78849,74,5992.305779
-8.013983,66,5993.137259
-8.318652,37,5993.577019
-8.544233,63,5994.372988
-14.004457,50,5994.982334
-15.514316,51,5995.609741
-6.933499,33,5996.006355
-27.543569,300,5999.746173
-19.227211,300,6003.413606
-3.279343,22,6003.679926
-15.085003,154,6005.602643
-7.089201,37,6006.058383
-2.26868,20,6006.305164
-11.246506,46,6006.86881
-14.251915,57,6007.559271
-4.695427,27,6007.888393
-6.22649,33,6008.289975
-3.726393,25,6008.591139
-12.115298,44,6009.134276
-9.012603,88,6010.216195
-2.798911,22,6010.488454
-15.053785,49,6011.081203
-5.458408,42,6011.587677
-10.69152,60,6012.357729
-8.78203,52,6012.992752
-15.044457,53,6013.629152
-9.525438,63,6014.411518
-15.93743,52,6015.057773
-11.6203,49,6015.653009
-3.961422,28,6015.994098
-8.496811,37,6016.449337
-6.568476,32,6016.84039
-3.153132,22,6017.111209
-7.749156,39,6017.580567
-5.098347,31,6017.963163
-14.13655,64,6018.751819
-6.859302,85,6019.848355
-3.265336,26,6020.160845
-23.68106,300,6023.823399
-9.469466,41,6024.337594
-4.213904,29,6024.709492
-9.050313,80,6025.709269
-5.371796,28,6026.047497
-6.817456,38,6026.57162
-6.814239,32,6026.959584
-7.241082,33,6027.367065
-24.280951,300,6031.168595
-5.117823,28,6031.507206
-8.412164,40,6031.98757
-13.919614,55,6032.657776
-17.768501,132,6034.274292
-10.285193,47,6034.848723
-11.708567,50,6035.456285
-7.797982,34,6035.874139
-3.891088,27,6036.199299
-11.135377,46,6036.807836
-5.464348,30,6037.226715
-8.271119,39,6037.704286
-10.87611,53,6038.354736
-10.26188,47,6038.923758
-16.279033,58,6039.644624
-14.553302,55,6040.320763
-7.322947,35,6040.743538
-11.014468,42,6041.252907
-5.022369,29,6041.608442
-13.075863,55,6042.277858
-3.078824,24,6042.570209
-13.997601,49,6043.163899
-3.102877,23,6043.440672
-11.385193,50,6044.062968
-2.735931,22,6044.330984
-8.621827,36,6044.806303
-10.780716,103,6046.074145
-10.241627,47,6046.634771
-3.688017,26,6046.95167
-9.50829,40,6047.436413
-9.921123,40,6047.930063
-5.881815,30,6048.297278
-11.775919,51,6048.918576
-7.183372,33,6049.308823
-5.436558,29,6049.672528
-12.17758,54,6050.327912
-4.920312,31,6050.708889
-13.458873,53,6051.352694
-12.809272,73,6052.288542
-4.396199,50,6052.904578
-17.088272,66,6053.691283
-4.086107,25,6053.997466
-8.183518,35,6054.430425
-12.796098,49,6055.023919
-11.593584,46,6055.591373
-10.980885,48,6056.169222
-5.693168,31,6056.547211
-9.458398,120,6058.028622
-6.468858,32,6058.411253
-6.641146,34,6058.832099
-9.599947,57,6059.575075
-14.876974,56,6060.262801
-12.582654,61,6061.009086
-9.549215,67,6061.829908
-13.697703,47,6062.40647
-4.066511,29,6062.760967
-6.538826,32,6063.20428
-3.873807,28,6063.539383
-7.351639,72,6064.424791
-4.221165,26,6064.743938
-2.809448,22,6065.010499
-5.309734,53,6065.662878
-9.809218,90,6066.745369
-7.14098,49,6067.352307
-3.50811,24,6067.653471
-8.355856,40,6068.148576
-13.175188,66,6068.956457
-9.746296,39,6069.43526
-6.911464,47,6070.006779
-13.017389,65,6070.835905
-7.267275,44,6071.373079
-15.066164,57,6072.068851
-8.335011,40,6072.563505
-13.799079,68,6073.386208
-6.452991,15,6073.582706
-8.694688,37,6074.042832
-11.21502,47,6074.623762
-15.138023,53,6075.272234
-8.620734,16,6075.477448
-8.875687,42,6075.989626
-7.959021,35,6076.418478
-12.659963,50,6077.02271
-11.912559,86,6078.077199
-5.792075,30,6078.467752
-5.96372,33,6078.888509
-9.744181,87,6079.951698
-4.464131,28,6080.293785
-5.807073,57,6080.985963
-8.359139,40,6081.471634
-3.968028,25,6081.778812
-9.774531,51,6082.406562
-3.138168,22,6082.679831
-2.120536,17,6082.890049
-5.62869,32,6083.301711
-4.369116,31,6083.689703
-9.586755,48,6084.273112
-6.329746,88,6085.346159
-18.229972,99,6086.595743
-3.409049,11,6086.728417
-10.204597,41,6087.228545
-12.694859,48,6087.818083
-2.701829,23,6088.095759
-8.821359,44,6088.633376
-10.716134,43,6089.157175
-5.344943,31,6089.542203
-13.901446,50,6090.139773
-17.020775,58,6090.851363
-6.28701,34,6091.249943
-7.507835,36,6091.698202
-13.278985,51,6092.329863
-8.139344,40,6092.81775
-10.64853,50,6093.420844
-8.18925,42,6093.986172
-13.603551,65,6094.776726
-11.689215,44,6095.314442
-6.573779,65,6096.113388
-12.275341,83,6097.135345
-15.975989,136,6098.786251
-7.235723,38,6099.261978
-9.815025,44,6099.794479
-13.014937,50,6100.39795
-2.91193,21,6100.650789
-15.939278,124,6102.168766
-10.317048,49,6102.786665
-3.06296,24,6103.085137
-3.662575,27,6103.415234
-12.858982,49,6104.024849
-5.94241,31,6104.394767
-15.811902,54,6105.063685
-11.077847,83,6106.071452
-2.967249,23,6106.345701
-9.087296,44,6106.886252
-9.319517,60,6107.634083
-5.682768,34,6108.0511
-7.933342,40,6108.535986
-16.774621,81,6109.529737
-5.778848,33,6109.928582
-22.774581,300,6113.622558
-8.173817,51,6114.243156
-6.829269,32,6114.643853
-13.022979,54,6115.304049
-8.93159,37,6115.767053
-13.919404,58,6116.459339
-10.023054,42,6116.976706
-6.829272,33,6117.390649
-3.473861,26,6117.715441
-7.018147,37,6118.156776
-10.418508,97,6119.327574
-16.283078,133,6120.979751
-13.208805,46,6121.545878
-15.67051,300,6125.212864
-10.524767,117,6126.643563
-9.119386,57,6127.393249
-11.554502,44,6127.92412
-15.294157,82,6128.93433
-19.891185,300,6132.616759
-10.332338,47,6133.211169
-12.567571,51,6133.838491
-12.614398,54,6134.558135
-4.609907,30,6134.917298
-8.243709,40,6135.402924
-13.032564,59,6136.117219
-12.310394,49,6136.711707
-14.589055,75,6137.621009
-8.010588,37,6138.074355
-8.642434,54,6138.73855
-5.570566,81,6139.724014
-3.049956,22,6139.995317
-5.81805,34,6140.41312
-16.023887,58,6141.121878
-15.625971,56,6141.844121
-5.54939,40,6142.333671
-9.473746,156,6144.236971
-6.083264,30,6144.603848
-19.391964,78,6145.569524
-4.040589,29,6145.92609
-5.770427,41,6146.420742
-7.027075,33,6146.824919
-14.099851,59,6147.541259
-3.596222,27,6147.874369
-3.953494,28,6148.22551
-5.440535,31,6148.602714
-5.215104,52,6149.279934
-6.117552,52,6149.905593
-8.72972,59,6150.645689
-7.580127,40,6151.139678
-8.435904,36,6151.574802
-7.811584,35,6151.997518
-4.872021,27,6152.339636
-5.480552,33,6152.740718
-3.048395,10,6152.860934
-13.160201,48,6153.453388
-5.609249,12,6153.604954
-14.875463,54,6154.269847
-5.22705,32,6154.683467
-16.039089,60,6155.418283
-4.337627,28,6155.751253
-8.81532,40,6156.300784
-12.417329,48,6156.883456
-16.301108,63,6157.659939
-14.217871,57,6158.367111
-5.917835,33,6158.773026
-12.781006,46,6159.341586
-12.871573,49,6159.946662
-5.740582,34,6160.366569
-10.65328,76,6161.294085
-14.627598,55,6161.991384
-10.421938,44,6162.537563
-10.941202,65,6163.327509
-5.414952,13,6163.528451
-11.268488,42,6164.041196
-16.305577,54,6164.694857
-14.796133,53,6165.346634
-4.032159,30,6165.709161
-7.471383,38,6166.184631
-6.266568,35,6166.605556
-13.89475,55,6167.267731
-5.098647,28,6167.609371
-19.364726,300,6171.344814
-4.768762,31,6171.718422
-10.082035,45,6172.271517
-9.11185,74,6173.170474
-12.275287,48,6173.751232
-9.356557,53,6174.415456
-13.644909,53,6175.067571
-21.184756,182,6177.30022
-21.003434,112,6178.733158
-20.580132,76,6179.66627
-10.649398,82,6180.670888
-16.087485,69,6181.515047
-9.908,59,6182.238448
-4.324519,26,6182.550611
-6.681662,37,6183.004272
-11.529268,47,6183.571215
-6.822385,14,6183.744778
-6.026785,14,6183.916326
-8.591526,37,6184.369621
-7.738701,37,6184.816981
-3.587295,9,6184.923667
-3.795102,24,6185.208315
-8.901707,43,6185.783775
-6.740681,36,6186.224808
-7.966909,40,6186.702268
-9.714131,41,6187.210016
-5.503062,29,6187.573695
-15.153982,94,6188.730986
-8.146296,69,6189.574129
-5.329128,13,6189.730689
-4.360649,26,6190.056945
-7.488645,39,6190.519081
-5.907797,35,6190.957572
-5.965216,32,6191.357013
-5.565605,32,6191.74745
-5.210612,13,6191.910015
-10.784946,52,6192.591092
-7.912606,74,6193.503284
-12.256998,57,6194.191107
-14.13695,66,6195.010051
-13.001967,76,6195.930284
-10.127817,71,6196.807554
-9.99426,42,6197.309956
-4.372204,29,6197.667001
-13.136336,55,6198.350231
-12.907924,134,6200.022109
-11.950098,44,6200.569016
-9.919447,66,6201.373456
-6.794709,32,6201.776857
-4.604513,30,6202.146577
-11.970657,50,6202.770907
-6.800359,47,6203.348744
-8.754737,106,6204.651934
-10.358743,45,6205.204426
-5.02983,32,6205.582857
-6.917379,44,6206.125616
-7.068219,38,6206.607822
-9.951112,45,6207.196249
-3.648576,24,6207.486546
-6.824531,34,6207.90215
-7.407978,52,6208.550554
-12.730805,45,6209.094078
-7.747601,38,6209.559433
-19.556895,165,6211.579453
-5.749274,58,6212.291768
-6.765009,34,6212.707215
-6.031644,31,6213.088696
-4.709909,10,6213.206382
-8.094063,39,6213.68052
-14.375247,59,6214.446516
-3.822374,14,6214.614398
-13.321744,52,6215.254302
-9.876001,40,6215.753163
-6.625451,32,6216.14315
-6.754503,35,6216.570662
-12.103498,45,6217.118549
-7.96816,37,6217.58516
-11.717538,62,6218.340785
-8.071385,41,6218.84825
-2.691852,22,6219.112514
-19.65375,60,6219.856231
-12.052223,47,6220.451313
-5.811154,14,6220.615638
-5.014887,27,6220.952031
-14.70146,59,6221.706069
-4.91606,11,6221.855669
-5.06075,30,6222.225708
-17.372237,117,6223.67196
-4.266268,25,6223.986149
-11.460059,104,6225.261972
-5.52604,32,6225.649615
-6.626066,37,6226.093256
-18.624279,60,6226.827055
-2.707003,21,6227.094927
-6.275354,12,6227.236011
-10.219845,159,6229.165415
-5.588943,33,6229.632792
-8.39001,43,6230.166137
-15.739296,59,6230.894643
-8.807054,42,6231.401677
-5.876506,31,6231.782111
-3.409091,24,6232.083838
-7.526223,52,6232.724283
-26.403052,182,6234.951267
-7.152902,54,6235.622579
-9.034634,48,6236.199038
-15.853105,101,6237.474291
-8.659102,43,6238.007053
-14.474075,78,6238.953311
-7.730254,56,6239.631778
-6.178305,19,6239.865185
-14.22133,62,6240.618516
-17.414174,298,6244.265893
-10.924805,42,6244.793654
-3.95327,27,6245.118276
-11.388386,48,6245.695346
-11.812601,44,6246.24134
-9.71209,45,6246.793657
-13.565333,48,6247.406423
-10.972199,47,6247.95172
-16.891237,110,6249.205418
-14.180541,49,6249.825052
-13.341077,72,6250.742547
-4.202978,28,6251.081094
-13.717635,53,6251.733088
-7.984182,42,6252.24793
-10.210048,86,6253.304789
-10.696386,45,6253.870281
-4.844194,14,6254.050572
-5.636262,31,6254.426592
-8.628657,40,6254.917336
-14.29891,57,6255.657246
-17.4105,300,6259.309329
-28.094247,290,6262.857125
-7.115625,12,6262.998147
-11.522452,49,6263.582613
-8.693524,42,6264.114271
-6.61147,32,6264.50875
-12.539877,56,6265.241004
-12.817121,75,6266.161292
-27.351807,281,6269.619349
-6.470471,14,6269.785932
-2.860718,21,6270.042447
-14.63435,56,6270.732897
-13.138101,46,6271.297235
-10.681276,46,6271.899025
-6.512076,32,6272.315156
-3.039323,21,6272.576778
-12.482065,71,6273.439508
-5.074655,31,6273.813491
-5.217068,32,6274.206789
-8.69978,37,6274.666563
-12.629075,58,6275.372435
-12.795397,54,6276.03162
-4.24778,42,6276.537862
-14.0801,58,6277.252267
-13.361929,60,6277.989788
-4.664425,12,6278.135427
-4.933742,12,6278.275025
-8.338094,38,6278.754793
-11.450572,50,6279.421827
-3.438113,24,6279.714077
-8.806472,41,6280.210129
-13.05584,52,6280.856196
-3.979974,29,6281.205492
-5.921482,34,6281.619361
-2.974092,23,6281.905882
-16.196532,91,6283.030412
-3.114102,23,6283.305123
-17.898549,143,6285.048459
-6.378817,13,6285.205011
-16.788403,99,6286.40584
-10.279549,64,6287.258574
-7.358304,36,6287.696554
-11.225067,82,6288.699362
-10.562862,41,6289.202885
-7.607894,36,6289.648693
-9.587709,44,6290.178526
-13.263735,68,6291.005101
-9.939633,44,6291.539475
-11.591137,49,6292.13577
-4.82507,30,6292.501573
-19.300105,70,6293.362946
-15.297992,55,6294.070029
-3.66747,45,6294.626019
-4.960084,31,6294.996904
-4.173437,53,6295.658647
-10.209936,46,6296.210898
-5.394467,32,6296.610799
-8.738738,42,6297.130603
-6.079038,31,6297.518486
-9.630745,45,6298.064644
-12.862347,51,6298.694167
-2.759555,22,6298.968433
-10.324004,67,6299.779745
-11.668072,47,6300.35883
-6.762103,32,6300.81791
-3.332504,25,6301.130376
-12.995953,60,6301.864812
-11.315411,85,6302.913669
-12.662453,68,6303.73949
-6.812239,60,6304.471648
-9.926391,47,6305.048705
-9.939691,39,6305.526427
-15.846897,60,6306.252275
-14.928417,96,6307.414029
-13.82881,78,6308.413837
-14.271039,66,6309.220712
-8.026934,40,6309.718684
-6.951559,47,6310.291328
-5.097644,31,6310.670507
-9.287014,44,6311.197277
-8.572454,38,6311.665122
-3.209278,23,6311.94749
-5.232609,31,6312.321515
-17.122429,300,6316.04166
-8.722059,64,6316.82576
-11.601716,49,6317.427142
-7.243646,38,6317.888634
-8.490834,46,6318.448138
-15.928499,51,6319.090058
-6.577889,35,6319.513955
-16.831275,104,6320.797949
-12.149938,59,6321.514647
-2.371222,19,6321.750423
-12.384809,58,6322.443113
-6.603461,36,6322.933446
-9.494733,62,6323.701346
-6.020588,34,6324.114851
-9.840991,66,6324.923808
-9.765055,49,6325.505464
-14.677087,78,6326.460058
-14.845161,102,6327.710711
-2.502134,21,6327.967025
-7.849364,67,6328.785997
-17.591064,86,6329.852061
-3.525014,24,6330.187821
-10.271624,67,6331.008692
-8.548124,41,6331.513339
-10.18237,45,6332.056873
-6.890925,33,6332.457766
-4.104639,30,6332.823697
-6.350524,63,6333.599038
-17.450924,66,6334.407851
-6.226834,10,6334.527531
-5.75966,33,6334.940673
-2.334494,19,6335.176043
-4.834307,8,6335.278739
-10.616615,46,6335.838874
-5.262849,13,6335.994458
-9.875091,49,6336.594574
-5.093085,13,6336.754171
-9.463063,63,6337.578291
-15.78272,61,6338.328732
-13.475483,120,6339.776625
-12.899294,97,6340.962154
-14.48061,47,6341.537558
-7.618353,52,6342.179968
-7.632378,15,6342.361483
-4.885456,10,6342.480166
-7.779755,39,6342.958869
-4.474481,27,6343.303097
-4.388018,28,6343.648175
-7.46,37,6344.106589
-9.268331,58,6344.848986
-12.564836,77,6345.81997
-2.991624,23,6346.10626
-11.402468,49,6346.69765
-15.014624,62,6347.461824
-8.996768,64,6348.246467
-10.643079,59,6348.960484
-9.631383,65,6349.766691
-12.669608,54,6350.413532
-19.797211,80,6351.390147
-4.682842,41,6351.904045
-7.266164,39,6352.431035
-12.337945,47,6353.031048
-4.092325,26,6353.355369
-7.550748,35,6353.818892
-8.847738,65,6354.612605
-15.833772,140,6356.337708
-9.016531,73,6357.223992
-7.133063,35,6357.661821
-2.385949,22,6357.928138
-7.165405,34,6358.34148
-8.220597,48,6358.926032
-10.463009,59,6359.70454
-3.388102,25,6360.021347
-13.248269,98,6361.240275
-18.878253,300,6364.969612
-7.662708,56,6365.710176
-4.312479,37,6366.182328
-10.886467,42,6366.706285
-9.66296,71,6367.581816
-5.395332,34,6368.00013
-15.538684,134,6369.65074
-7.543628,40,6370.142596
-4.931909,43,6370.67279
-14.640086,56,6371.3536
-10.748363,47,6371.946241
-11.586382,99,6373.179908
-7.043642,38,6373.638514
-10.089485,43,6374.177834
-9.490373,41,6374.675721
-4.832334,51,6375.302153
-4.673107,37,6375.748278
-5.067133,41,6376.256946
-13.353603,81,6377.245688
-11.366298,49,6377.845553
-6.789798,33,6378.24854
-8.72952,56,6378.935231
-8.070258,68,6379.773102
-12.805625,48,6380.396238
-9.257356,44,6380.928073
-3.693298,42,6381.450676
-8.338498,65,6382.258486
-19.657186,130,6383.93902
-10.464121,48,6384.534398
-10.057196,60,6385.277411
-4.561006,35,6385.724216
-17.76036,136,6387.394835
-13.595479,57,6388.106753
-15.73785,53,6388.756418
-4.903576,29,6389.106481
-10.268864,72,6389.995603
-19.992327,300,6393.694843
-3.265806,26,6394.03197
-17.140967,123,6395.519029
-11.392598,101,6396.775306
-5.777061,40,6397.262596
-9.078029,73,6398.200272
-10.42075,47,6398.79478
-5.604922,38,6399.264341
-17.875441,65,6400.059977
-4.242194,38,6400.528852
-4.258772,50,6401.149305
-11.154927,117,6402.588788
-12.170947,54,6403.246457
-12.856404,91,6404.363888
-30.747166,278,6407.773212
-5.436475,32,6408.175458
-6.663006,21,6408.427701
-7.580616,42,6408.943605
-7.573423,24,6409.22985
-5.608354,40,6409.723479
-8.962999,42,6410.301439
-10.640327,59,6411.028092
-8.393563,50,6411.624739
-8.117155,57,6412.327335
-15.213278,300,6416.031608
-13.436424,84,6417.046613
-10.762019,57,6417.748029
-6.204763,43,6418.279608
-15.647358,73,6419.187092
-12.800826,118,6420.619042
-16.398371,300,6424.4115
-8.212088,40,6424.927872
-12.937917,68,6425.738313
-6.235418,34,6426.136251
-10.190791,43,6426.62567
-8.933101,37,6427.043155
-3.801159,25,6427.320195
-8.136207,35,6427.726599
-12.998301,60,6428.403171
-14.232784,87,6429.388388
-19.233225,96,6430.470727
-17.170658,99,6431.602959
-12.142946,88,6432.595276
-6.408969,36,6432.997275
-15.741085,51,6433.570742
-4.564317,9,6433.671375
-13.160131,48,6434.214763
-7.231141,38,6434.638725
-5.335452,48,6435.179638
-9.645178,39,6435.6617
-6.026571,55,6436.284259
-5.653451,13,6436.432902
-27.956177,278,6439.572416
-8.646846,38,6440.005091
-7.064693,39,6440.439192
-26.737327,300,6443.853984
-9.065052,63,6444.566969
-2.571235,22,6444.816273
-18.649052,67,6445.567775
-9.106335,38,6446.003857
-12.219707,48,6446.543811
-11.058289,44,6447.045203
-23.753114,300,6450.487839
-12.915874,104,6451.679685
-18.398528,77,6452.550255
-12.055604,47,6453.080486
-8.828068,52,6453.667642
-22.924787,300,6457.0443
-3.770171,34,6457.425216
-3.781208,29,6457.795597
-10.320085,64,6458.507833
-2.652446,22,6458.768083
-11.929387,44,6459.268744
-2.84583,22,6459.518331
-17.033616,91,6460.544968
-14.549231,143,6462.169324
-10.301648,44,6462.661693
-9.562537,39,6463.096159
-24.576861,220,6465.599465
-11.704577,76,6466.462425
-11.855838,202,6468.754442
-10.004961,49,6469.315396
-7.286976,34,6469.701755
-2.148639,20,6469.925124
-10.240721,49,6470.485678
-6.580836,33,6470.855524
-7.904788,36,6471.261464
-15.618811,52,6471.851202
-19.104135,74,6472.739135
-9.924969,41,6473.206514
-8.278152,61,6473.896085
-12.332486,51,6474.501315
-3.097293,26,6474.794687
-14.019776,57,6475.434211
-13.488216,47,6475.972494
-4.152497,31,6476.33242
-5.946136,30,6476.672352
-4.30721,29,6476.998491
-4.181022,32,6477.353541
-3.121705,25,6477.636413
-6.950388,32,6477.997923
-12.19202,52,6478.592977
-14.656085,58,6479.248943
-9.094448,41,6479.746301
-14.960812,64,6480.468399
-9.099169,38,6480.895665
-12.872585,127,6482.333064
-9.621728,40,6482.782043
-23.268828,170,6484.711804
-13.885273,56,6485.335645
-5.058958,51,6485.924043
-9.413828,33,6486.311714
-12.326626,68,6487.110643
-8.371808,37,6487.52753
-5.866807,31,6487.880117
-3.61045,26,6488.181191
-14.298252,48,6488.72174
-4.494978,30,6489.05687
-5.494138,13,6489.203484
-2.257837,20,6489.427881
-9.369224,42,6489.906763
-9.378513,43,6490.396318
-15.47795,242,6493.133375
-19.137302,68,6493.931702
-5.889898,12,6494.065345
-7.235382,38,6494.49422
-15.24688,56,6495.120888
-23.831026,209,6497.461011
-7.938337,40,6497.915589
-11.322445,49,6498.468
-5.037059,33,6498.832123
-21.118877,300,6502.28916
-11.724562,45,6502.799182
-7.809337,36,6503.207059
-4.208772,30,6503.543766
-11.885449,43,6504.029815
-13.015564,97,6505.115721
-3.270822,22,6505.366052
-5.699479,12,6505.501689
-9.071501,64,6506.218208
-5.869499,12,6506.352848
-6.516947,32,6506.725635
-5.098261,34,6507.107002
-5.164044,33,6507.480035
-18.328908,75,6508.334199
-5.280123,29,6508.656589
-15.839675,158,6510.480885
-15.390104,112,6511.738716
-35.475607,300,6515.127449
-8.797686,38,6515.557519
-7.166665,34,6515.937574
-7.660819,37,6516.401223
-3.572735,24,6516.676487
-4.425848,31,6517.024667
-7.207741,42,6517.498847
-5.845234,33,6517.872024
-6.181225,41,6518.331678
-4.698183,32,6518.68602
-13.882478,47,6519.214995
-5.993906,14,6519.370578
-14.710239,56,6519.995906
-15.159955,59,6520.668837
-5.099965,34,6521.050898
-7.908323,35,6521.44154
-7.019598,33,6521.808853
-9.731256,72,6522.619549
-13.697716,52,6523.204015
-2.20954,20,6523.430803
-11.766688,44,6523.964708
-5.77483,31,6524.31545
-9.445216,39,6524.757247
-5.892317,35,6525.159168
-5.566044,36,6525.567571
-6.411475,41,6526.028345
-12.499829,45,6526.537354
-6.54796,52,6527.122754
-12.700639,53,6527.718102
-4.170942,44,6528.215854
-12.107777,46,6528.734189
-20.086337,300,6532.160717
-20.594831,300,6535.531741
-9.270572,38,6535.97038
-6.080804,36,6536.371249
-11.131072,51,6536.940723
-5.643721,31,6537.29207
-7.493707,33,6537.662052
-5.685058,29,6537.990553
-12.189961,50,6538.592483
-15.306461,59,6539.25663
-15.999657,96,6540.335336
-3.912492,9,6540.433074
-5.301758,37,6540.856972
-7.733547,34,6541.239802
-3.809923,28,6541.561943
-6.721445,60,6542.237966
-5.330031,34,6542.62191
-7.084803,39,6543.060713
-6.301177,55,6543.682485
-5.207282,48,6544.224038
-7.976437,39,6544.660683
-28.896457,300,6548.06924
-6.89221,35,6548.475323
-41.190576,300,6551.852261
-5.108953,32,6552.213357
-6.823479,33,6552.585932
-4.265092,31,6552.934336
-12.866527,46,6553.499795
-6.228728,59,6554.162309
-5.666459,36,6554.572275
-17.393312,64,6555.304067
-4.118228,39,6555.743165
-5.326454,13,6555.894426
-10.301114,42,6556.368452
-17.155248,68,6557.142808
-28.693129,300,6560.509149
-5.087836,31,6560.902755
-15.982638,66,6561.645636
-4.157748,28,6561.962434
-10.390756,47,6562.486181
-7.0778,36,6562.918949
-5.050089,31,6563.264995
-9.45398,45,6563.779004
-7.452685,40,6564.230796
-3.55912,29,6564.56436
-7.877302,40,6565.019532
-34.728814,226,6567.567992
-15.455921,63,6568.321653
-14.370296,64,6569.047005
-9.492789,49,6569.600222
-36.332292,230,6572.174427
-6.127323,45,6572.677474
-11.715235,47,6573.211045
-6.418113,13,6573.354661
-6.741362,14,6573.510552
-4.602127,38,6573.937458
-8.169069,36,6574.338493
-3.326802,25,6574.619739
-24.653287,117,6575.97295
-9.307294,40,6576.426623
-7.81879,35,6576.822878
-7.100645,35,6577.219845
-6.785949,62,6577.932829
-15.282598,71,6578.730731
-11.096728,48,6579.271934
-12.026713,42,6579.740825
-6.801055,37,6580.154
-5.391249,30,6580.491678
-11.773312,50,6581.058035
-6.596332,14,6581.21359
-15.031011,246,6584.025531
-11.682952,51,6584.605909
-12.942335,50,6585.174778
-14.109684,144,6586.801708
-8.043603,42,6587.284401
-5.735728,12,6587.41904
-15.921772,79,6588.319072
-8.512863,44,6588.81157
-14.358197,56,6589.447454
-19.769399,300,6592.874536
-14.646816,56,6593.507337
-7.590679,34,6593.891512
-9.077573,44,6594.39347
-12.14961,54,6595.00521
-8.805693,43,6595.490649
-9.388606,67,6596.242908
-10.513553,41,6596.707666
-7.818472,89,6597.743064
-6.808141,53,6598.349428
-7.296138,38,6598.774838
-8.39933,49,6599.332319
-5.326332,34,6599.709651
-15.709954,85,6600.663581
-10.169607,46,6601.186395
-10.321821,58,6601.828816
-12.380387,47,6602.361389
-9.723518,40,6602.810094
-5.459649,34,6603.195432
-8.69415,51,6603.765168
-11.883809,59,6604.423853
-16.649618,112,6605.683628
-6.476295,31,6606.033431
-11.853229,46,6606.564725
-8.941786,44,6607.065249
-10.550948,41,6607.527916
-4.191108,26,6607.823989
-7.105459,34,6608.21006
-7.844379,35,6608.608993
-10.950266,46,6609.130663
-9.652109,43,6609.615368
-4.719437,28,6609.93161
-6.065,33,6610.304202
-8.988333,78,6611.195484
-43.662802,300,6614.552251
-7.605436,35,6614.947104
-11.098375,49,6615.509504
-6.970278,36,6615.919971
-6.664584,38,6616.340717
-29.166356,300,6619.771998
-6.499074,32,6620.139664
-12.958815,70,6620.927109
-12.060313,44,6621.423505
-7.607411,37,6621.847038
-13.680012,51,6622.413718
-5.361904,29,6622.741671
-7.987632,42,6623.21264
-26.49648,208,6625.6016
-5.331635,29,6625.926968
-16.949523,54,6626.53383
-10.047063,47,6627.05582
-6.312582,13,6627.199438
-8.662462,66,6627.94348
-5.262311,33,6628.325411
-5.130661,32,6628.685498
-8.425227,37,6629.102387
-8.863805,37,6629.518158
-4.935547,9,6629.617921
-5.253329,34,6629.996442
-19.801303,73,6630.817866
-5.025577,28,6631.143979
-5.29404,9,6631.242712
-9.171899,44,6631.782822
-9.395886,44,6632.289365
-18.543235,59,6632.949779
-5.549969,32,6633.310107
-10.229298,61,6633.991285
-9.891155,45,6634.491876
-3.340298,24,6634.756744
-2.545817,21,6634.994633
-6.615534,13,6635.141236
-5.870438,32,6635.50479
-6.386736,66,6636.253758
-18.766078,113,6637.543805
-24.118013,78,6638.424844
-6.798312,18,6638.62631
-9.76626,76,6639.527624
-2.772219,23,6639.788652
-7.064431,38,6640.213766
-8.927665,42,6640.681062
-3.95828,27,6640.983916
-4.689958,61,6641.678984
-13.660104,57,6642.323506
-5.298941,33,6642.704184
-10.469045,47,6643.238783
-11.471798,39,6643.679976
-6.768945,14,6643.837525
-9.042762,44,6644.337655
-5.266398,38,6644.769531
-9.094088,38,6645.201509
-6.686101,36,6645.608114
-6.902444,36,6646.013919
-3.667742,27,6646.338426
-9.814794,39,6646.795232
-6.475906,36,6647.205136
-5.573687,31,6647.552301
-10.122209,42,6648.021152
-6.24336,34,6648.400627
-5.915124,31,6648.749529
-9.523642,45,6649.271988
-4.693155,14,6649.431036
-6.178486,49,6649.998544
-2.33255,20,6650.2263
-9.177962,44,6650.728569
-5.684326,30,6651.062676
-4.766492,48,6651.607927
-12.506699,46,6652.120028
-4.960351,9,6652.219732
-8.193062,105,6653.450784
-4.730935,28,6653.766621
-6.23225,35,6654.165531
-6.58774,37,6654.584054
-38.650993,300,6657.966713
-9.599697,40,6658.429025
-4.6878,10,6658.541724
-8.248959,36,6658.947407
-4.627549,35,6659.344203
-7.931854,37,6659.760025
-10.486045,43,6660.245644
-9.814914,69,6661.067107
-11.783689,46,6661.579736
-5.91324,34,6661.956355
-3.920412,54,6662.56085
-10.119405,82,6663.497051
-6.153148,41,6663.961677
-13.358816,203,6666.249243
-10.156765,42,6666.720392
-7.331553,40,6667.167606
-15.636867,51,6667.784295
-5.19546,30,6668.121868
-8.624058,36,6668.530774
-8.711138,54,6669.143285
-11.906307,46,6669.666598
-4.516189,27,6669.978158
-7.907714,56,6670.607301
-5.000108,29,6670.932853
-12.803042,74,6671.774813
-11.783945,63,6672.484105
-9.48441,46,6673.003654
-7.628533,34,6673.385176
-12.718729,52,6673.975567
-4.161953,30,6674.316533
-4.926746,31,6674.693307
-6.944616,34,6675.095138
-6.28089,14,6675.248756
-11.667446,44,6675.744524
-5.922024,30,6676.083174
-6.404231,13,6676.225822
-8.811419,73,6677.047973
-4.50351,30,6677.389827
-6.871597,41,6677.851183
-5.881931,30,6678.184385
-5.738761,33,6678.557758
-14.566778,86,6679.53508
-8.701057,39,6679.972938
-14.457513,81,6680.880696
-4.129682,29,6681.216798
-4.340625,41,6681.67978
-13.850574,52,6682.300306
-10.771475,45,6682.806262
-8.255937,36,6683.21118
-13.907239,109,6684.43327
-7.014838,14,6684.588299
-3.66733,26,6684.888262
-5.038589,29,6685.213387
-11.114958,63,6685.932097
-13.792959,50,6686.488436
-8.702708,40,6686.936053
-11.019336,48,6687.476542
-9.427523,75,6688.323221
-4.292682,28,6688.640002
-4.159945,26,6688.93251
-11.398176,46,6689.497026
-15.92633,66,6690.242865
-11.943727,52,6690.827507
-11.386871,50,6691.393918
-5.258793,32,6691.754874
-14.376766,56,6692.379353
-14.840298,49,6692.922876
-10.179532,108,6694.14186
-6.962356,50,6694.697864
-12.099951,48,6695.237527
-7.098949,14,6695.392113
-15.446089,54,6696.00986
-9.158826,55,6696.630183
-5.085642,13,6696.789728
-18.659255,139,6698.386109
-16.48671,61,6699.072351
-10.231186,45,6699.580646
-8.22083,60,6700.257187
-12.093365,59,6700.927598
-9.088948,157,6702.709961
-15.435132,55,6703.332781
-7.087849,34,6703.720774
-6.918305,39,6704.178939
-20.281643,79,6705.081707
-5.358913,30,6705.415274
-7.926783,36,6705.819194
-4.919761,14,6705.974748
-14.379862,48,6706.514507
-2.476094,24,6706.782788
-4.533495,30,6707.12285
-9.287312,42,6707.59199
-4.446811,56,6708.23027
-10.832317,59,6708.907779
-9.291003,54,6709.513708
-9.107271,45,6710.023715
-10.916356,44,6710.514957
-13.268586,54,6711.12739
-19.106927,300,6714.589076
-4.157138,12,6714.732819
-5.243931,30,6715.073715
-10.252577,84,6716.02191
-7.936564,37,6716.445705
-3.355958,24,6716.71614
-7.965251,39,6717.159002
-3.709202,13,6717.303617
-8.670811,38,6717.736956
-10.534021,45,6718.247007
-15.331684,67,6719.056336
-10.741126,41,6719.516614
-8.988977,38,6719.949864
-12.469906,50,6720.510365
-5.151013,30,6720.869404
-3.388213,26,6721.168605
-11.140529,49,6721.725116
-13.264312,62,6722.43821
-14.091582,55,6723.068524
-8.231325,74,6723.923441
-12.540139,53,6724.527793
-5.343744,10,6724.640491
-8.63737,71,6725.453265
-6.869086,47,6726.057626
-14.081677,56,6726.706917
-4.161901,12,6726.84452
-8.066538,93,6727.904714
-4.939919,13,6728.052319
-5.998141,32,6728.430278
-15.251176,70,6729.226375
-15.126462,107,6730.432422
-10.86714,43,6730.916443
-3.744567,26,6731.204597
-13.346739,50,6731.763102
-7.962965,16,6731.947608
-14.943248,51,6732.524344
-3.875471,12,6732.656991
-5.953396,14,6732.812423
-9.400686,38,6733.280329
-14.462662,94,6734.354301
-3.349699,12,6734.490935
-7.987591,40,6734.940223
-4.040788,25,6735.216514
-9.360142,44,6735.715518
-5.55454,30,6736.059284
-12.142186,51,6736.631883
-7.834908,40,6737.083079
-7.946397,37,6737.502653
-3.934965,26,6737.795426
-28.518484,248,6740.592911
-4.149976,12,6740.725557
-5.147793,29,6741.050716
-5.200372,36,6741.458022
-2.630035,22,6741.708985
-15.407474,57,6742.355523
-15.901111,75,6743.194153
-6.906603,14,6743.34887
-8.4189,42,6743.819618
-18.767837,112,6745.087383
-3.705151,27,6745.389585
-19.648183,91,6746.4081
-5.10896,28,6746.722773
-5.134608,32,6747.086834
-14.280264,58,6747.734473
-5.093937,13,6747.891376
-4.469614,27,6748.203548
-6.891892,61,6748.902027
-10.865854,47,6749.422634
-5.348628,31,6749.767713
-18.809747,119,6751.118804
-9.015493,57,6751.764453
-7.179223,35,6752.201562
-5.931585,31,6752.550905
-8.467437,61,6753.233449
-4.485534,9,6753.340193
-8.219731,41,6753.798962
-4.402826,26,6754.08903
-13.005257,52,6754.669435
-7.886856,41,6755.12755
-13.554099,56,6755.753044
-10.697991,88,6756.752252
-10.175248,57,6757.390707
-7.865195,38,6757.817631
-4.765273,9,6757.917419
-6.477993,13,6758.070867
-11.368117,122,6759.444972
-9.434193,44,6759.942513
-7.975903,35,6760.332499
-14.545446,80,6761.261338
-7.281219,34,6761.648153
-12.875482,71,6762.443813
-6.955244,33,6762.816919
-8.198015,68,6763.573279
-9.366244,42,6764.052699
-9.771424,40,6764.503608
-7.622279,66,6765.246048
-3.48031,26,6765.542284
-4.014933,24,6765.812561
-6.539981,32,6766.171905
-4.042372,27,6766.47265
-8.485345,67,6767.228264
-18.297944,69,6767.996635
-7.964921,37,6768.450898
-13.37491,161,6770.268795
-4.64155,9,6770.375846
-5.182004,13,6770.522469
-14.370191,98,6771.628814
-7.444273,35,6772.026896
-4.141666,12,6772.161562
-6.839512,14,6772.317179
-4.67354,9,6772.417616
-10.517748,43,6772.911295
-5.249425,32,6773.271419
-8.524122,36,6773.678484
-14.845911,62,6774.381966
-2.692788,21,6774.614648
-3.503117,24,6774.886853
-21.006789,73,6775.747918
-9.48193,65,6776.47287
-9.319832,39,6776.912668
-4.509748,29,6777.240307
-8.403786,42,6777.715546
-10.986422,47,6778.237675
-2.549286,21,6778.482345
-11.248354,71,6779.287176
-12.415463,56,6779.918191
-3.561063,12,6780.052831
-10.969254,79,6780.942723
-5.663693,30,6781.277617
-7.916399,35,6781.663614
-2.976345,23,6781.923917
-12.396119,46,6782.437372
-10.541423,61,6783.165426
-9.345821,47,6783.698485
-7.519122,46,6784.226294
-3.935822,13,6784.36991
-4.630331,14,6784.527905
-8.792252,53,6785.120321
-16.867109,55,6785.740667
-17.987606,64,6786.459656
-13.383566,83,6787.390352
-15.915558,56,6788.017931
-6.32991,33,6788.393787
-13.506959,48,6788.954293
-15.116853,53,6789.557789
-6.934434,15,6789.729376
-4.572749,14,6789.886258
-3.229638,22,6790.1611
-3.766646,27,6790.477248
-16.019178,52,6791.063866
-9.980142,45,6791.570889
-16.345796,81,6792.492371
-8.083755,38,6792.919545
-3.121741,22,6793.166368
-11.659858,43,6793.65369
-14.253023,86,6794.625737
-13.219598,46,6795.139667
-3.960898,26,6795.433437
-4.331106,29,6795.761675
-12.42151,65,6796.490724
-7.699797,35,6796.883673
-4.469422,27,6797.185865
-17.463996,70,6798.006753
-6.402193,34,6798.386654
-6.611407,13,6798.543236
-5.672094,30,6798.885292
-7.597985,34,6799.264083
-11.599795,45,6799.770857
-11.924114,52,6800.356485
-5.554379,58,6801.014859
-3.950073,25,6801.292174
-9.526243,45,6801.80181
-13.27346,71,6802.601095
-12.592697,52,6803.185658
-9.503461,54,6803.797724
-12.440473,51,6804.370584
-5.183039,31,6804.722592
-11.52979,47,6805.28721
-4.525739,9,6805.385945
-10.061119,49,6805.935607
-5.341195,29,6806.264721
-7.954826,42,6806.732851
-19.464502,68,6807.491789
-6.304032,13,6807.637399
-9.501148,61,6808.333323
-9.557093,44,6808.837061
-3.785772,27,6809.140282
-6.409193,38,6809.57075
-4.861627,9,6809.669457
-2.811242,13,6809.816008
-14.32407,126,6811.247129
-8.970652,38,6811.677949
-12.507998,52,6812.264951
-13.18409,53,6812.900209
-6.523965,37,6813.324974
-9.355667,45,6813.829654
-8.224334,37,6814.240555
-18.476504,300,6817.625808
-6.07648,30,6817.964899
-3.138774,31,6818.311086
-8.770546,38,6818.737873
-10.682232,46,6819.254071
-7.859196,35,6819.648829
-18.486817,61,6820.373471
-11.565964,46,6820.895371
-12.667154,59,6821.554512
-7.837654,37,6821.966521
-8.501416,73,6822.787443
-9.678648,45,6823.291412
-10.490226,141,6824.888331
-25.053308,161,6826.695456
-6.335265,35,6827.121077
-9.442101,40,6827.575889
-7.105216,34,6827.961882
-5.83571,17,6828.15781
-9.712982,39,6828.596883
-9.779375,42,6829.07261
-15.581741,55,6829.685648
-4.269836,29,6830.016762
-8.445266,41,6830.479554
-2.480257,23,6830.742336
-10.204319,47,6831.266349
-8.963611,39,6831.707311
-9.914911,49,6832.252752
-11.597989,51,6832.835724
-23.451835,300,6836.258565
-14.050737,62,6836.964489
-10.68435,66,6837.706534
-10.404519,51,6838.281345
-13.446305,55,6838.901376
-10.726906,43,6839.382373
-11.363989,44,6839.879044
-13.442284,54,6840.485661
-9.390551,39,6840.930087
-3.44998,24,6841.208387
-12.26403,45,6841.717719
-12.35319,46,6842.284109
-8.457158,42,6842.757294
-8.996039,43,6843.247246
-10.592523,42,6843.717848
-13.740161,61,6844.401021
-9.663496,39,6844.836967
-11.457968,42,6845.317283
-8.145895,38,6845.742733
-6.803044,14,6845.91607
-6.35284,13,6846.06171
-6.503434,36,6846.464631
-8.434674,42,6846.938335
-8.246053,36,6847.345893
-9.100566,46,6847.86753
-6.587128,33,6848.242397
-3.919569,26,6848.534638
-8.362186,87,6849.543059
-16.203313,185,6851.681312
-3.321463,25,6851.97353
-11.08959,42,6852.457818
-7.166312,91,6853.506045
-12.612306,53,6854.111635
-5.265823,39,6854.559406
-3.926352,26,6854.85748
-11.72022,85,6855.839856
-11.475085,85,6856.819547
-3.062195,23,6857.088124
-15.074374,54,6857.74833
-11.62722,51,6858.356185
-6.320856,14,6858.512764
-2.150681,19,6858.729185
-13.526456,94,6859.815453
-14.069864,51,6860.401319
-5.303891,29,6860.728472
-13.261226,70,6861.547237
-11.777617,56,6862.179546
-12.798354,63,6862.892709
-4.237581,25,6863.186414
-19.896707,89,6864.22987
-16.439407,54,6864.8562
-9.299799,40,6865.30896
-13.540613,55,6865.934288
-8.387027,44,6866.429963
-9.958111,41,6866.892725
-4.712263,13,6867.036366
-7.636976,52,6867.626804
-9.923666,53,6868.250138
-6.50211,58,6868.965751
-7.695969,14,6869.139286
-3.115222,23,6869.399619
-10.513994,45,6869.910072
-15.725554,56,6870.547111
-10.499552,57,6871.19995
-3.642402,26,6871.493166
-12.113309,54,6872.105528
-5.001994,28,6872.429661
-14.463573,54,6873.051958
-19.557784,73,6873.924731
-12.062147,74,6874.777776
-6.245038,39,6875.233557
-10.525619,42,6875.724052
-12.076034,44,6876.283586
-7.164633,33,6876.666899
-13.930467,69,6877.45401
-10.575603,53,6878.048392
-12.527275,46,6878.574985
-16.890007,138,6880.168013
-5.368019,30,6880.507107
-8.696357,39,6880.96192
-3.466457,28,6881.293005
-2.948646,22,6881.553309
-6.524024,32,6881.922997
-4.999187,38,6882.382743
-13.672324,59,6883.06649
-7.640932,35,6883.497442
-11.419701,45,6884.041986
-16.055726,93,6885.116692
-16.510531,98,6886.24467
-6.768471,33,6886.634633
-13.318009,65,6887.377952
-7.979435,42,6887.864968
-2.662553,21,6888.108145
-9.758674,88,6889.130462
-9.171864,140,6890.73916
-6.134199,32,6891.154051
-6.740572,40,6891.619805
-11.379789,43,6892.116592
-21.343639,155,6893.898963
-2.21342,18,6894.112213
-18.688501,177,6896.095586
-4.252896,25,6896.377831
-10.112864,56,6897.005743
-14.765885,58,6897.662859
-14.012356,50,6898.221365
-13.43066,48,6898.808459
-7.995859,85,6899.767642
-6.736665,14,6899.923229
-17.839954,112,6901.182411
-3.926046,26,6901.479619
-4.972008,30,6901.814181
-9.485381,44,6902.303839
-6.519998,14,6902.458203
-9.985382,50,6903.018752
-9.66997,39,6903.463143
-14.009578,58,6904.113733
-7.514953,35,6904.506685
-4.891847,27,6904.812837
-9.084135,39,6905.251558
-8.127957,36,6905.711299
-2.96679,23,6905.966532
-5.804466,42,6906.44164
-35.243784,300,6909.812755
-12.529316,47,6910.345876
-15.519663,60,6911.017276
-7.538008,40,6911.462513
-15.05978,61,6912.154713
-14.288565,69,6912.929227
-9.619992,42,6913.441886
-8.327913,42,6913.918543
-5.569201,35,6914.305212
-6.785073,37,6914.726395
-11.691456,51,6915.306346
-7.263567,34,6915.701813
-4.625429,30,6916.039014
-6.575072,36,6916.443934
-5.100515,29,6916.767066
-7.143808,32,6917.126078
-12.811474,46,6917.658938
-8.642993,38,6918.091341
-3.897382,25,6918.368646
-7.740105,35,6918.767639
-16.824719,58,6919.429462
-14.745426,60,6920.108455
-13.860839,49,6920.695386
-5.3225,32,6921.05437
-4.426415,28,6921.37252
-4.937278,28,6921.689797
-11.037052,47,6922.218945
-2.8612,29,6922.552516
-5.886187,13,6922.696131
-10.335097,42,6923.166933
-6.252005,31,6923.52298
-8.16208,40,6923.969337
-13.706687,54,6924.572292
-4.988643,31,6924.92039
-9.012198,38,6925.345258
-3.533046,30,6925.680042
-8.963849,37,6926.096988
-8.409528,65,6926.838284
-10.020971,40,6927.289753
-11.213594,52,6927.895218
-6.067014,47,6928.446222
-9.630752,56,6929.078295
-8.515301,43,6929.56015
-6.573789,57,6930.199386
-6.428613,32,6930.557292
-6.630459,32,6930.921321
-17.560026,48,6931.462322
-6.154907,48,6932.018833
-9.316922,49,6932.567366
-10.529142,46,6933.08328
-13.868076,50,6933.640216
-11.275108,44,6934.143387
-6.726321,14,6934.301965
-19.880869,219,6936.798612
-6.052012,31,6937.14797
-2.71605,26,6937.442568
-10.597388,41,6937.902211
-9.540589,76,6938.776084
-7.589574,34,6939.170419
-7.364816,38,6939.604238
-11.141846,95,6940.675877
-14.323836,68,6941.437105
-16.6213,72,6942.260748
-13.413824,87,6943.297435
-14.944036,63,6943.998803
-11.556182,61,6944.68072
-9.896368,42,6945.157402
-9.041267,37,6945.585317
-8.871002,39,6946.021152
-15.411082,131,6947.493629
-5.345559,36,6947.895246
-11.037863,43,6948.38089
-4.429761,30,6948.718835
-10.738797,48,6949.264063
-6.938981,46,6949.78236
-6.98049,38,6950.21167
-10.30644,48,6950.803077
-7.955631,47,6951.33665
-13.608409,49,6951.883626
-8.491079,45,6952.390242
-4.001414,26,6952.683737
-13.814658,50,6953.247724
-13.763057,49,6953.796276
-15.053615,69,6954.569964
-5.788599,14,6954.727669
-5.294808,33,6955.102666
-15.271262,51,6955.681643
-2.86385,28,6956.003182
-11.770277,49,6956.553571
-10.387787,46,6957.077439
-5.776004,29,6957.437822
-13.038857,47,6957.967348
-16.371825,63,6958.687821
-5.620335,35,6959.081566
-3.63055,51,6959.659024
-16.53021,58,6960.315636
-2.507407,22,6960.563327
-14.575646,52,6961.15846
-27.267975,300,6964.578352
-8.722918,42,6965.055253
-9.97515,41,6965.517064
-10.531279,44,6966.01827
-9.239293,46,6966.539017
-12.44585,57,6967.177063
-9.570165,49,6967.733155
-6.467381,46,6968.249228
-6.480726,37,6968.667238
-12.585683,57,6969.328764
-6.584072,15,6969.492373
-6.280201,31,6969.841879
-2.714216,22,6970.093722
-2.568116,21,6970.328758
-5.257683,32,6970.690717
-12.743382,131,6972.212313
-9.612753,94,6973.264499
-6.899816,14,6973.423699
-7.159444,38,6973.848427
-4.429708,26,6974.15068
-18.470502,68,6974.915894
-9.421594,108,6976.132108
-6.865881,32,6976.491488
-7.827077,39,6976.926361
-9.648654,53,6977.516901
-13.920044,52,6978.099166
-5.944238,38,6978.530048
-6.60084,36,6978.941003
-6.13221,31,6979.300978
-4.254699,25,6979.589417
-7.275141,34,6979.971742
-6.752764,37,6980.384372
-3.115799,30,6980.723242
-9.274856,57,6981.374392
-10.340023,47,6981.902647
-8.779827,42,6982.376226
-5.294296,30,6982.711439
-13.762501,66,6983.460436
-2.62448,22,6983.710989
-8.357553,69,6984.499242
-5.746713,31,6984.84631
-2.154519,20,6985.076495
-6.642065,32,6985.434113
-3.650367,26,6985.722414
-12.608783,49,6986.277969
-3.265171,24,6986.547492
-11.124733,61,6987.229907
-13.896642,67,6987.987525
-9.323979,62,6988.694554
-3.23065,25,6988.986773
-13.688015,72,6989.787345
-13.440946,49,6990.338659
-15.284651,79,6991.278995
-14.277635,93,6992.327451
-3.405775,25,6992.607388
-4.988897,30,6992.942489
-8.551475,38,6993.372344
-13.131128,49,6993.922275
-3.949784,26,6994.212908
-6.483831,32,6994.584776
-8.99831,37,6995.007135
-4.065958,34,6995.39503
-9.191477,44,6995.894273
-3.362086,24,6996.165937
-13.569572,47,6996.695807
-5.449941,39,6997.131835
-9.147682,41,6997.588614
-10.265848,42,6998.066964
-8.480395,40,6998.565776
-9.699372,43,6999.060512
-14.828929,229,7001.635838
-13.47345,50,7002.196293
-8.128235,40,7002.649448
-5.666779,30,7002.983222
-4.811913,35,7003.377381
-11.792557,50,7003.93492
-3.940155,9,7004.034468
-4.61313,11,7004.158166
-14.951727,68,7004.923703
-13.6035,59,7005.647017
-4.482168,27,7005.953741
-9.043775,37,7006.37661
-8.939011,48,7006.922507
-11.252082,46,7007.44414
-20.187251,108,7008.646472
-10.207424,45,7009.155222
-7.349278,38,7009.581113
-4.463092,34,7009.9589
-14.933325,56,7010.597163
-7.891282,69,7011.39121
-13.713099,55,7012.007505
-3.392159,24,7012.280401
-9.487038,67,7013.069218
-7.565915,40,7013.522029
-12.634891,55,7014.138772
-4.768127,45,7014.656261
-11.029871,45,7015.165142
-8.116559,42,7015.637446
-7.492305,38,7016.132847
-9.43727,40,7016.586648
-9.546852,40,7017.034422
-4.762694,33,7017.412229
-6.262844,33,7017.785228
-16.244723,188,7019.905259
-6.785605,32,7020.25931
-8.048917,38,7020.726863
-9.055307,46,7021.241194
-10.737158,65,7021.966252
-9.676623,40,7022.418293
-18.651841,70,7023.216532
-21.687075,134,7024.71699
-5.124644,40,7025.162798
-7.185042,42,7025.638711
-10.542233,42,7026.109535
-11.140055,48,7026.641834
-8.324185,41,7027.104598
-6.689345,36,7027.506939
-13.857761,56,7028.166175
-4.246113,13,7028.311785
-3.40195,24,7028.583309
-10.144692,41,7029.038928
-3.152246,22,7029.286267
-3.212528,23,7029.549596
-2.94093,24,7029.81588
-13.129563,47,7030.341058
-9.823784,41,7030.79926
-10.701895,42,7031.271995
-5.004117,33,7031.648366
-8.244831,44,7032.143095
-6.372352,80,7033.044538
-7.623313,37,7033.459399
-10.196956,52,7034.040811
-28.236498,300,7037.449643
-12.921026,56,7038.073545
-8.145638,36,7038.473464
-7.13038,44,7038.970546
-6.478781,63,7039.690455
-6.518022,32,7040.048501
-7.213353,16,7040.230464
-21.977651,120,7041.578189
-5.931248,33,7041.948362
-5.5529,34,7042.336134
-10.523235,43,7042.85768
-11.770331,55,7043.469877
-7.917728,38,7043.893598
-7.690206,13,7044.035812
-13.427307,62,7044.721755
-15.088713,59,7045.387375
-13.219354,58,7046.036281
-3.632676,28,7046.357422
-16.103575,60,7047.027741
-16.063059,51,7047.597203
-13.012027,116,7048.904458
-18.240866,102,7050.089037
-4.254307,25,7050.367293
-7.663332,13,7050.510911
-3.256687,24,7050.779187
-5.607121,30,7051.120331
-10.804057,44,7051.618007
-13.529135,58,7052.275877
-10.56745,68,7053.0466
-12.908379,50,7053.607328
-16.189651,56,7054.237588
-12.870995,52,7054.829642
-15.4881,60,7055.493789
-7.807784,35,7055.883749
-1.988573,18,7056.085211
-10.345199,41,7056.546207
-6.767371,38,7056.978053
-4.671019,27,7057.326093
-8.42245,37,7057.739018
-10.40233,42,7058.213523
-9.661394,63,7058.919983
-8.69769,68,7059.685395
-11.304915,44,7060.182103
-15.070562,69,7060.960023
-8.964141,55,7061.57984
-13.223494,56,7062.205385
-13.394813,49,7062.75217
-6.206571,57,7063.39246
-8.517199,42,7063.861804
-2.686287,22,7064.107118
-9.553406,39,7064.541791
-18.502904,72,7065.384183
-8.865772,44,7065.878058
-9.916202,57,7066.511593
-6.4234,36,7066.914516
-14.052436,49,7067.45868
-9.880463,40,7067.909384
-7.205267,34,7068.293407
-14.497151,69,7069.082831
-7.381348,39,7069.524682
-15.266844,51,7070.098106
-3.792782,26,7070.389199
-7.776696,38,7070.818752
-9.698829,40,7071.264786
-8.384507,38,7071.699546
-3.305365,24,7071.971818
-8.178739,18,7072.213173
-4.902536,30,7072.557282
-11.155052,46,7073.075896
-8.67397,48,7073.609807
-13.604654,74,7074.442305
-10.66142,45,7074.943934
-12.171506,62,7075.634159
-14.935917,65,7076.368195
-10.419583,41,7076.830378
-14.381637,58,7077.487396
-5.292041,29,7077.811055
-13.853903,51,7078.388931
-15.421595,62,7079.083458
-9.221229,39,7079.567687
-6.418781,32,7079.92412
-7.939402,47,7080.450155
-6.489135,61,7081.135322
-10.156359,53,7081.722285
-6.72887,14,7081.880782
-15.03829,51,7082.449456
-14.121888,102,7083.605638
-15.416444,55,7084.241986
-11.000698,43,7084.719095
-8.987797,45,7085.218801
-10.599427,49,7085.765664
-15.792174,100,7086.928654
-11.659537,50,7087.492245
-8.280641,19,7087.702688
-6.570111,34,7088.085663
-16.442321,60,7088.747138
-14.871082,52,7089.340137
-12.806016,47,7089.8747
-5.240602,36,7090.280226
-10.867852,45,7090.791975
-8.675749,36,7091.188942
-20.484675,300,7094.602584
-12.048,110,7095.834485
-4.316523,26,7096.123682
-9.599333,47,7096.645711
-17.7557,57,7097.289049
-5.002861,41,7097.751812
-6.655245,32,7098.115809
-8.104931,42,7098.591977
-3.966024,29,7098.918133
-4.292449,26,7099.216879
-14.034447,72,7100.02066
-4.110825,26,7100.314446
-3.119417,22,7100.565774
-8.851784,68,7101.325348
-10.941025,44,7101.863878
-3.931004,31,7102.214069
-5.521874,29,7102.548175
-9.717821,43,7103.031022
-12.815993,49,7103.575358
-16.282853,61,7104.257549
-7.313298,45,7104.763276
-6.49246,13,7104.905895
-18.866299,69,7105.677829
-10.495216,45,7106.18246
-12.760362,52,7106.761834
-7.300131,37,7107.174667
-15.826645,53,7107.777015
-3.771807,26,7108.066274
-10.422751,57,7108.700487
-11.437675,45,7109.24747
-2.928905,21,7109.492842
-4.724599,28,7109.805108
-12.895776,67,7110.554267
-6.248667,35,7110.945267
-13.170738,53,7111.538759
-6.492688,37,7111.957634
-3.436062,14,7112.122894
-14.905623,53,7112.717727
-18.087435,107,7113.915287
-13.428258,63,7114.62038
-8.260255,37,7115.038012
-5.743105,30,7115.376679
-15.5558,63,7116.083547
-6.407772,62,7116.822396
-4.443359,26,7117.115612
-11.713714,67,7117.868765
-14.421298,56,7118.495876
-7.795536,38,7118.921152
-12.253566,75,7119.761395
-8.987975,51,7120.337476
-3.582401,26,7120.628696
-12.786077,49,7121.175239
-8.682298,41,7121.641316
-15.786509,139,7123.212015
-8.145437,40,7123.660819
-9.098925,42,7124.16929
-7.47917,36,7124.582034
-14.448456,63,7125.282188
-7.689547,69,7126.05911
-14.63831,55,7126.675732
-13.768591,48,7127.209415
-7.663528,36,7127.611915
-7.443729,36,7128.019823
-19.623028,107,7129.21555
-3.614411,23,7129.479874
-9.778718,40,7129.92668
-8.708603,41,7130.403102
-4.627723,30,7130.745188
-13.674757,52,7131.35665
-3.211174,25,7131.640919
-11.734548,67,7132.390025
-10.822619,47,7132.914615
-10.075221,48,7133.45517
-8.838702,61,7134.135764
-13.361229,62,7134.831869
-6.325149,13,7134.978928
-6.64603,39,7135.421078
-5.452162,37,7135.839958
-5.754543,32,7136.209096
-11.558844,44,7136.699667
-13.514707,52,7137.285756
-6.791338,35,7137.673723
-9.146081,41,7138.133431
-3.892759,25,7138.41319
-8.753456,40,7138.897891
-18.60116,73,7139.721691
-9.659967,52,7140.311083
-6.05714,64,7141.03298
-5.296233,58,7141.689797
-5.290869,29,7142.015925
-5.478674,29,7142.340876
-12.012915,54,7142.946431
-6.983765,55,7143.5603
-4.925557,28,7143.874459
-13.622169,48,7144.409237
-5.774051,32,7144.770272
-15.349468,61,7145.455746
-17.699578,128,7146.936121
-5.445399,14,7147.095693
-7.61847,39,7147.536333
-17.70186,72,7148.339329
-6.628197,32,7148.694417
-13.352296,57,7149.325239
-6.838756,41,7149.78459
-14.520934,77,7150.651872
-6.077244,34,7151.031665
-8.01836,40,7151.494575
-7.192547,38,7151.918735
-11.378821,50,7152.473524
-20.202993,70,7153.258111
-4.39573,28,7153.612261
-10.444395,60,7154.284832
-10.16399,45,7154.788483
-15.892262,79,7155.676098
-5.35658,29,7156.001051
-19.304616,63,7156.707828
-15.15272,57,7157.35983
-13.164748,54,7157.963734
-14.731574,54,7158.570113
-8.27918,38,7158.994909
-5.183898,29,7159.318045
-9.794029,46,7159.834664
-5.253241,29,7160.161919
-4.491755,28,7160.475289
-12.434565,58,7161.171376
-5.167566,32,7161.527429
-7.623022,40,7161.979192
-2.931902,21,7162.215774
-14.797795,56,7162.84335
-3.743323,27,7163.144515
-7.867009,54,7163.74989
-14.582468,58,7164.3992
-8.040716,38,7164.82603
-11.346428,43,7165.302868
-18.084256,55,7165.913267
-13.407477,48,7166.448055
-24.903138,300,7169.865744
-5.827811,39,7170.303791
-14.904886,65,7171.038828
-9.25155,43,7171.523102
-4.747189,45,7172.022018
-6.140189,57,7172.664313
-12.023356,45,7173.166967
-17.005188,60,7173.835429
-6.662941,33,7174.206409
-17.585169,72,7175.016553
-12.914527,58,7175.676785
-9.236444,37,7176.132479
-4.360953,28,7176.450004
-5.555909,30,7176.785108
-25.538697,300,7180.159886
-16.626451,93,7181.208919
-5.826538,30,7181.548157
-15.751387,151,7183.247126
-4.154763,29,7183.618511
-14.80651,70,7184.402941
-8.829195,40,7184.858617
-4.378179,30,7185.192286
-5.348023,30,7185.527989
-16.346802,158,7187.307261
-36.783652,300,7190.658305
-7.665049,40,7191.150374
-5.145307,32,7191.512264
-10.220924,48,7192.053815
-6.619864,34,7192.431805
-20.797901,182,7194.477322
-15.640385,52,7195.064725
-4.866989,32,7195.42504
-10.553517,92,7196.454912
-23.418081,211,7198.857704
-6.952194,38,7199.283326
-9.456516,73,7200.104722
-16.12104,79,7200.986697
-15.654534,192,7203.140255
-10.288378,76,7204.00295
-7.249453,19,7204.213261
-29.095232,251,7207.015201
-18.789384,70,7207.795774
-8.488636,39,7208.229646
-16.318159,127,7209.658168
-17.705057,175,7211.627812
-4.206837,26,7211.92203
-8.381567,42,7212.398721
-17.88231,57,7213.031383
-4.424553,28,7213.339837
-11.406922,56,7213.96786
-13.340562,63,7214.682562
-3.217665,22,7214.92505
-5.630796,29,7215.248214
-6.546813,35,7215.638286
-14.042114,55,7216.262784
-5.259542,32,7216.622206
-38.495332,300,7219.978526
-2.019877,19,7220.190022
-5.564873,29,7220.517289
-4.861613,30,7220.853027
-5.70946,40,7221.353769
-29.578567,300,7224.716084
-5.215885,30,7225.050633
-15.015008,97,7226.135999
-5.802268,32,7226.493044
-18.174718,115,7227.783877
-12.437439,57,7228.417581
-4.01314,26,7228.707652
-19.813135,135,7230.267505
-10.759878,42,7230.742289
-19.684828,81,7231.656257
-7.865251,40,7232.101582
-6.678989,14,7232.261504
-5.122247,28,7232.576662
-12.113581,45,7233.073333
-22.759717,300,7236.463713
-5.991217,66,7237.199917
-7.088308,36,7237.601843
-6.634424,43,7238.084927
-7.633384,35,7238.479858
-2.832979,22,7238.737636
-10.930243,57,7239.372625
-5.596702,30,7239.712714
-13.141539,62,7240.402495
-6.611828,32,7240.762345
-11.221182,85,7241.722917
-12.773108,52,7242.308845
-12.646213,61,7243.000285
-23.432777,150,7244.711153
-20.837162,69,7245.48429
-7.756115,39,7245.925629
-3.16027,23,7246.178951
-4.296468,27,7246.480148
-18.265852,67,7247.227881
-6.653423,32,7247.587546
-9.503486,44,7248.077282
-18.826267,62,7248.772585
-6.955917,53,7249.367191
-10.6602,55,7249.992965
-5.172559,30,7250.330722
-14.272108,61,7251.018117
-15.365687,90,7252.068932
-4.389552,52,7252.65069
-6.785374,37,7253.075926
-6.187379,31,7253.429598
-11.442782,49,7253.972147
-6.435157,35,7254.365918
-4.452077,33,7254.738892
-15.804801,55,7255.363251
-7.657278,42,7255.830468
-8.019158,37,7256.256751
-8.584258,59,7256.914623
-4.734453,30,7257.258674
-10.917062,81,7258.214817
-12.768167,54,7258.818183
-4.431302,39,7259.254737
-6.929158,38,7259.685354
-7.466555,38,7260.121333
-15.260977,55,7260.736998
-22.066293,221,7263.226316
-8.051823,76,7264.092717
-5.711391,50,7264.655804
-4.51349,27,7264.957988
-5.542429,30,7265.34152
-4.017518,25,7265.618809
-16.917211,55,7266.236565
-6.015251,30,7266.572207
-16.996128,63,7267.281535
-12.71776,52,7267.856998
-3.449144,26,7268.152636
-11.377212,52,7268.74957
-17.257143,76,7269.597713
-4.204148,26,7269.894889
-12.371692,52,7270.481089
-25.73958,300,7273.88833
-2.457873,20,7274.11145
-6.828907,38,7274.538789
-10.211564,44,7275.041444
-4.225073,26,7275.341641
-5.694429,35,7275.73064
-4.930782,32,7276.100287
-7.595545,42,7276.570032
-9.152534,49,7277.119724
-9.173999,44,7277.618419
-10.0186,64,7278.329791
-4.175142,43,7278.809542
-6.442681,31,7279.156609
-4.798509,32,7279.520891
-7.14956,56,7280.158009
-9.608474,46,7280.721522
-12.802757,65,7281.46378
-25.220005,300,7284.838974
-5.150364,32,7285.20336
-25.526533,300,7288.614636
-3.666622,31,7288.966965
-7.779366,35,7289.362078
-8.655584,59,7290.022745
-7.317811,39,7290.463878
-9.682438,41,7290.925635
-11.114262,61,7291.612768
-6.452751,31,7291.967589
-3.125143,23,7292.230011
-6.167982,61,7292.913184
-10.333088,61,7293.598801
-16.121733,62,7294.298528
-16.552536,52,7294.879822
-11.349644,49,7295.460824
-16.017409,49,7296.012009
-14.291392,64,7296.731936
-5.277598,29,7297.053107
-17.989413,58,7297.710349
-27.694614,300,7301.089337
-4.975886,47,7301.612228
-2.95968,25,7301.89123
-9.452455,41,7302.347236
-11.647017,64,7303.104096
-3.457449,27,7303.406454
-12.393469,64,7304.129519
-7.179086,33,7304.496538
-8.296794,36,7304.900458
-3.830252,28,7305.231142
-4.141237,26,7305.522864
-13.377832,55,7306.132583
-11.123016,58,7306.77724
-3.436517,33,7307.146224
-5.017227,31,7307.489335
-8.309459,39,7307.92373
-16.378313,55,7308.545803
-8.546563,49,7309.091874
-3.743712,29,7309.419067
-3.997074,26,7309.715304
-6.537881,41,7310.180806
-10.476527,46,7310.742181
-8.63597,36,7311.145969
-10.265627,46,7311.660342
-10.782842,57,7312.297588
-5.404011,33,7312.664608
-15.83831,65,7313.391993
-9.799098,44,7313.886698
-13.213925,53,7314.482895
-6.961478,33,7314.86926
-4.151286,28,7315.187135
-11.436882,67,7315.939406
-9.058525,45,7316.440259
-8.474215,58,7317.08866
-12.873467,83,7318.062265
-11.287005,46,7318.583083
-11.189583,61,7319.264783
-11.231177,64,7319.980603
-5.151876,34,7320.360559
-13.787852,54,7320.974146
-14.191267,186,7323.065165
-3.920011,26,7323.363359
-11.41188,59,7324.025928
-4.351562,27,7324.328149
-9.131614,40,7324.817222
-8.005622,36,7325.222138
-8.833152,42,7325.688139
-8.46724,37,7326.10169
-7.058568,14,7326.259338
-11.35606,49,7326.81456
-14.404073,121,7328.181813
-9.086138,37,7328.591716
-14.074635,54,7329.189631
-12.857655,51,7329.767614
-13.881392,50,7330.33656
-3.781381,28,7330.647699
-10.677507,52,7331.231724
-9.754519,41,7331.698424
-17.587968,67,7332.469811
-8.828253,62,7333.169449
-6.422387,44,7333.660851
-7.476969,38,7334.088475
-4.378602,27,7334.390667
-3.130138,23,7334.649978
-8.860636,41,7335.110181
-10.648468,43,7335.592742
-9.822744,69,7336.363869
-5.118778,28,7336.674359
-11.853602,111,7337.922268
-4.852842,29,7338.250888
-13.010894,46,7338.766985
-14.719588,54,7339.407244
-10.908775,28,7339.728414
-7.39503,15,7339.90089
-4.444382,26,7340.197129
-11.375924,48,7340.738681
-5.632304,29,7341.067873
-9.679094,122,7342.452972
-3.011369,22,7342.705299
-3.434001,23,7342.974545
-17.845697,48,7343.508847
-11.841231,89,7344.505431
-5.400978,31,7344.859516
-4.082077,28,7345.177245
-6.944817,34,7345.565537
-3.472171,27,7345.865736
-14.770868,71,7346.702177
-11.747592,55,7347.324513
-10.295577,48,7347.856089
-7.082765,38,7348.293321
-3.810236,29,7348.618447
-12.414391,45,7349.117431
-10.955377,48,7349.657986
-7.803105,41,7350.119783
-14.744081,119,7351.450506
-5.774552,33,7351.826261
-11.313597,131,7353.313808
-6.416453,36,7353.723817
-14.249279,47,7354.306259
-4.222079,25,7354.600109
-9.257602,45,7355.101608
-8.81815,41,7355.55739
-6.342573,69,7356.333291
-8.958342,38,7356.759396
-9.290465,42,7357.229327
-6.657792,22,7357.480655
-11.19637,48,7358.023458
-12.95374,49,7358.594508
-14.17925,55,7359.237852
-12.56412,53,7359.849218
-3.137681,23,7360.114479
-10.994706,43,7360.609157
-10.230139,59,7361.287343
-13.340039,52,7361.931919
-10.399419,73,7362.771679
-12.610852,65,7363.513679
-6.25632,37,7363.937787
-7.224821,37,7364.366995
-14.51922,68,7365.16215
-8.442858,36,7365.584249
-11.522885,104,7366.795011
-8.648549,48,7367.338529
-11.06155,48,7367.895505
-9.289154,39,7368.350683
-13.931169,52,7368.955068
-8.834869,39,7369.467012
-7.027372,33,7369.851953
-5.077594,42,7370.333924
-6.176271,35,7370.732857
-2.552062,21,7370.98615
-7.784739,40,7371.447548
-11.418164,49,7372.031219
-6.553304,34,7372.438101
-11.471646,50,7373.03254
-8.484221,39,7373.469404
-13.237634,54,7374.076593
-5.252619,33,7374.446324
-7.674805,41,7374.905098
-7.990579,40,7375.355827
-6.441708,33,7375.724841
-8.528612,57,7376.395728
-6.742448,47,7376.938307
-9.758779,39,7377.376426
-11.465513,50,7377.941943
-8.283405,48,7378.474989
-8.878891,38,7378.902842
-7.534107,39,7379.332693
-13.005279,49,7379.888399
-17.722691,81,7380.804479
-11.940879,49,7381.368265
-3.655846,37,7381.79412
-10.36678,42,7382.262843
-9.459391,43,7382.742542
-7.956271,36,7383.15042
-6.555877,36,7383.559356
-4.519727,36,7384.006755
-13.354494,76,7384.860394
-2.63228,21,7385.093737
-9.500599,92,7386.134427
-5.692531,30,7386.475515
-16.836941,59,7387.132332
-14.597297,56,7387.755702
-8.392093,41,7388.209485
-2.735694,25,7388.488056
-11.548594,81,7389.397206
-10.392097,52,7389.981239
-7.923835,75,7390.828685
-10.849004,66,7391.602741
-9.379666,44,7392.095454
-5.452173,33,7392.471447
-9.567461,43,7392.958431
-9.208562,57,7393.598122
-3.020976,25,7393.876408
-5.417888,33,7394.248783
-13.953474,59,7394.905066
-12.612632,51,7395.474648
-15.013589,57,7396.108876
-8.421156,59,7396.774616
-11.14529,49,7397.323627
-10.878462,42,7397.806337
-12.054311,64,7398.527408
-17.093333,54,7399.16311
-3.073473,22,7399.405466
-11.878098,51,7399.97793
-7.622684,55,7400.596277
-12.743735,85,7401.542272
-15.346575,64,7402.263864
-4.765686,27,7402.567783
-11.534691,51,7403.139227
-5.923321,67,7403.888651
-9.197216,39,7404.33047
-8.001896,53,7404.921959
-13.730056,37,7405.337847
-22.242967,300,7408.741821
-4.689468,33,7409.116851
-10.151793,64,7409.832494
-10.700796,54,7410.442681
-39.348257,300,7413.860039
-16.087103,117,7415.176176
-3.257405,25,7415.465887
-10.227994,54,7416.076056
-8.493888,40,7416.525851
-5.604937,30,7416.862957
-9.126561,58,7417.513359
-5.341278,33,7417.87938
-13.523469,55,7418.495739
-7.856952,40,7418.942544
-5.445119,34,7419.327514
-5.053391,32,7419.690545
-11.749961,70,7420.479332
-3.107871,24,7420.74889
-6.00083,33,7421.119899
-9.00629,44,7421.653089
-6.513761,18,7421.857544
-3.036144,23,7422.118555
-5.770266,30,7422.452613
-10.671871,74,7423.28794
-4.599583,28,7423.597786
-8.956298,36,7424.000582
-9.710843,40,7424.459775
-6.049605,34,7424.835241
-5.254474,33,7425.201262
-3.623567,26,7425.497441
-14.101844,62,7426.191096
-11.201306,60,7426.861571
-13.231084,55,7427.479162
-4.208616,29,7427.80925
-5.182197,52,7428.39103
-10.862991,85,7429.379905
-4.997604,28,7429.709852
-4.867986,35,7430.103234
-13.796102,58,7430.764463
-7.939553,40,7431.210271
-13.039625,65,7431.944308
-12.011388,65,7432.675279
-8.002426,46,7433.192483
-9.774461,43,7433.678381
-7.883236,41,7434.142112
-14.428415,63,7434.844263
-7.903588,48,7435.403358
-4.652189,32,7435.765
-6.310936,13,7435.907619
-10.688996,42,7436.415827
-12.353489,67,7437.162554
-6.661151,40,7437.610553
-22.323373,146,7439.256958
-9.79292,43,7439.736303
-8.121265,35,7440.13068
-9.686054,63,7440.84298
-7.599291,35,7441.239918
-6.99264,38,7441.667803
-10.519668,69,7442.449375
-10.770165,48,7442.981519
-7.531236,24,7443.249977
-9.473481,57,7443.925561
-18.18164,92,7444.956134
-8.126298,42,7445.427582
-4.532535,32,7445.787621
-9.487436,44,7446.283293
-8.05138,17,7446.481109
-15.71023,74,7447.314261
-15.430051,61,7447.996511
-5.967578,64,7448.717988
-17.2916,54,7449.326892
-10.345778,55,7449.942249
-7.957684,37,7450.358937
-9.656622,52,7450.938903
-13.371525,64,7451.690112
-13.183738,64,7452.405119
-12.080977,74,7453.238744
-12.184387,47,7453.76736
-5.200525,35,7454.159805
-3.825083,27,7454.464874
-6.956002,37,7454.880751
-12.832699,105,7456.054325
-17.68756,57,7456.692918
-9.47819,47,7457.221418
-11.449849,48,7457.760376
-12.729496,52,7458.34031
-12.206532,64,7459.098143
-15.381427,83,7460.025096
-7.150764,38,7460.453953
-3.680717,27,7460.758137
-7.409768,39,7461.192974
-16.389767,101,7462.324639
-13.166549,47,7462.857681
-11.235847,43,7463.338425
-5.951918,35,7463.731527
-13.601166,65,7464.459929
-2.787936,21,7464.706757
-9.452749,38,7465.131621
-13.869953,54,7465.733866
-9.224868,42,7466.207082
-8.966317,42,7466.716762
-12.046124,48,7467.253957
-9.868895,50,7467.816407
-5.574691,31,7468.164027
-27.430928,300,7471.541816
-9.52055,45,7472.049497
-12.105843,46,7472.579275
-14.063797,60,7473.251477
-11.239239,65,7474.023479
-8.752709,36,7474.424296
-9.618103,38,7474.85017
-18.504495,300,7478.223001
-12.994665,93,7479.261881
-10.837231,44,7479.753188
-4.778844,32,7480.110252
-4.167428,33,7480.482286
-3.635055,26,7480.781899
-8.818349,49,7481.325842
-14.891792,49,7481.911143
-7.456689,36,7482.312069
-4.716699,33,7482.682718
-8.238792,55,7483.295824
-3.415255,32,7483.652846
-4.78561,30,7483.990942
-11.962468,47,7484.523474
-6.886937,33,7484.896269
-10.735938,47,7485.439787
-15.119217,74,7486.269629
-19.870717,65,7486.996875
-10.452971,84,7487.949988
-8.212133,49,7488.497771
-12.50061,47,7489.08048
-12.891186,71,7489.871098
-9.651497,44,7490.368315
-8.633343,42,7490.835283
-10.254421,39,7491.270517
-8.56464,69,7492.053422
-14.363156,59,7492.715709
-5.667705,29,7493.044752
-16.650131,57,7493.68381
-6.292487,41,7494.141591
-3.433399,27,7494.447713
-8.835349,42,7494.922783
-3.326788,27,7495.225039
-2.622285,22,7495.470771
-4.123732,25,7495.752048
-13.14369,49,7496.340528
-4.286193,32,7496.716552
-14.367948,55,7497.335438
-8.654392,50,7497.895645
-11.158129,45,7498.403549
-9.875922,45,7498.910383
-13.562287,86,7499.877927
-4.39773,36,7500.27919
-7.102138,43,7500.766922
-2.38345,20,7500.992319
-10.173416,58,7501.646222
-10.545776,87,7502.621272
-10.450313,44,7503.120414
-8.569057,36,7503.51971
-20.413769,72,7504.369748
-6.735154,36,7504.776659
-4.243481,39,7505.210609
-10.29674,47,7505.73855
-6.648259,32,7506.093463
-18.500964,56,7506.718951
-5.07266,10,7506.834671
-8.048573,41,7507.292449
-14.929616,58,7507.940549
-6.637909,43,7508.421263
-16.646107,73,7509.236637
-12.763529,73,7510.055607
-4.885996,40,7510.50774
-4.357613,54,7511.11711
-15.435118,67,7511.902099
-3.362408,28,7512.219246
-8.856331,47,7512.754653
-9.681271,45,7513.254541
-5.435141,29,7513.580668
-8.698732,42,7514.050603
-9.064139,38,7514.47684
-9.950142,39,7514.913794
-10.465335,43,7515.393703
-13.810668,97,7516.487523
-8.580333,38,7516.919699
-14.285027,52,7517.501339
-4.895942,30,7517.841459
-5.212475,31,7518.189894
-8.196287,40,7518.68644
-1.946871,19,7518.897861
-4.166379,28,7519.212021
-5.304295,33,7519.57904
-8.162821,36,7519.983927
-10.910967,75,7520.825669
-9.505498,42,7521.295411
-2.807183,22,7521.53973
-13.114068,54,7522.151592
-8.840714,40,7522.599369
-9.639277,43,7523.086258
-10.285565,48,7523.626708
-11.118728,42,7524.099415
-5.426958,65,7524.827377
-14.508032,58,7525.477608
-12.285682,47,7526.006195
-9.081309,41,7526.524123
-15.796995,125,7527.932753
-17.451428,63,7528.662831
-8.695337,43,7529.150794
-7.460768,57,7529.8173
-5.628968,33,7530.194291
-9.768408,47,7530.735843
-15.06408,98,7531.857445
-10.183342,42,7532.350158
-3.215494,29,7532.688225
-7.901283,35,7533.083197
-9.62336,40,7533.538979
-7.778184,41,7534.05659
-9.996639,44,7534.551271
-8.077384,35,7534.948343
-4.027312,25,7535.234547
-5.798761,83,7536.187608
-7.460528,32,7536.560611
-17.550322,64,7537.301629
-12.52117,63,7538.015935
-9.950852,40,7538.469722
-13.142683,49,7539.025564
-4.791931,43,7539.526225
-5.457855,46,7540.044382
-12.143887,49,7540.613859
-4.203745,29,7540.940606
-9.375746,58,7541.637741
-17.123365,76,7542.512763
-4.507983,28,7542.838923
-11.220085,44,7543.344584
-5.302476,35,7543.751525
-11.873356,52,7544.344437
-10.407497,50,7544.918279
-4.139254,38,7545.352087
-9.7532,56,7545.995248
-8.165386,45,7546.515233
-19.36782,66,7547.282224
-5.940583,47,7547.837763
-13.46538,57,7548.496722
-14.02887,52,7549.145986
-14.69329,49,7549.715817
-3.205389,25,7549.99906
-13.207462,64,7550.72412
-5.893786,31,7551.087178
-3.373697,26,7551.384384
-7.687204,41,7551.851106
-6.544253,33,7552.227101
-33.519008,300,7555.667408
-10.610096,44,7556.173056
-8.200696,49,7556.726576
-7.007541,34,7557.168395
-7.888115,35,7557.563626
-7.966944,42,7558.043212
-5.125589,29,7558.375353
-5.43442,30,7558.717333
-5.092988,41,7559.190086
-10.029518,55,7559.809026
-4.369361,28,7560.124183
-15.498362,62,7560.83595
-9.741831,38,7561.263272
-3.486543,23,7561.523575
-8.458781,37,7561.944539
-9.311307,49,7562.509029
-7.974194,48,7563.056589
-5.723369,30,7563.405631
-2.663794,21,7563.64898
-7.118357,34,7564.076836
-5.441711,29,7564.407951
-11.925454,50,7564.992388
-9.201701,44,7565.501028
-6.360627,38,7565.93387
-7.734972,67,7566.695832
-10.057603,50,7567.271293
-13.847818,82,7568.200808
-27.336005,300,7571.660412
-5.029931,34,7572.040396
-8.764807,37,7572.457282
-12.050229,62,7573.143963
-10.753043,59,7573.806344
-2.659832,21,7574.041743
-5.75976,12,7574.173745
-8.596594,66,7574.910326
-15.026718,97,7575.995822
-15.051207,55,7576.615332
-9.175989,42,7577.085072
-14.182658,70,7577.873657
-23.462619,300,7581.296078
-11.063373,60,7581.96677
-7.017533,42,7582.43552
-14.517003,71,7583.236961
-9.393881,41,7583.695735
-7.946749,36,7584.102644
-6.826123,33,7584.483628
-8.805085,46,7585.003583
-14.255118,60,7585.671798
-14.286075,59,7586.333833
-3.079136,24,7586.645968
-3.968791,30,7586.982099
-5.942585,30,7587.322038
-2.577121,26,7587.611177
-11.062519,48,7588.148297
-3.963238,26,7588.443481
-13.608203,81,7589.359421
-15.150522,51,7589.931117
-7.889659,36,7590.332493
-11.054321,58,7590.98073
-6.947672,34,7591.370852
-13.429905,53,7591.969515
-11.263427,49,7592.525029
-3.107628,26,7592.822261
-7.220433,37,7593.233815
-11.082075,56,7593.860714
-9.762983,43,7594.391295
-11.350191,46,7594.911657
-5.952425,36,7595.313554
-12.369733,53,7595.90629
-14.446465,52,7596.48486
-13.049357,48,7597.019824
-7.828512,34,7597.401797
-5.37715,29,7597.725902
-3.935267,29,7598.049306
-4.234204,29,7598.374979
-7.304799,38,7598.810924
-12.843129,48,7599.347589
-8.662052,42,7599.821351
-12.864287,51,7600.388557
-8.892927,39,7600.825645
-3.137778,26,7601.116866
-2.658807,24,7601.388983
-3.258374,24,7601.705007
-10.642121,44,7602.204701
-27.485326,300,7605.578945
-9.453475,49,7606.128994
-5.006837,28,7606.446118
-10.016458,57,7607.087911
-12.369348,112,7608.350091
-8.154644,36,7608.751607
-12.811521,61,7609.482482
-13.250606,55,7610.095207
-6.937191,35,7610.49465
-6.933337,37,7610.917519
-9.950353,58,7611.572807
-2.846427,22,7611.822163
-4.707498,34,7612.20417
-5.92856,46,7612.721966
-9.480303,43,7613.203063
-12.428783,44,7613.691087
-11.920573,46,7614.207728
-9.563799,52,7614.793191
-11.738065,56,7615.414408
-10.718279,50,7615.970036
-5.632226,32,7616.328001
-9.510921,50,7616.94662
-4.73822,40,7617.394222
-9.33874,40,7617.844019
-11.355276,56,7618.476783
-8.18787,58,7619.133091
-7.29027,35,7619.524063
-7.488558,35,7619.913052
-6.650164,50,7620.474204
-8.469283,55,7621.094575
-10.608983,46,7621.606874
-8.422225,68,7622.368938
-6.628306,55,7622.987289
-9.379189,42,7623.45803
-5.41671,33,7623.829038
-13.68124,52,7624.441398
-6.323474,35,7624.832628
-8.011113,35,7625.223807
-7.586606,44,7625.7144
-4.767766,28,7626.030571
-7.870945,39,7626.463812
-3.728353,27,7626.769431
-5.961124,31,7627.113556
-13.998613,99,7628.222886
-4.91119,13,7628.370462
-12.641264,59,7629.026939
-14.526164,49,7629.57248
-13.002583,53,7630.170898
-12.061615,50,7630.733423
-12.07516,56,7631.367268
-7.708369,34,7631.746174
-11.299879,50,7632.36829
-3.921465,25,7632.648545
-16.893883,203,7634.92635
-4.090493,27,7635.229568
-12.107806,52,7635.811398
-16.707881,67,7636.566119
-3.396419,30,7636.908204
-8.799565,52,7637.488756
-18.44806,94,7638.531648
-28.907944,300,7641.900356
-10.29844,70,7642.694004
-32.767714,300,7646.059576
-12.732132,62,7646.760721
-19.437404,178,7648.805873
-12.033079,68,7649.568863
-9.429657,53,7650.16028
-8.995183,57,7650.800687
-7.265661,45,7651.302334
-14.917774,150,7652.991235
-6.305093,32,7653.348279
-11.817124,60,7654.026336
-13.226831,63,7654.726732
-13.923184,58,7655.415891
-8.400914,59,7656.076674
-3.003428,22,7656.319306
-8.395362,37,7656.737218
-4.590916,27,7657.038221
-5.487094,36,7657.442144
-7.792251,43,7657.921987
-8.054707,36,7658.317958
-10.310211,55,7658.946291
-4.423049,13,7659.08791
-5.47814,37,7659.500779
-11.199516,45,7660.003256
-2.581581,20,7660.229748
-9.866581,45,7660.730378
-12.694306,48,7661.279509
-16.639248,92,7662.315255
-7.362356,34,7662.737309
-3.211178,34,7663.119283
-11.57307,49,7663.672653
-7.857059,44,7664.162802
-7.460672,37,7664.577692
-2.857129,24,7664.846563
-2.833811,24,7665.114731
-5.325798,32,7665.474944
-16.903426,73,7666.297144
-4.411786,27,7666.598935
-6.959788,35,7666.991884
-6.162631,43,7667.47774
-13.670662,49,7668.03123
-11.117126,63,7668.731507
-7.60979,35,7669.12384
-4.988171,39,7669.562752
-9.821855,40,7670.05241
-12.756551,54,7670.652009
-6.251792,36,7671.060368
-3.802732,27,7671.369542
-11.423758,42,7671.84128
-9.692778,41,7672.297331
-12.648217,108,7673.517581
-15.283649,68,7674.276191
-6.700325,14,7674.431746
-14.782092,72,7675.232296
-10.165274,48,7675.776652
-6.633932,33,7676.151082
-22.546003,164,7678.03364
-3.102687,24,7678.299928
-8.905045,40,7678.749674
-16.566241,56,7679.371042
-8.603767,47,7679.9115
-9.269789,44,7680.403214
-5.828332,61,7681.09128
-5.632668,29,7681.413417
-11.491658,53,7682.016799
-14.582497,57,7682.657568
-4.295881,29,7682.985577
-3.616093,35,7683.376438
-12.987838,52,7683.958815
-15.121228,62,7684.657414
-3.481989,23,7684.920176
-6.472524,35,7685.31614
-5.446901,29,7685.638886
-14.030908,75,7686.53149
-9.382344,61,7687.212666
-4.128852,25,7687.494911
-8.136417,37,7687.91191
-6.521507,70,7688.69335
-9.898726,40,7689.139186
-14.572571,58,7689.796429
-10.437202,48,7690.346151
-12.712713,52,7690.935826
-8.089474,69,7691.704839
-29.844731,300,7695.114502
-2.704898,23,7695.37284
-30.521574,300,7698.742277
-27.277914,300,7702.131924
-12.422526,64,7702.849373
-18.086322,56,7703.477106
-25.329398,230,7706.055374
-11.262782,52,7706.645861
-8.929761,39,7707.085027
-9.72716,54,7707.69121
-7.901766,35,7708.083429
-7.727761,35,7708.475754
-3.783076,28,7708.837813
-2.194469,21,7709.077143
-14.350358,65,7709.814202
-11.079114,44,7710.309997
-4.276864,14,7710.467607
-11.560009,51,7711.051641
-6.111372,34,7711.434621
-5.723937,29,7711.763635
-6.612793,50,7712.323295
-8.739323,41,7712.778075
-8.771445,65,7713.505919
-7.168223,38,7713.929814
-21.666439,300,7717.329042
-12.065622,54,7717.93588
-8.983487,39,7718.373806
-21.313965,120,7719.725715
-14.070147,49,7720.274727
-6.157181,12,7720.410363
-11.363992,52,7720.997442
-14.324094,65,7721.728136
-3.38083,24,7721.996526
-3.040931,23,7722.255831
-9.470998,51,7722.830868
-11.344685,56,7723.458622
-12.423637,65,7724.233905
-8.106328,35,7724.634601
-16.317959,72,7725.441443
-9.331489,42,7725.915736
-14.745031,159,7727.69333
-14.686769,65,7728.422409
-6.30435,32,7728.777998
-7.819504,19,7728.99043
-28.377611,300,7732.401244
-9.524631,52,7732.990689
-4.279967,32,7733.346054
-11.158382,114,7734.641619
-9.621514,38,7735.072469
-5.401427,35,7735.468409
-3.080979,24,7735.737008
-6.798457,63,7736.443282
-9.219045,61,7737.13051
-5.507859,82,7738.052131
-4.245525,26,7738.345694
-5.361667,31,7738.693734
-4.714207,28,7739.050085
-4.882456,48,7739.596996
-7.886717,37,7740.01086
-11.76031,46,7740.52651
-3.419184,46,7741.04788
-3.208542,24,7741.316163
-6.921265,37,7741.734128
-8.919218,42,7742.213246
-12.614107,89,7743.212175
-9.653777,102,7744.355601
-10.284277,47,7744.884157
-14.291257,49,7745.450595
-23.191849,300,7748.862732
-11.960044,62,7749.553916
-8.769848,37,7749.970292
-11.471855,90,7750.977755
-11.807023,52,7751.566182
-40.475149,300,7754.997198
-2.998231,22,7755.241764
-14.549567,300,7758.626688
-14.065699,55,7759.242157
-11.684595,46,7759.762819
-3.706776,28,7760.074018
-5.773878,46,7760.589591
-7.799397,44,7761.084298
-3.034485,24,7761.355959
-16.116788,273,7764.470814
-8.491873,78,7765.355439
-12.913556,47,7765.883997
-20.184924,300,7769.263169
-11.102796,46,7769.810751
-25.647392,300,7773.204691
-9.835827,44,7773.699522
-2.253835,21,7773.936887
-6.439987,20,7774.159292
-14.944163,85,7775.10833
-8.349912,73,7775.929483
-21.984012,300,7779.324559
-9.167944,39,7779.763386
-10.683723,66,7780.50098
-15.530617,51,7781.076465
-4.197733,56,7781.71401
-31.176647,300,7785.1212
-8.725642,43,7785.605479
-22.411419,119,7786.955862
-3.54457,27,7787.256563
-5.975199,47,7787.786147
-2.363271,21,7788.019526
-7.965198,40,7788.466331
-17.282478,86,7789.421744
-10.794398,80,7790.320733
-8.563124,36,7790.737366
-7.549205,20,7790.959114
-9.923734,45,7791.462066
-11.449381,52,7792.038525
-17.355713,191,7794.225659
-8.42319,86,7795.198534
-3.528719,24,7795.468813
-6.103434,31,7795.818429
-3.755547,25,7796.098867
-16.904097,69,7796.873823
-13.082723,57,7797.523678
-22.465989,134,7799.010663
-10.448621,68,7799.815337
-18.489086,74,7800.64723
-10.204228,46,7801.158325
-16.041075,68,7801.929373
-8.352082,38,7802.358573
-12.223691,48,7802.895623
-4.41536,31,7803.23883
-12.850605,46,7803.75146
-16.659894,73,7804.573805
-18.17079,136,7806.097365
-80.624774,300,7809.499032
-16.181056,58,7810.151304
-9.324445,78,7811.022437
-3.214545,25,7811.30746
-11.082453,77,7812.178003
-8.284336,37,7812.591897
-9.655348,78,7813.463654
-12.146806,44,7813.9593
-4.104412,42,7814.432118
-6.071183,32,7814.82008
-9.332862,42,7815.296304
-11.947491,60,7815.962848
-7.972716,35,7816.354922
-16.520453,57,7816.985353
-4.335562,26,7817.278539
-11.069028,189,7819.398966
-3.927257,25,7819.679222
-18.006209,66,7820.415991
-2.400579,21,7820.656052
-22.516988,240,7823.401339
-8.885494,48,7823.944638
-16.321602,64,7824.665983
-5.031069,46,7825.182977
-10.852944,43,7825.661198
-9.315429,78,7826.533962
-14.481123,49,7827.082762
-11.544566,55,7827.694476
-21.93728,131,7829.156468
-5.029279,32,7829.520494
-6.191144,32,7829.896458
-11.109062,42,7830.384396
-14.693057,68,7831.151309
-6.050418,34,7831.534254
-5.138268,34,7831.912274
-15.268726,55,7832.530619
-12.703422,50,7833.085052
-14.80113,88,7834.070933
-4.667963,38,7834.491808
-18.698657,89,7835.496379
-12.936727,57,7836.131639
-22.008947,134,7837.67094
-9.279185,44,7838.172631
-2.271707,19,7838.386028
-5.054057,33,7838.756067
-10.188711,50,7839.315537
-2.955012,21,7839.549881
-2.583307,22,7839.792261
-4.272772,31,7840.137533
-12.644797,56,7840.772595
-6.136651,31,7841.119697
-12.678474,119,7842.45523
-7.416001,35,7842.843164
-14.353263,117,7844.152618
-7.246372,49,7844.701157
-10.860519,92,7845.746468
-12.028829,50,7846.305943
-10.583599,47,7846.835051
-8.483997,57,7847.476285
-14.41437,61,7848.168534
-3.062767,24,7848.435849
-3.842683,27,7848.740006
-9.817549,75,7849.575678
-6.46237,31,7849.924775
-10.177628,44,7850.417455
-15.071674,94,7851.468645
-9.049233,71,7852.257869
-5.191845,28,7852.573994
-7.857741,63,7853.291995
-4.488007,30,7853.635472
-14.318042,50,7854.197968
-10.28483,41,7854.654718
-26.338609,300,7858.047098
-15.907483,57,7858.683673
-4.714277,37,7859.100977
-13.38742,47,7859.663273
-4.670833,29,7860.001699
-7.957115,41,7860.460166
-23.025568,88,7861.449182
-10.229775,43,7861.939444
-11.381765,89,7862.934219
-11.986928,47,7863.465358
-9.586784,73,7864.287076
-6.335846,41,7864.746731
-13.011507,99,7865.893474
-7.841122,52,7866.49398
-13.165531,58,7867.142248
-8.695118,41,7867.605008
-11.063353,47,7868.13015
-5.730511,39,7868.571693
-8.767672,47,7869.09567
-24.374828,300,7872.452111
-11.286175,48,7872.992666
-7.258673,35,7873.382623
-5.426703,31,7873.767565
-7.543768,35,7874.157256
-61.452095,300,7877.5266
-9.987354,49,7878.085116
-3.900877,26,7878.373788
-2.640461,23,7878.637084
-8.875332,42,7879.10648
-6.633696,32,7879.464771
-16.499496,104,7880.638877
-8.584988,43,7881.156493
-12.688644,49,7881.708896
-9.158305,39,7882.146725
-12.993357,47,7882.668422
-8.840952,57,7883.308994
-5.09335,30,7883.645095
-7.137622,46,7884.17144
-8.096465,40,7884.623606
-8.324788,40,7885.074308
-8.023138,42,7885.551029
-12.831443,53,7886.139459
-8.686028,40,7886.589269
-9.655015,48,7887.128824
-3.696315,41,7887.590044
-22.653336,253,7890.605642
-10.050811,46,7891.15302
-10.103738,47,7891.733853
-4.86101,28,7892.073376
-11.536168,82,7893.076726
-16.585557,60,7893.973644
-5.718756,29,7894.357705
-6.972121,44,7894.891848
-3.756822,34,7895.317827
-17.049313,52,7896.009569
-5.344676,40,7896.49963
-17.318327,69,7897.349888
-8.58253,63,7898.137778
-8.291991,88,7899.234524
-7.16096,44,7899.777064
-8.602505,38,7900.237199
-5.480395,38,7900.707364
-14.578723,45,7901.272504
-8.587371,18,7901.491915
-10.388455,46,7902.049805
-6.351816,33,7902.467153
-14.514408,52,7903.124396
-5.709564,43,7903.710024
-7.096473,34,7904.142182
-9.098341,43,7904.688919
-3.377545,34,7905.126477
-18.918785,81,7906.113346
-6.196708,64,7906.90922
-3.028399,23,7907.196175
-22.767111,227,7910.064442
-4.995577,34,7910.485454
-13.441465,82,7911.533069
-3.739294,27,7911.879542
-6.308843,36,7912.321257
-19.526595,191,7914.677709
-3.587557,51,7915.31688
-5.971514,56,7916.008008
-5.140686,31,7916.390054
-7.264445,39,7916.87125
-6.301799,13,7917.034668
-8.998815,38,7917.516231
-10.373988,50,7918.175539
-3.457038,23,7918.468104
-13.712167,67,7919.305892
-4.661391,27,7919.61504
-12.169235,56,7920.256123
-4.573857,26,7920.553818
-5.639635,29,7920.887291
-16.415736,75,7921.801061
-13.343098,55,7922.469635
-14.975598,57,7923.174722
-17.125786,64,7923.956902
-14.206722,92,7925.140234
-12.837062,52,7925.781423
-10.189189,39,7926.258662
-8.362209,38,7926.728599
-11.549193,49,7927.327148
-6.543208,50,7927.932535
-13.415765,46,7928.492841
-2.607544,23,7928.781442
-4.708356,31,7929.169404
-7.431435,40,7929.653381
-10.154216,46,7930.291703
-17.393312,56,7930.987496
-8.694672,37,7931.438813
-15.436879,98,7932.65311
-7.778172,36,7933.092853
-7.661087,50,7933.704515
-30.16087,296,7937.356036
-15.355176,46,7937.918173
-7.978145,35,7938.348172
-4.491766,29,7938.701227
-8.35685,50,7939.320339
-14.344776,49,7939.932773
-12.179841,106,7941.225167
-9.410584,41,7941.734311
-8.532983,45,7942.281701
-4.357336,28,7942.621351
-14.675122,58,7943.32401
-16.697222,63,7944.098975
-5.853307,33,7944.550738
-4.187902,30,7944.914988
-10.798595,42,7945.436816
-8.118043,38,7945.893566
-9.517372,45,7946.448326
-4.996262,32,7946.838283
-17.191438,109,7948.166102
-14.136369,163,7950.170787
-8.511584,52,7950.810683
-5.722233,29,7951.173711
-8.623709,73,7952.104619
-9.064585,43,7952.638063
-5.378748,61,7953.414006
-12.315418,47,7953.995288
-12.863691,127,7955.542603
-4.786895,35,7955.975992
-14.630311,51,7956.604806
-15.129112,70,7957.464541
-4.651861,27,7957.796561
-6.126064,44,7958.331663
-6.713397,52,7958.966029
-3.322489,20,7959.208709
-9.614865,132,7960.879079
-8.545946,54,7961.535248
-10.327634,54,7962.200436
-26.315669,300,7965.930333
-9.736187,44,7966.473233
-9.092835,47,7967.085248
-6.605341,46,7967.652783
-8.503407,45,7968.190916
-9.037937,47,7968.765465
-5.469801,111,7970.125299
-7.578939,79,7971.125477
-8.198185,61,7971.915228
-10.372091,53,7972.586557
-8.446128,86,7973.725936
-7.791207,37,7974.170143
-12.575507,77,7975.119232
-4.973576,38,7975.633373
-3.085257,24,7975.931702
-20.137749,70,7976.814115
-14.164901,54,7977.467002
-10.987696,42,7977.990631
-11.49431,71,7978.871176
-17.604927,55,7979.548298
-8.917971,44,7980.077178
-6.85451,32,7980.458159
-20.511741,203,7983.100257
-9.729794,41,7983.595646
-5.66479,45,7984.148028
-11.005794,52,7984.763873
-17.722859,95,7985.957989
-11.240463,50,7986.597913
-4.800779,32,7986.974905
-9.626479,67,7987.803277
-5.726986,32,7988.189246
-15.48082,88,7989.332307
-12.577681,68,7990.204998
-30.831758,262,7993.527172
-14.056205,53,7994.204391
-9.318939,43,7994.703443
-26.536561,300,7998.397673
-16.338583,117,7999.890877
-5.176324,17,8000.112309
-11.149038,48,8000.72414
-9.53408,41,8001.292045
-10.967362,46,8001.888452
-5.727598,48,8002.483045
-18.067694,60,8003.186757
-8.8896,41,8003.671251
-11.954829,51,8004.291846
-5.666498,36,8004.751739
-21.881682,162,8006.79781
-14.676571,57,8007.498935
-16.456377,88,8008.595092
-6.093737,34,8009.079041
-3.775132,26,8009.398675
-11.381125,43,8009.936701
-8.576545,38,8010.418065
-2.892598,22,8010.685821
-16.536748,76,8011.651328
-6.737106,37,8012.113261
-17.826121,67,8012.940064
-14.322802,86,8014.004086
-8.369533,40,8014.494753
-9.095638,42,8015.01304
-16.178348,62,8015.801614
-10.9384,45,8016.353831
-8.611057,39,8016.853099
-7.816561,41,8017.36572
-6.448831,21,8017.623078
-10.275753,76,8018.558306
-9.390267,38,8019.041044
-12.714741,50,8019.670332
-10.142001,88,8020.818162
-11.57991,57,8021.537486
-10.981565,43,8022.095339
-16.571135,65,8022.893327
-12.019478,63,8023.647215
-5.720829,42,8024.169268
-4.653188,42,8024.697966
-8.343374,43,8025.236527
-4.953317,31,8025.686674
-18.065349,92,8026.796002
-3.690139,24,8027.074257
-4.282407,28,8027.400386
-13.288444,81,8028.3853
-5.898096,34,8028.831115
-16.630048,51,8029.504079
-2.491836,21,8029.768763
-6.110206,34,8030.179144
-6.788027,36,8030.617414
-10.45187,42,8031.130014
-11.213408,44,8031.695593
-7.535483,39,8032.239305
-7.704933,40,8032.722015
-9.735272,42,8033.230072
-16.452363,57,8033.896314
-20.193534,107,8035.280256
-12.512923,49,8035.921223
-14.63576,58,8036.623482
-10.978153,99,8037.856493
-9.90228,54,8038.555099
-11.460177,46,8039.142442
-7.316903,51,8039.804357
-8.519316,36,8040.250221
-9.782298,77,8041.175233
-5.851616,33,8041.567255
-13.013892,161,8043.668072
-5.429872,29,8044.063617
-9.382275,38,8044.546191
-5.840555,63,8045.332477
-6.084048,45,8045.883589
-3.556624,28,8046.225785
-10.943246,56,8046.921477
-16.597609,60,8047.66674
-19.825894,76,8048.566334
-7.362933,36,8048.996903
-6.84393,32,8049.419773
-3.985938,25,8049.742829
-2.694588,22,8050.048012
-11.327982,44,8050.624627
-18.707035,78,8051.61409
-7.405492,40,8052.133857
-4.977677,32,8052.558833
-11.322824,50,8053.185836
-9.399967,51,8053.873753
-14.211246,64,8054.726676
-12.319096,52,8055.422127
-8.657893,23,8055.721325
-11.160697,46,8056.301773
-10.050837,80,8057.333015
-5.780757,31,8057.73413
-13.700675,56,8058.40749
-8.078561,37,8058.850755
-6.965562,34,8059.255743
-4.764513,27,8059.577652
-8.266307,37,8060.054377
-12.573869,51,8060.69682
-3.841348,28,8061.046875
-10.016406,42,8061.58341
-13.497811,50,8062.193666
-11.418126,47,8062.768142
-6.539451,32,8063.15411
-19.963392,145,8064.975915
-12.186133,58,8065.667779
-7.775682,40,8066.143972
-12.792094,53,8066.77837
-15.158166,61,8067.578474
-3.504385,23,8067.857753
-6.133847,31,8068.25198
-10.476433,48,8068.862699
-9.618495,43,8069.407997
-6.814617,14,8069.579538
-13.222676,95,8070.745261
-7.451474,36,8071.191493
-5.844393,29,8071.54056
-5.910468,30,8071.898079
-18.500236,68,8072.731068
-8.164743,38,8073.167374
-13.571963,51,8073.76561
-6.562126,37,8074.238927
-7.786908,73,8075.136853
-6.460848,36,8075.574855
-7.994677,35,8076.056532
-12.41776,51,8076.702824
-13.202288,46,8077.335817
-9.020089,43,8077.896534
-8.928933,44,8078.501957
-2.886936,23,8079.047816
-5.786915,33,8079.668496
-7.965078,36,8080.154213
-8.870617,47,8080.753745
-8.895001,54,8081.518229
-3.179201,24,8081.817389
-7.556276,48,8082.406333
-8.352791,51,8083.029622
-6.308975,35,8083.460703
-8.951304,55,8084.133312
-10.815981,54,8084.790168
-11.2668,43,8085.3239
-8.656284,47,8085.901715
-7.600887,41,8086.412854
-4.646299,33,8086.813241
-4.05866,26,8087.132394
-14.972366,52,8087.766727
-8.539882,43,8088.285186
-4.523372,28,8088.630643
-5.020157,28,8088.96908
-8.050406,36,8089.469318
-9.734334,48,8090.072648
-8.514096,36,8090.516752
-12.097594,78,8091.513463
-11.463391,48,8092.109144
-16.059761,50,8092.729922
-8.08038,36,8093.168133
-8.657516,39,8093.648257
-3.774724,24,8093.946015
-21.134437,98,8095.144138
-9.81476,42,8095.729259
-12.95149,59,8096.512167
-12.957219,87,8097.706417
-17.233995,133,8099.784507
-6.932407,33,8100.184969
-9.620515,39,8100.669821
-12.337771,56,8101.36197
-11.59614,49,8101.959698
-5.580553,34,8102.379204
-15.741854,85,8103.479683
-6.744034,32,8103.889869
-8.089166,43,8104.406592
-8.529941,37,8104.883844
-7.74657,41,8105.394808
-6.608146,38,8105.868097
-3.117259,24,8106.167044
-15.127867,51,8106.800818
-7.1437,42,8107.317142
-11.105518,45,8107.862779
-1.909147,19,8108.102002
-13.931849,53,8108.761316
-7.120074,40,8109.271809
-11.561183,48,8109.877514
-15.618973,61,8110.726884
-10.027456,41,8111.283635
-3.794822,27,8111.628741
-10.956474,48,8112.269513
-12.092226,54,8112.991093
-17.138155,52,8113.745694
-5.030973,32,8114.177372
-13.841369,172,8116.511115
-2.023753,18,8116.728533
-6.761235,37,8117.195244
-7.989879,40,8117.693772
-12.483877,53,8118.343888
-7.350411,39,8118.819715
-4.984438,31,8119.195086
-3.284575,26,8119.521952
-3.931088,28,8119.86935
-5.486581,31,8120.257135
-8.430027,37,8120.70976
-16.370685,55,8121.387609
-16.587606,88,8122.474303
-6.732305,37,8122.936501
-10.858034,42,8123.448608
-9.608578,46,8124.040746
-5.993261,30,8124.436336
-9.517751,50,8125.055672
-5.532777,33,8125.460902
-11.029668,44,8126.007431
-15.585042,84,8127.024917
-6.75871,34,8127.447013
-19.219381,182,8129.667171
-9.44679,41,8130.179504
-9.936004,46,8130.74116
-9.52088,47,8131.314596
-15.810514,57,8132.077425
-5.815042,37,8132.527831
-4.644679,42,8133.033174
-5.919934,36,8133.473495
-15.110805,202,8135.923612
-8.116112,75,8136.845408
-24.525717,300,8140.577396
-5.801383,38,8141.054594
-6.823923,14,8141.229098
-8.498419,39,8141.694168
-3.443055,27,8142.034259
-13.782625,50,8142.642959
-4.528209,29,8142.995986
-15.934479,62,8143.749161
-9.981398,45,8144.299582
-3.67973,26,8144.611672
-4.797647,40,8145.111553
-4.936531,31,8145.499172
-6.206123,39,8145.971243
-9.255908,42,8146.493909
-8.31321,45,8147.091884
-21.614489,170,8149.184899
-6.655662,33,8149.593777
-3.382957,25,8149.894452
-11.395846,43,8150.420665
-7.37065,37,8150.867468
-9.311084,45,8151.427396
-3.604594,27,8151.767173
-4.858514,28,8152.122435
-10.310125,72,8153.025364
-13.084818,52,8153.662604
-21.969058,162,8155.698326
-9.407063,39,8156.238657
-6.140982,31,8156.613552
-11.352498,62,8157.36457
-9.751027,45,8157.915697
-24.063959,239,8160.828233
-9.886874,41,8161.365796
-11.486429,48,8161.96893
-13.684884,50,8162.580524
-8.001154,35,8163.011048
-2.263338,20,8163.260292
-6.202048,31,8163.648155
-10.397296,42,8164.216662
-10.984916,43,8164.73486
-4.730563,14,8164.913121
-11.137661,84,8165.950375
-7.147481,38,8166.430926
-18.275427,181,8168.643546
-15.746034,96,8169.812975
-5.611783,31,8170.193928
-16.879971,86,8171.243315
-12.562763,46,8171.804957
-2.01328,20,8172.049332
-12.439257,44,8172.637656
-7.77574,40,8173.125251
-5.873449,44,8173.66371
-6.869642,37,8174.122019
-2.522247,20,8174.370892
-8.788736,46,8174.938233
-5.510527,36,8175.379082
-7.223503,35,8175.809638
-11.399168,45,8176.359387
-5.526287,34,8176.787066
-5.241201,32,8177.17679
-15.235643,61,8177.924221
-7.689646,35,8178.348115
-7.890731,48,8178.943523
-15.843011,50,8179.548838
-5.970897,31,8179.920328
-20.630952,123,8181.469819
-6.578714,32,8181.864423
-7.132457,59,8182.59259
-8.480817,65,8183.393222
-8.974646,42,8183.918513
-17.014469,53,8184.586199
-2.459156,20,8184.835629
-6.592275,36,8185.295199
-12.769319,52,8185.891834
-11.162024,43,8186.38725
-5.201103,12,8186.523912
-29.515702,300,8190.163951
-3.267173,14,8190.335766
-2.884678,21,8190.5941
-8.580084,41,8191.100162
-18.984771,126,8192.715109
-4.229248,36,8193.16607
-2.944615,21,8193.433354
-8.574949,39,8193.914068
-6.634749,34,8194.32561
-7.288928,33,8194.735401
-6.944483,42,8195.248826
-8.883954,43,8195.786686
-11.342907,57,8196.480051
-16.361893,57,8197.183236
-3.886317,24,8197.476483
-7.777235,41,8197.98266
-7.32042,39,8198.481872
-18.854808,177,8200.7202
-6.347692,36,8201.167034
-12.398387,91,8202.288512
-13.385381,54,8202.948567
-15.173333,68,8203.783163
-21.948118,131,8205.375413
-12.385992,116,8206.808332
-8.476012,39,8207.282472
-5.54939,37,8207.733475
-20.798513,186,8210.074343
-8.737258,44,8210.608746
-11.896089,45,8211.17028
-3.260958,22,8211.446571
-6.070926,48,8212.034997
-11.198259,52,8212.688131
-10.432432,41,8213.19159
-10.45344,52,8213.816172
-8.984253,37,8214.273266
-13.256369,53,8214.927892
-7.925418,43,8215.470634
-41.452691,300,8219.176679
-9.02502,44,8219.70839
-18.57053,95,8220.875245
-8.270916,36,8221.320845
-12.641484,47,8221.903379
-11.03844,46,8222.490809
-8.846336,41,8222.988121
-13.955399,54,8223.64638
-13.102368,87,8224.72834
-9.035785,44,8225.276143
-10.779503,47,8225.855689
-16.128785,56,8226.535129
-11.177428,48,8227.120781
-4.444509,41,8227.623855
-11.844345,50,8228.228084
-10.005016,46,8228.778385
-7.346395,38,8229.243142
-9.139498,44,8229.780064
-6.647425,35,8230.20565
-12.649584,54,8230.869827
-9.797198,68,8231.681648
-10.222106,41,8232.186552
-13.88451,56,8232.875257
-5.313807,31,8233.253464
-5.110494,29,8233.609956
-4.531173,28,8233.955561
-13.995833,67,8234.784085
-7.145725,38,8235.243083
-6.779206,43,8235.769253
-14.448588,129,8237.40116
-4.499937,10,8237.523728
-2.70417,22,8237.795965
-10.842733,46,8238.360067
-4.164888,43,8238.887657
-4.53397,40,8239.380867
-8.736809,64,8240.159121
-7.152273,40,8240.651285
-18.155077,122,8242.153604
-10.985752,41,8242.668621
-7.028098,33,8243.077759
-8.325823,50,8243.691909
-5.044202,44,8244.230311
-14.374588,59,8244.964305
-10.167686,40,8245.505032
-8.651852,41,8246.004889
-14.068562,62,8246.758637
-8.76944,57,8247.458021
-11.450713,66,8248.25596
-10.907864,48,8248.841662
-15.519572,126,8250.407284
-14.246891,49,8251.002597
-8.781367,57,8251.69864
-3.919138,40,8252.187363
-12.859378,48,8252.770831
-6.136851,35,8253.248585
-10.264539,68,8254.082006
-15.376716,121,8255.567513
-19.885246,295,8259.179468
-7.650926,56,8259.864482
-5.408091,40,8260.364584
-5.656989,42,8260.878055
-6.672293,34,8261.292613
-3.944738,25,8261.600703
-14.077808,70,8262.452347
-6.361303,36,8262.895932
-5.208055,57,8263.588554
-4.557511,14,8263.765084
-10.547835,45,8264.324878
-9.88353,92,8265.519213
-13.316983,55,8266.204381
-13.762404,60,8266.934987
-9.80762,106,8268.219585
-13.841881,59,8268.937064
-18.084735,63,8269.705987
-4.04938,24,8269.999576
-11.161294,45,8270.544215
-6.162028,30,8270.929473
-9.318143,75,8271.85092
-24.322194,300,8275.526432
-15.347141,60,8276.259712
-17.223737,94,8277.407212
-21.351207,300,8281.116175
-10.37893,45,8281.668565
-5.339645,28,8282.008616
-5.954136,33,8282.410921
-14.819633,91,8283.536182
-6.301834,52,8284.175474
-7.149315,37,8284.627998
-8.037873,35,8285.067849
-5.656208,35,8285.50788
-13.316067,118,8286.959591
-9.630063,43,8287.480833
-12.52731,45,8288.043329
-13.085632,65,8288.841454
-3.327746,24,8289.130709
-3.51251,38,8289.603702
-26.361419,212,8292.330597
-10.342012,51,8292.979203
-11.4238,61,8293.714554
-20.573044,157,8295.719865
-12.15165,49,8296.338208
-9.510575,51,8296.980036
-12.161561,70,8297.835424
-6.348265,37,8298.273612
-12.680903,58,8299.058918
-11.78884,50,8299.674274
-5.311858,31,8300.039655
-9.612335,45,8300.582898
-24.651572,300,8304.26334
-12.417224,51,8304.929334
-20.88074,300,8308.685897
-7.966143,39,8309.201232
-8.671137,40,8309.698213
-3.118325,22,8309.972445
-8.971507,38,8310.44232
-3.376637,24,8310.722914
-7.302971,70,8311.548116
-27.456914,300,8315.291602
-4.451474,30,8315.650643
-5.216914,32,8316.033618
-15.318574,52,8316.656657
-6.461019,32,8317.109576
-5.496854,38,8317.584332
-8.548012,54,8318.298682
-12.413255,52,8319.007786
-8.391406,52,8319.754789
-9.149897,39,8320.295343
-14.841145,86,8321.459112
-23.191966,300,8325.233775
-5.40262,28,8325.584991
-20.370479,115,8327.032797
-16.110268,64,8327.818035
-10.360225,72,8328.701069
-4.259988,49,8329.294453
-9.650571,45,8329.840399
-14.333245,60,8330.577589
-17.024042,88,8331.653087
-13.199081,48,8332.238919
-12.707041,55,8332.92705
-8.387788,39,8333.414342
-9.002021,59,8334.198927
-27.791404,300,8337.88186
-11.163886,84,8338.923165
-7.905595,65,8339.71468
-12.104794,136,8341.372084
-9.22688,40,8341.873132
-6.554181,32,8342.32319
-4.842918,26,8342.639345
-26.917077,300,8346.42536
-7.252293,19,8346.669552
-3.643767,12,8346.814782
-11.494887,51,8347.437911
-12.167365,58,8348.194817
-10.282796,43,8348.724577
-9.498672,45,8349.269244
-5.596012,35,8349.705952
-9.974668,43,8350.286768
-6.847642,19,8350.518119
-23.781258,300,8354.301678
-8.567325,48,8354.905287
-5.542256,31,8355.290257
-13.44874,56,8355.993608
-13.307547,115,8357.443559
-13.153192,110,8358.70015
-10.011725,73,8359.566672
-13.696932,115,8361.075093
-8.588795,43,8361.624683
-21.871118,300,8365.355144
-2.927354,22,8365.627444
-8.466808,42,8366.170961
-7.262723,34,8366.583857
-4.108996,26,8366.899045
-14.148029,59,8367.634543
-7.460769,40,8368.128745
-14.217461,51,8368.811124
-28.980562,300,8372.600184
-11.183205,74,8373.520798
-7.012435,71,8374.428902
-11.791329,48,8375.01717
-14.055134,70,8375.895329
-16.342071,96,8377.102902
-21.435025,300,8381.093306
-17.719685,52,8381.799824
-15.629336,81,8382.832233
-3.593614,31,8383.235071
-26.179335,300,8387.080521
-11.669976,53,8387.764877
-6.342004,54,8388.466472
-12.446192,65,8389.324856
-12.854355,49,8389.960981
-11.70532,114,8391.323126
-2.378019,20,8391.562331
-12.760374,58,8392.275985
-21.866751,300,8396.082038
-6.797722,52,8396.712118
-5.57831,37,8397.173527
-10.117522,45,8397.758903
-10.989953,57,8398.481003
-14.266144,72,8399.417744
-4.154265,25,8399.756671
-23.471176,277,8403.282877
-8.50114,54,8403.996381
-11.524539,56,8404.710489
-27.194204,300,8408.462565
-13.191727,54,8409.151952
-6.648786,38,8409.635627
-5.72973,47,8410.272837
-6.541142,36,8410.697863
-14.374105,56,8411.365435
-9.647612,40,8411.857159
-9.727869,56,8412.569955
-8.983472,41,8413.095338
-13.980439,60,8413.841214
-10.900675,42,8414.36122
-5.875754,33,8414.809891
-7.065949,34,8415.210789
-7.859353,69,8416.072354
-8.64924,38,8416.553696
-13.606576,68,8417.423063
-7.943328,49,8418.060213
-17.302504,62,8418.837002
-3.087083,23,8419.111299
-15.491125,94,8420.242157
-11.980868,53,8420.855038
-3.514791,23,8421.124744
-8.749483,40,8421.59263
-3.474133,28,8421.943
-10.349462,68,8422.838253
-13.616866,89,8423.957468
-12.144266,46,8424.538766
-14.667499,56,8425.233573
-2.305732,19,8425.462133
-3.662934,27,8425.804538
-6.14117,50,8426.420485
-12.510311,48,8426.997395
-15.142009,54,8427.621316
-6.375378,33,8427.999479
-19.643877,178,8430.256143
-13.103967,54,8430.932002
-14.143952,49,8431.567284
-9.293162,47,8432.154213
-6.198381,35,8432.59204
-11.098969,69,8433.411282
-5.666965,29,8433.741261
-11.753194,54,8434.399131
-10.096231,90,8435.509862
-9.736193,40,8436.013777
-9.117598,39,8436.517053
-5.623556,30,8436.884694
-6.789208,40,8437.380113
-11.936709,43,8437.925978
-13.34783,52,8438.578001
-12.826345,49,8439.195507
-13.449327,52,8439.925993
-12.857715,143,8441.880633
-10.907761,46,8442.514937
-13.464955,53,8443.208083
-20.578709,300,8447.109166
-9.638136,42,8447.627617
-14.164368,50,8448.242671
-8.703052,47,8448.865037
-7.780743,49,8449.476713
-9.232486,39,8449.949936
-10.618701,75,8450.871936
-16.077402,64,8451.664359
-11.677752,48,8452.244809
-5.55512,31,8452.622826
-14.381916,61,8453.383803
-8.188785,39,8453.870624
-7.699938,35,8454.304017
-27.873347,300,8458.130989
-11.28771,46,8458.717242
-5.753225,31,8459.092772
-14.206181,85,8460.12701
-10.765227,42,8460.644022
-30.964865,300,8464.311893
-11.516475,52,8464.947816
-6.808633,35,8465.374827
-6.528961,37,8465.893731
-7.943525,36,8466.345325
-16.325269,194,8468.724972
-23.130201,300,8472.405305
-19.31711,300,8476.16351
-12.014403,46,8476.729429
-4.060629,26,8477.055559
-4.910512,29,8477.412471
-34.734,300,8481.109576
-12.471439,51,8481.743729
-18.183917,135,8483.385225
-11.227216,43,8483.930404
-17.284136,64,8484.731748
-7.600948,38,8485.209852
-9.175148,54,8485.87194
-13.526232,50,8486.474358
-3.015487,22,8486.749593
-16.176497,79,8487.75309
-5.114807,28,8488.090189
-16.874883,71,8488.959001
-14.568921,58,8489.65479
-3.790872,27,8490.00147
-16.154494,61,8490.746322
-3.574133,23,8491.030532
-6.015199,49,8491.637367
-7.041117,38,8492.112445
-6.968119,45,8492.691894
-17.12669,66,8493.527617
-15.189745,82,8494.557691
-18.22345,119,8496.035654
-7.42478,34,8496.497419
-8.455687,50,8497.124796
-18.029263,72,8498.011137
-15.815845,52,8498.64489
-12.466,54,8499.308813
-6.638435,35,8499.725659
-10.998589,48,8500.314378
-5.373303,33,8500.718269
-5.292279,34,8501.145272
-16.518406,55,8501.822441
-5.232866,40,8502.303526
-8.709248,49,8502.914863
-21.636332,300,8506.630837
-3.869574,29,8506.985999
-7.259338,39,8507.46508
-6.32808,38,8507.933796
-5.826512,30,8508.294629
-4.187922,27,8508.627892
-13.433456,74,8509.521816
-16.936063,52,8510.156136
-17.941152,64,8510.924223
-7.565097,37,8511.38994
-8.760709,43,8511.913549
-25.924732,300,8515.677978
-13.683788,55,8516.377356
-15.228081,56,8517.064139
-9.631861,45,8517.644426
-15.136399,75,8518.580946
-34.086259,300,8522.526216
-9.039607,42,8523.050813
-12.23891,115,8524.534506
-14.657502,50,8525.198275
-6.427151,64,8526.03704
-13.84893,55,8526.739367
-21.326056,266,8530.065611
-6.796402,59,8530.828987
-8.316271,46,8531.39557
-8.309538,47,8531.974052
-5.702763,56,8532.714045
-9.019713,53,8533.40141
-4.722423,39,8533.903828
-8.602353,37,8534.371602
-19.299514,300,8538.216051
-5.782149,55,8538.968039
-10.506213,44,8539.563003
-16.823887,64,8540.380926
-11.072952,62,8541.117519
-25.807978,300,8544.852448
-14.215563,50,8545.450035
-25.981532,300,8549.187378
-16.298406,76,8550.091407
-7.265957,37,8550.56052
-7.39627,38,8551.027727
-16.436172,82,8552.103528
-6.583576,38,8552.569505
-12.9057,45,8553.111475
-10.619865,70,8554.005291
-7.777713,37,8554.476936
-10.070288,55,8555.162539
-25.865836,300,8558.860693
-15.144745,99,8560.168661
-8.527653,36,8560.651989
-10.917459,46,8561.285296
-3.5862,35,8561.743073
-8.376697,39,8562.253706
-15.483206,55,8562.980762
-5.123209,30,8563.446515
-17.176061,67,8564.339128
-7.119814,34,8564.759173
-6.57926,38,8565.213455
-25.834505,300,8568.936729
-8.560428,41,8569.443266
-5.193376,34,8569.876298
-5.564409,37,8570.322404
-2.794908,20,8570.560768
-7.939411,56,8571.245837
-4.853759,32,8571.634242
-9.743124,53,8572.289438
-9.150455,44,8572.833329
-24.504163,300,8576.637645
-5.364089,30,8577.021618
-12.465814,54,8577.707531
-25.885312,300,8581.399114
-21.327374,300,8585.120119
-10.655283,48,8585.712913
-8.702152,75,8586.625223
-5.669929,30,8586.992923
-9.583409,40,8587.491882
-3.904517,9,8587.604551
-16.07793,57,8588.301913
-10.390355,58,8588.994289
-7.904237,48,8589.579473
-10.790261,47,8590.16391
-10.488938,110,8591.517186
-10.558807,43,8592.039844
-6.304625,35,8592.468838
-6.136424,36,8592.910686
-10.94092,67,8593.750161
-17.033113,91,8594.874693
-13.022729,61,8595.60814
-5.677643,33,8596.015339
-26.314832,300,8599.721932
-29.077772,300,8603.398174
-7.401514,36,8603.833205
-10.652774,47,8604.412653
-12.012871,88,8605.485876
-4.665352,29,8605.840927
-15.291423,98,8607.042475
-6.584138,35,8607.478265
-3.071335,22,8607.740568
-8.765591,38,8608.199596
-11.738583,69,8609.1019
-18.293473,69,8609.961265
-14.695734,53,8610.605388
-5.101717,48,8611.196207
-5.395972,29,8611.554917
-2.521405,21,8611.808904
-5.679771,30,8612.193883
-13.454426,71,8613.071776
-18.422691,300,8616.777844
-22.078914,117,8618.272542
-5.347314,29,8618.633377
-12.403758,49,8619.23108
-3.241768,22,8619.503155
-10.095145,42,8620.003356
-9.796479,46,8620.566824
-10.426006,60,8621.300584
-5.783856,36,8621.750602
-7.71993,34,8622.174975
-4.046325,25,8622.489274
-11.479119,43,8623.016516
-4.752931,27,8623.361274
-6.892309,61,8624.117214
-15.849594,57,8624.826735
-5.533987,34,8625.250632
-5.189272,31,8625.637792
-5.990474,32,8626.028747
-7.273819,39,8626.506295
-4.611775,42,8627.024873
-13.042468,56,8627.764807
-5.761952,31,8628.140684
-15.616846,172,8630.25689
-10.752005,43,8630.776976
-10.05672,52,8631.403018
-7.018455,40,8631.890715
-2.617112,20,8632.129411
-10.650065,61,8632.86554
-11.713905,48,8633.453298
-7.258681,43,8633.994708
-12.247124,53,8634.638488
-16.915071,92,8635.774449
-6.12617,35,8636.216292
-7.230918,35,8636.695039
-6.584182,59,8637.430706
-4.663091,34,8637.861463
-11.66696,52,8638.491689
-4.190141,27,8638.817816
-9.938356,47,8639.391609
-7.189946,48,8639.981684
-4.99969,28,8640.377623
-16.874274,55,8641.061769
-19.505779,105,8642.380875
-22.493791,155,8644.357418
-13.163364,47,8644.948196
-7.784999,46,8645.535526
-7.394231,36,8645.992662
-23.373222,300,8649.826689
-3.692733,27,8650.182736
-11.739247,50,8650.86338
-19.946665,125,8652.466896
-5.657204,29,8652.826047
-27.026082,300,8656.687702
-12.463031,45,8657.271438
-16.398944,92,8658.427501
-11.229432,82,8659.426304
-13.014041,56,8660.11122
-7.95756,37,8660.558187
-4.401426,37,8661.004753
-13.351363,55,8661.67325
-2.576994,20,8661.920563
-10.370621,75,8662.829752
-12.376298,52,8663.512079
-12.162404,72,8664.434575
-11.638265,112,8665.860746
-7.584878,40,8666.376118
-11.23308,54,8667.03034
-12.290874,53,8667.659938
-10.227815,46,8668.28547
-6.137314,47,8668.894076
-11.186992,47,8669.481767
-6.161431,13,8669.635333
-23.663146,300,8673.33875
-8.931922,41,8673.849808
-9.512406,87,8674.956099
-10.800885,41,8675.470927
-6.613001,121,8677.026282
-3.90751,27,8677.370391
-4.803435,32,8677.76933
-14.794444,81,8678.793824
-14.724051,59,8679.531507
-11.283155,56,8680.242519
-14.756316,179,8682.566631
-6.019718,16,8682.765118
-4.002654,11,8682.906765
-7.204467,50,8683.541426
-7.774417,40,8684.070013
-6.90422,36,8684.555554
-11.514506,49,8685.217214
-14.705969,53,8685.892409
-4.943821,34,8686.3073
-10.947635,61,8687.050993
-4.067216,29,8687.41502
-4.592331,26,8687.74259
-12.161486,143,8689.650535
-13.433201,55,8690.354976
-9.591183,53,8691.025125
-12.239804,94,8692.242588
-17.323662,142,8693.95445
-4.153415,30,8694.323462
-3.727592,32,8694.733974
-6.169455,33,8695.155652
-18.11089,58,8695.953542
-23.913049,300,8699.668413
-4.75409,31,8700.078242
-22.072783,290,8703.753686
-4.708853,32,8704.143776
-4.978655,27,8704.495863
-15.43152,60,8705.259303
-4.779569,27,8705.584432
-5.579997,33,8705.992344
-10.520144,71,8706.864801
-26.29039,192,8709.400551
-2.718784,22,8709.688168
-11.688244,101,8710.984507
-3.812278,27,8711.377736
-3.220974,24,8711.708615
-5.385423,31,8712.093585
-20.982272,300,8715.844365
-5.023176,30,8716.22458
-13.283226,54,8716.904077
-11.137028,47,8717.501606
-3.267707,29,8717.860612
-4.897841,31,8718.256504
-8.893945,86,8719.332456
-5.94739,13,8719.497636
-9.712354,127,8721.126212
-5.224042,29,8721.472374
-2.545115,27,8721.799449
-5.218167,14,8721.972039
-12.583157,50,8722.606975
-12.282759,95,8723.81505
-11.132238,82,8724.864529
-13.824498,150,8726.769136
-2.407849,20,8727.007186
-10.303795,52,8727.6726
-3.16639,26,8727.976822
-9.998743,110,8729.353447
-4.431848,28,8729.721463
-6.090893,33,8730.143364
-15.933398,65,8730.997852
-7.484454,34,8731.430558
-2.827583,22,8731.714797
-13.046043,48,8732.336692
-15.356118,79,8733.333886
-16.704478,80,8734.281109
-13.280095,85,8735.389968
-12.584671,52,8736.037241
-12.980596,57,8736.692489
-15.88446,140,8738.442998
-2.048256,18,8738.684772
-7.27651,56,8739.460698
-12.733564,65,8740.306748
-12.809372,48,8740.945299
-5.416594,30,8741.331268
-4.607244,31,8741.720857
-11.237615,49,8742.375195
-9.71518,58,8743.100629
-9.501659,88,8744.221765
-7.663398,39,8744.718489
-6.005932,34,8745.159197
-12.909341,47,8745.742297
-3.12943,24,8746.059448
-7.160332,65,8746.903104
-11.393371,68,8747.735727
-11.760007,51,8748.378082
-13.766519,78,8749.384991
-8.937961,43,8749.926668
-9.379656,64,8750.741864
-13.372724,52,8751.413608
-11.79008,62,8752.152142
-12.977484,53,8752.783596
-17.023343,81,8753.798742
-19.504133,300,8757.689124
-11.444871,45,8758.245464
-19.133299,300,8762.023934
-3.861941,24,8762.317278
-10.970351,77,8763.238724
-6.320771,35,8763.694659
-7.668615,53,8764.373874
-10.146655,53,8765.068854
-3.364949,23,8765.358149
-10.749181,48,8765.979307
-12.350036,62,8766.725311
-15.694001,112,8768.106113
-7.314854,68,8768.9599
-5.434368,29,8769.314022
-6.590295,36,8769.780631
-4.37352,26,8770.111692
-12.601529,60,8770.810793
-6.24959,38,8771.329634
-15.739236,166,8773.385587
-7.749801,55,8774.082327
-12.183808,48,8774.703267
-12.016674,56,8775.456218
-13.532125,171,8777.707174
-11.156592,63,8778.542938
-12.771898,51,8779.225116
-34.295647,300,8783.146898
-15.905882,66,8783.940301
-10.248693,45,8784.526452
-11.944903,57,8785.242214
-15.396239,62,8786.021308
-7.881975,40,8786.517354
-11.520759,48,8787.101694
-6.983037,33,8787.499588
-5.531322,41,8788.001896
-9.2736,40,8788.504234
-5.34884,35,8788.93539
-13.941698,105,8790.21954
-11.208135,55,8790.897222
-14.187043,54,8791.545634
-5.430147,10,8791.67085
-18.110891,185,8793.989085
-10.190701,43,8794.514186
-24.254255,300,8798.188258
-10.172144,65,8798.976082
-6.685114,14,8799.145787
-11.092665,45,8799.703145
-5.807011,37,8800.191339
-29.270536,300,8804.01388
-29.896405,300,8807.697445
-4.825679,27,8808.027562
-12.774952,68,8808.855372
-39.223827,300,8812.550923
-11.742771,51,8813.18423
-13.628023,54,8813.855623
-8.397024,43,8814.389574
-21.086188,81,8815.383429
-2.282039,22,8815.661669
-23.596708,300,8819.405406
-5.030027,28,8819.757468
-6.990265,38,8820.223816
-9.201542,71,8821.101085
-2.397392,22,8821.367736
-6.524371,50,8821.980748
-12.184213,62,8822.736498
-29.61518,300,8826.490972
-5.040409,29,8826.846942
-15.842121,56,8827.540806
-3.310557,24,8827.840035
-10.259567,45,8828.383307
-11.999686,172,8830.479866
-12.822315,52,8831.108898
-3.947498,24,8831.403532
-25.552619,300,8835.098724
-8.165487,72,8835.991031
-12.107868,88,8837.079284
-27.186258,300,8840.763562
-7.944934,66,8841.630059
-24.08801,300,8845.329679
-3.726615,27,8845.667192
-22.821443,300,8849.416134
-3.211945,26,8849.727333
-19.173828,91,8850.834256
-26.365574,300,8854.508402
-9.769938,44,8855.052532
-4.305536,28,8855.391625
-23.438436,300,8859.136044
-4.419293,26,8859.45589
-8.887294,45,8860.013138
-15.484696,51,8860.639435
-11.944519,59,8861.366157
-11.311827,79,8862.323663
-32.524651,300,8866.061856
-13.457022,73,8866.956156
-7.671554,119,8868.41741
-9.569621,44,8868.961398
-6.998542,57,8869.659225
-8.618543,43,8870.194244
-21.350613,185,8872.4698
-17.482142,98,8873.739533
-2.697199,21,8874.009074
-20.690859,212,8876.597172
-14.346856,66,8877.410996
-19.297481,113,8878.811132
-3.676261,41,8879.302827
-5.508857,13,8879.465651
-4.271761,13,8879.620209
-10.068332,68,8880.455923
-13.711706,80,8881.495313
-14.219837,62,8882.246501
-7.359274,47,8882.832529
-13.657989,56,8883.507429
-11.93889,59,8884.237856
-15.62934,225,8886.995888
-6.320386,58,8887.717509
-7.778208,39,8888.199995
-8.735622,44,8888.747559
-8.873232,37,8889.195935
-7.432135,40,8889.682893
-15.36127,54,8890.355674
-15.408014,68,8891.204568
-10.708006,44,8891.740413
-4.964578,39,8892.21758
-10.11993,52,8892.861348
-14.401771,54,8893.528377
-3.335468,23,8893.803318
-11.799786,100,8895.035942
-12.032863,48,8895.628811
-14.590498,96,8896.799406
-14.238244,51,8897.42676
-2.222806,20,8897.678714
-10.22366,42,8898.195485
-7.405591,36,8898.635491
-14.03277,57,8899.326672
-17.285896,66,8900.143039
-8.451544,82,8901.140102
-18.301874,60,8901.865436
-2.842774,21,8902.120027
-12.732653,54,8902.78117
-12.34644,63,8903.57628
-7.030768,55,8904.289024
-6.964356,35,8904.71286
-5.903665,60,8905.447415
-7.58545,36,8905.885591
-21.540817,140,8907.597707
-8.195654,66,8908.399075
-30.166111,273,8911.778942
-5.679408,66,8912.597776
-9.189972,62,8913.355713
-6.240666,32,8913.738888
-10.218304,50,8914.363155
-17.774078,119,8915.830677
-4.14266,26,8916.149116
-5.704184,38,8916.615868
-14.52576,55,8917.288321
-3.882069,25,8917.597372
-9.70784,42,8918.115789
-6.584317,35,8918.543895
-16.675078,64,8919.384691
-12.189371,66,8920.185191
-10.306806,43,8920.723008
-8.448526,99,8921.9163
-10.289329,79,8922.89955
-13.173225,47,8923.467644
-9.525218,52,8924.092778
-6.507887,31,8924.477748
-17.386086,70,8925.345678
-17.151242,50,8925.947924
-10.395188,49,8926.549016
-5.051396,28,8926.947924
-16.235258,98,8928.152223
-3.623303,24,8928.455585
-9.137019,75,8929.403219
-18.719042,195,8931.789778
-5.324046,11,8931.926412
-8.478781,42,8932.445025
-2.445638,22,8932.723115
-7.985429,38,8933.198125
-11.15829,108,8934.576677
-13.1209,115,8936.002048
-5.574376,29,8936.363406
-2.222022,20,8936.612601
-5.485607,54,8937.275351
-8.618277,38,8937.737257
-5.43572,29,8938.092335
-8.241244,38,8938.562796
-8.651188,40,8939.051639
-11.69651,81,8940.045132
-11.348144,98,8941.253931
-15.187434,69,8942.115487
-6.376449,32,8942.571968
-6.630032,14,8942.73456
-3.906112,24,8943.026749
-6.904655,35,8943.460724
-9.336731,103,8944.727804
-10.0229,58,8945.43733
-20.539656,300,8949.09481
-11.702221,196,8951.571871
-2.393854,20,8951.811261
-14.565941,80,8952.799068
-11.001288,68,8953.64247
-12.973446,130,8955.254852
-12.785584,52,8955.893664
-11.618758,51,8956.525794
-14.021616,55,8957.218167
-4.216656,25,8957.577207
-4.103861,26,8957.915362
-10.940276,81,8958.931563
-10.40022,45,8959.499834
-10.879336,48,8960.088504
-3.316266,22,8960.361769
-14.34893,72,8961.283225
-5.227718,15,8961.472719
-12.773559,70,8962.341971
-14.8978,63,8963.116917
-2.661978,24,8963.41316
-6.246593,42,8963.933301
-10.155017,46,8964.522723
-11.606998,69,8965.44027
-12.846471,48,8966.029165
-9.289288,43,8966.576182
-11.075605,97,8967.773949
-17.699411,130,8969.372701
-7.957714,54,8970.033961
-9.108352,50,8970.645782
-5.234811,28,8970.996397
-8.998855,39,8971.49292
-7.62513,70,8972.405062
-5.763608,16,8972.606523
-4.01552,36,8973.077265
-14.743218,61,8973.837028
-16.833944,52,8974.473052
-7.938478,127,8976.048595
-14.941426,52,8976.686485
-11.656751,47,8977.269331
-17.857047,103,8978.543458
-5.489237,14,8978.713
-9.50847,40,8979.209389
-9.38235,66,8980.018602
-12.679676,53,8980.675647
-9.48354,41,8981.221189
-14.082033,103,8982.500707
-10.023012,46,8983.07053
-9.253632,40,8983.554236
-16.862648,103,8984.819959
-5.627245,30,8985.19379
-7.464382,51,8985.819624
-2.95077,24,8986.107215
-14.37157,49,8986.706371
-18.134072,57,8987.40935
-14.646963,52,8988.063961
-3.139411,22,8988.332272
-7.26245,35,8988.761904
-10.451022,68,8989.600624
-5.897594,48,8990.182039
-12.93624,46,8990.797317
-2.676775,21,8991.050522
-14.228883,172,8993.170617
-5.617809,34,8993.587861
-19.824759,300,8997.276057
-6.914139,41,8997.793098
-13.025074,69,8998.705674
-12.824982,121,9000.242954
-5.194362,28,9000.582047
-4.48212,33,9001.000038
-15.963716,96,9002.175168
-13.152731,49,9002.787481
-11.059265,62,9003.548018
-7.130284,35,9003.984731
-4.45637,28,9004.329778
-7.487481,37,9004.792731
-10.228075,44,9005.344601
-12.933228,49,9005.946022
-12.45321,167,9008.053143
-6.582394,31,9008.425148
-15.01569,87,9009.504678
-5.162296,28,9009.85172
-4.510666,28,9010.20378
-13.379714,53,9010.942802
-4.041599,27,9011.278904
-12.830615,63,9012.096591
-7.537548,42,9012.62071
-10.783331,48,9013.2259
-13.636858,74,9014.176645
-12.157167,93,9015.359756
-8.253727,57,9016.075884
-6.214748,32,9016.476813
-11.732982,46,9017.057165
-6.752233,14,9017.233693
-10.555507,70,9018.102126
-12.654357,48,9018.715096
-18.758483,300,9022.458066
-9.254391,60,9023.192103
-3.443454,33,9023.603004
-11.184126,50,9024.215546
-8.890798,44,9024.766045
-5.217077,30,9025.139047
-8.156929,40,9025.627548
-11.601268,70,9026.492334
-9.378202,67,9027.319416
-20.514935,110,9028.733193
-9.419545,56,9029.419158
-9.341468,39,9029.907851
-5.186943,34,9030.342017
-21.747806,131,9031.965567
-13.284928,52,9032.609025
-13.448213,66,9033.436334
-10.190554,66,9034.269036
-19.057491,92,9035.449228
-9.224249,44,9036.025314
-12.831936,62,9036.858502
-4.030322,51,9037.477817
-4.222594,29,9037.814915
-15.625697,58,9038.48231
-4.131708,48,9039.065876
-12.883423,51,9039.72566
-13.014743,55,9040.416772
-24.749333,178,9042.697795
-6.473373,36,9043.152652
-13.35878,60,9043.883667
-11.453314,92,9045.057883
-7.434799,57,9045.774966
-15.42718,56,9046.505942
-16.46502,212,9049.112017
-12.129948,66,9049.939731
-5.619877,34,9050.380298
-8.513902,61,9051.141499
-6.269912,35,9051.58478
-4.708638,28,9051.932876
-16.75159,57,9052.619694
-11.375512,44,9053.181231
-8.869082,46,9053.798117
-4.294663,53,9054.449773
-13.923324,58,9055.162865
-11.693928,65,9055.973704
-13.049963,55,9056.642751
-9.347958,39,9057.117333
-11.175454,42,9057.629961
-6.730569,73,9058.528535
-6.571657,37,9058.977991
-11.892415,51,9059.616426
-8.598169,40,9060.101672
-14.077074,48,9060.695673
-14.1776,69,9061.623605
-7.753578,38,9062.068386
-8.005573,35,9062.476181
-9.450884,49,9063.070807
-13.318307,55,9063.738021
-10.461744,53,9064.394817
-15.087259,56,9065.094037
-6.873621,56,9065.787154
-20.650766,300,9069.534148
-6.66525,34,9069.947044
-5.566573,41,9070.445866
-15.871576,58,9071.151809
-5.256973,41,9071.658937
-10.439085,74,9072.573288
-6.493581,34,9072.994191
-9.483711,63,9073.771336
-2.846283,22,9074.042737
-11.214865,58,9074.779171
-9.877733,117,9076.253582
-6.453543,35,9076.737312
-15.029312,57,9077.492321
-8.953593,113,9078.91869
-6.977851,37,9079.371448
-29.295334,300,9083.192672
-2.895143,21,9083.47392
-17.832696,111,9084.869376
-9.593116,43,9085.39544
-11.526289,51,9086.045228
-18.578293,71,9086.967705
-12.563084,49,9087.566641
-12.638066,51,9088.207898
-6.248025,33,9088.617801
-12.870853,60,9089.364362
-15.838259,87,9090.423948
-3.719494,33,9090.824661
-9.411286,52,9091.462803
-14.77323,53,9092.123224
-10.913978,45,9092.689706
-20.040789,78,9093.644128
-7.954632,58,9094.367222
-8.683589,37,9094.835817
-6.761714,36,9095.351892
-22.85015,300,9099.132823
-16.736854,57,9099.840935
-6.355684,50,9100.451254
-6.90128,37,9100.91168
-21.147429,66,9101.77211
-9.499664,38,9102.258809
-4.703642,30,9102.626986
-12.567479,64,9103.432171
-5.520608,29,9103.794779
-8.078673,36,9104.229306
-13.96722,54,9104.911206
-8.566301,53,9105.573028
-10.576235,49,9106.178409
-6.367873,45,9106.745496
-6.947246,38,9107.208783
-9.720866,46,9107.779074
-9.183218,42,9108.285163
-6.414239,53,9108.948499
-4.533331,26,9109.276965
-13.552967,50,9109.928683
-15.422798,67,9110.756854
-17.808241,171,9112.851793
-9.801015,62,9113.599855
-9.389676,38,9114.067127
-13.706351,64,9114.877337
-8.666072,40,9115.433563
-4.292984,28,9115.78463
-5.716491,40,9116.277968
-2.538806,23,9116.562179
-35.236223,300,9120.26935
-5.078964,31,9120.646173
-9.949582,43,9121.177167
-9.376749,41,9121.675475
-12.066106,51,9122.296313
-11.306805,51,9122.924547
-2.636404,21,9123.186086
-3.166618,25,9123.500384
-41.735147,300,9127.206019
-13.496409,68,9128.044162
-9.145286,38,9128.505804
-3.431804,25,9128.824975
-6.202041,49,9129.428336
-6.814945,33,9129.834865
-4.45776,31,9130.21727
-9.137211,39,9130.696015
-9.345454,41,9131.200641
-20.394488,160,9133.173397
-10.844965,49,9133.793052
-11.373115,79,9134.806437
-17.545801,129,9136.393844
-16.047249,54,9137.072339
-4.464135,30,9137.440331
-5.848682,44,9137.974486
-10.716503,43,9138.495835
-10.902869,47,9139.067439
-6.576484,38,9139.53148
-9.59436,74,9140.429915
-6.526515,48,9141.024172
-7.399372,36,9141.467984
-13.871996,51,9142.143362
-14.733385,56,9142.829342
-8.647401,61,9143.588671
-6.195917,42,9144.118856
-7.478775,37,9144.574177
-5.642153,66,9145.39595
-20.117791,108,9146.739922
-11.291051,48,9147.317374
-12.386453,52,9147.953008
-10.184402,44,9148.488997
-15.23278,82,9149.516514
-6.434418,33,9149.923591
-10.582729,43,9150.445167
-11.564997,46,9151.061638
-11.705167,49,9151.663046
-9.56464,49,9152.271601
-9.637939,40,9152.779125
-11.842601,103,9154.06264
-12.466988,51,9154.677597
-15.259585,52,9155.322136
-11.936507,49,9155.919509
-14.465379,69,9156.764307
-2.979438,23,9157.045724
-8.956858,42,9157.558353
-9.580845,44,9158.096076
-7.148386,37,9158.598011
-4.055184,28,9158.947528
-15.173312,83,9159.965823
-9.673822,50,9160.581772
-8.585126,42,9161.091191
-5.881325,30,9161.456215
-9.996227,46,9162.024695
-5.715817,44,9162.56014
-7.459842,40,9163.054452
-11.538873,43,9163.581123
-3.127233,30,9163.949342
-15.148369,56,9164.638051
-10.103255,50,9165.255112
-8.115045,38,9165.728085
-3.736118,28,9166.118686
-6.198984,36,9166.557272
-3.447546,23,9166.843934
-11.231411,77,9167.788255
-4.142466,25,9168.096948
-10.710627,47,9168.674273
-7.733755,39,9169.148444
-6.767427,35,9169.59422
-6.123897,33,9170.00536
-11.355847,42,9170.517047
-7.440844,36,9170.951055
-7.348128,38,9171.422689
-7.80826,101,9172.669506
-7.931248,46,9173.238478
-4.535157,31,9173.617694
-14.650954,51,9174.246013
-9.156552,39,9174.72139
-14.500099,68,9175.565633
-14.300563,56,9176.296848
-12.604112,77,9177.280106
-8.51743,40,9177.767071
-9.834536,51,9178.376815
-13.347459,54,9179.00681
-11.606842,56,9179.712068
-15.46452,60,9180.473772
-7.618668,42,9181.05026
-5.192765,32,9181.448104
-18.81792,300,9185.120857
-8.039374,42,9185.620524
-15.088922,82,9186.66591
-4.878917,27,9187.006001
-6.236817,31,9187.386553
-3.510699,24,9187.693732
-6.56638,54,9188.430895
-5.800395,32,9188.825995
-2.250326,19,9189.064013
-10.789159,56,9189.760768
-6.378256,35,9190.188511
-10.223141,46,9190.754918
-4.142018,28,9191.151857
-3.468013,25,9191.468011
-16.230563,70,9192.335266
-12.92814,48,9192.948115
-9.207755,64,9193.765703
-2.463962,20,9194.012044
-3.055362,22,9194.310247
-15.102043,166,9196.425144
-13.833678,66,9197.247334
-11.52597,49,9197.904664
-15.598253,68,9198.752138
-4.887172,28,9199.10619
-11.751677,52,9199.744167
-9.304037,50,9200.411493
-12.43246,45,9200.99678
-3.49689,37,9201.472392
-9.846193,41,9202.000277
-6.554791,36,9202.466275
-13.72391,54,9203.171537
-17.934926,170,9205.322951
-17.019616,115,9206.868171
-5.604981,17,9207.076479
-5.136252,41,9207.584097
-6.438608,33,9207.986849
-12.041278,50,9208.622204
-26.215026,300,9212.47178
-5.634664,30,9212.854727
-14.99668,53,9213.521297
-5.742491,31,9213.924219
-6.842842,66,9214.752657
-12.270966,91,9216.003766
-8.750517,43,9216.539364
-8.341698,40,9217.040529
-10.913755,50,9217.668499
-11.84972,46,9218.240916
-12.603819,48,9218.843796
-13.269986,47,9219.418552
-6.283032,65,9220.254652
-13.158076,49,9220.92776
-7.957657,39,9221.421439
-8.869147,55,9222.127019
-6.241388,45,9222.716772
-3.448097,26,9223.050902
-11.132961,44,9223.609446
-12.928395,48,9224.211535
-9.593417,48,9224.824922
-10.712388,70,9225.675963
-6.86162,74,9226.590963
-7.328754,34,9227.007929
-8.006974,39,9227.486925
-8.46278,39,9228.01598
-15.471263,53,9228.674158
-15.7076,81,9229.654063
-4.870253,31,9230.046571
-3.234589,35,9230.476452
-6.630173,39,9230.944646
-10.95859,43,9231.477016
-10.915707,57,9232.188441
-7.918556,36,9232.655193
-6.309855,34,9233.075734
-5.603664,31,9233.473342
-3.824357,24,9233.77235
-7.345882,54,9234.467161
-5.244582,31,9234.87461
-11.878828,45,9235.446827
-9.649405,138,9237.326541
-9.379182,45,9237.876688
-12.920022,53,9238.557914
-2.95873,22,9238.854053
-11.505252,194,9241.337466
-21.832531,300,9245.140404
-3.234187,30,9245.528961
-18.821014,300,9249.18511
-16.343194,60,9249.89784
-4.381701,39,9250.358636
-9.667969,41,9250.908137
-3.332334,22,9251.21332
-11.688184,48,9251.834771
-13.888883,57,9252.537519
-8.873261,40,9253.013975
-5.408241,34,9253.419215
-13.621556,69,9254.259006
-4.107733,25,9254.559402
-7.855849,40,9255.026358
-4.73565,28,9255.366593
-10.911617,52,9255.991922
-5.454532,16,9256.203714
-4.860893,30,9256.594632
-9.414368,57,9257.337074
-22.963057,300,9260.983491
-14.177541,61,9261.725811
-8.028653,44,9262.252059
-10.187069,72,9263.134037
-11.001271,70,9263.988948
-4.509003,28,9264.370282
-14.481301,121,9265.82146
-10.400054,49,9266.428836
-7.424569,38,9266.905754
-13.197354,46,9267.480446
-9.191783,75,9268.442909
-4.297199,27,9268.772435
-8.428944,41,9269.277264
-3.839864,24,9269.568513
-12.055037,47,9270.124758
-13.451091,71,9271.023217
-10.24333,40,9271.54083
-12.81693,77,9272.480676
-15.679278,58,9273.183495
-7.273577,39,9273.668172
-5.679518,32,9274.090396
-14.90823,58,9274.799218
-4.489713,28,9275.130333
-9.593696,40,9275.620897
-14.083321,56,9276.307511
-15.274076,53,9276.973349
-6.430779,37,9277.409184
-8.533943,79,9278.391236
-4.492478,32,9278.797476
-7.494944,37,9279.272172
-11.987548,80,9280.239856
-9.281932,46,9280.787859
-9.96265,39,9281.32744
-5.732227,82,9282.377126
-8.494083,85,9283.403857
-12.978894,54,9284.034482
-6.340111,36,9284.473306
-10.505676,53,9285.155256
-7.477362,37,9285.603381
-13.143547,55,9286.269218
-18.871506,141,9288.048087
-14.961175,51,9288.660447
-19.105998,249,9291.681991
-6.982743,34,9292.102716
-30.044938,300,9295.896235
-8.562311,37,9296.362592
-10.688616,49,9296.960991
-7.828203,38,9297.414842
-9.313639,40,9297.88658
-3.722511,24,9298.21171
-15.616666,80,9299.211205
-12.388066,60,9299.918314
-12.684855,74,9300.806416
-11.340584,86,9301.87988
-11.750969,52,9302.596961
-6.095302,32,9303.011994
-16.031335,99,9304.263295
-9.050363,43,9304.802547
-13.963317,52,9305.426426
-16.555591,175,9307.59389
-5.969837,48,9308.168377
-7.898115,36,9308.602075
-10.384064,79,9309.650342
-5.123885,32,9310.039743
-5.581895,29,9310.385794
-13.143692,54,9311.049036
-13.833222,61,9311.834678
-9.12845,46,9312.386586
-27.778212,242,9315.334783
-6.437063,34,9315.758678
-6.485976,60,9316.506369
-14.967181,79,9317.507819
-23.382493,300,9321.185933
-13.22815,53,9321.828005
-15.435495,58,9322.52659
-4.438134,29,9322.88044
-9.696424,45,9323.430243
-3.258504,23,9323.703511
-5.016877,10,9323.821643
-7.358369,45,9324.364904
-11.643103,56,9325.104596
-4.794868,27,9325.459558
-7.685491,48,9326.036318
-14.771917,50,9326.633659
-5.56571,30,9326.986624
-7.631124,40,9327.487312
-6.980877,39,9327.985406
-15.065276,56,9328.650628
-14.015243,84,9329.652271
-14.523731,58,9330.380485
-11.469067,52,9330.993258
-4.762194,14,9331.156819
-4.854074,29,9331.503891
-4.447033,26,9331.817082
-16.784315,85,9332.930208
-8.569657,42,9333.446061
-8.11195,71,9334.301791
-5.297126,36,9334.727453
-7.775438,41,9335.22612
-13.587253,58,9335.929926
-10.727425,71,9336.756397
-12.150676,56,9337.417258
-24.758043,184,9339.611952
-5.799146,33,9340.027478
-4.322088,26,9340.391503
-10.071066,68,9341.195455
-16.034056,56,9341.863607
-2.653117,21,9342.122484
-3.450099,43,9342.64409
-8.784418,59,9343.373816
-7.716427,38,9343.823793
-18.641254,109,9345.115358
-12.644275,73,9345.998667
-15.306292,68,9346.788082
-7.875073,41,9347.264296
-8.810729,42,9347.78015
-2.892038,30,9348.190598
-5.085204,16,9348.376974
-4.644857,29,9348.724386
-6.169181,37,9349.172069
-12.426105,55,9349.859994
-6.768131,39,9350.365623
-3.26764,23,9350.655848
-4.087973,26,9350.968872
-8.541366,40,9351.453948
-5.178825,40,9351.941423
-16.916384,63,9352.729516
-4.772353,14,9352.897983
-8.151411,40,9353.380786
-15.190146,56,9354.058395
-8.903499,61,9354.826242
-4.772054,42,9355.423802
-15.005444,76,9356.371042
-6.799152,34,9356.774658
-7.748204,36,9357.203541
-11.300437,48,9357.793324
-10.618979,48,9358.403185
-12.919289,58,9359.090836
-13.14941,65,9359.882973
-12.69533,54,9360.561066
-5.018217,30,9360.928873
-3.881637,24,9361.220107
-11.465064,51,9361.830474
-4.152662,31,9362.203697
-7.22544,50,9362.888613
-4.005538,27,9363.236682
-6.581728,33,9363.639428
-10.194353,42,9364.1498
-11.450164,53,9364.786097
-5.062675,42,9365.314786
-4.635435,30,9365.684459
-10.815379,135,9367.312775
-2.82763,22,9367.579858
-5.775536,35,9368.037663
-7.623795,35,9368.46242
-11.563728,49,9369.054724
-3.734087,31,9369.435402
-3.336799,28,9369.777149
-17.024802,123,9371.382637
-16.667729,64,9372.148792
-6.916828,38,9372.597275
-15.109753,86,9373.690265
-15.372875,106,9374.955964
-13.958441,55,9375.62535
-13.887967,59,9376.37066
-6.252056,35,9376.800536
-10.886042,50,9377.39431
-8.094174,36,9377.818614
-7.467772,37,9378.279972
-18.217552,62,9379.085628
-2.600098,21,9379.341942
-6.8487,39,9379.80527
-6.384478,37,9380.251076
-7.21624,38,9380.749742
-7.563223,37,9381.228356
-14.697736,54,9381.87886
-4.850839,29,9382.221947
-10.1335,48,9382.785839
-14.198997,84,9383.815902
-15.482974,80,9384.78867
-7.629104,39,9385.244034
-11.494979,78,9386.176569
-7.180342,37,9386.636045
-13.001113,65,9387.438114
-3.235949,13,9387.599415
-12.037295,49,9388.219377
-23.383397,205,9390.756207
-8.657209,43,9391.295764
-3.693646,41,9391.78199
-6.247788,52,9392.411282
-18.372835,300,9396.121708
-8.183949,36,9396.580144
-11.940277,52,9397.223838
-18.821147,180,9399.545432
-19.933524,75,9400.478245
-18.592334,93,9401.645026
-26.669137,116,9403.185875
-3.965059,29,9403.554915
-7.3057,42,9404.068074
-12.560912,73,9404.994757
-9.418151,45,9405.567518
-13.249386,57,9406.351539
-3.772517,24,9406.651706
-12.037966,75,9407.615438
-17.905376,249,9410.758112
-13.425637,65,9411.57257
-10.327837,41,9412.084004
-22.629057,146,9413.902703
-32.934131,188,9416.351585
-8.027655,41,9416.86969
-30.2766,214,9419.536967
-14.974121,53,9420.193315
-5.645951,30,9420.562214
-2.431162,20,9420.817673
-10.826269,48,9421.415208
-3.651775,24,9421.717069
-2.465134,20,9421.960582
-5.243743,34,9422.3847
-5.342979,59,9423.172952
-2.978575,27,9423.521909
-12.931846,54,9424.191105
-17.491851,124,9425.728251
-3.604735,25,9426.049417
-29.585122,300,9429.784889
-26.49453,156,9431.722756
-13.12179,53,9432.509651
-28.177898,300,9436.2998
-6.151633,40,9436.800185
-12.32789,66,9437.621253
-3.729999,29,9438.043124
-14.99897,52,9438.688481
-7.962272,39,9439.166014
-3.573888,26,9439.506105
-16.999921,76,9440.457088
-11.744058,76,9441.411748
-11.09791,48,9441.998939
-14.343074,57,9442.716257
-5.460154,29,9443.0794
-16.556113,65,9443.890034
-3.473075,24,9444.195662
-15.676614,74,9445.130646
-13.231435,51,9445.767912
-7.403362,39,9446.30251
-7.138698,39,9446.82773
-15.171719,66,9447.66768
-12.311491,81,9448.694936
-24.07407,148,9450.518745
-30.86225,294,9454.38707
-33.302102,300,9458.073394
-23.385731,243,9461.069717
-12.053577,51,9461.745963
-17.516741,64,9462.615195
-5.579123,32,9463.011323
-36.391724,300,9467.035203
-3.774704,26,9467.385266
-15.651761,76,9468.461879
-6.225754,36,9468.918607
-9.313366,60,9469.649354
-8.639362,60,9470.382923
-3.526201,26,9470.713042
-6.276818,31,9471.095939
-6.932454,33,9471.551319
-11.919808,43,9472.089297
-5.581297,11,9472.22292
-10.243414,88,9473.291151
-16.708877,63,9474.049819
-6.040484,34,9474.466681
-10.585773,73,9475.350235
-5.847386,31,9475.726671
-32.563479,300,9479.404282
-9.625763,62,9480.226419
-7.39812,51,9480.860596
-14.648886,160,9482.815757
-6.592647,38,9483.285079
-6.564116,33,9483.683304
-9.555485,46,9484.257797
-22.3338,91,9485.372653
-6.748753,32,9485.761633
-3.429363,13,9485.921747
-4.243964,28,9486.273108
-5.992854,35,9486.704865
-29.388619,300,9490.448883
-5.047775,33,9490.852475
-5.808873,32,9491.244072
-4.80106,9,9491.357768
-33.394186,300,9495.107892
-14.345514,74,9496.028787
-13.612776,53,9496.678053
-7.753615,36,9497.114455
-9.815225,47,9497.697892
-6.828881,40,9498.222548
-11.488797,50,9498.841892
-20.641774,77,9499.783933
-7.237793,36,9500.220783
-5.471145,35,9500.658293
-5.017463,32,9501.049219
-7.352692,41,9501.555584
-16.395065,74,9502.454771
-4.367717,31,9502.838353
-11.542637,49,9503.440768
-5.115959,32,9503.832726
-20.982694,300,9507.681459
-7.63463,38,9508.154307
-8.348541,38,9508.623099
-3.359297,25,9508.932346
-12.416908,131,9510.548806
-17.475965,216,9513.200764
-7.207655,54,9513.86003
-7.004862,35,9514.291876
-17.150525,74,9515.201706
-3.63876,29,9515.560951
-15.356802,74,9516.49859
-12.276329,66,9517.322637
-6.816222,32,9517.715509
-14.216673,55,9518.372226
-4.19733,34,9518.790109
-17.791976,159,9520.72313
-4.263106,30,9521.087156
-5.110228,16,9521.280668
-16.355175,72,9522.171843
-26.412855,300,9525.854763
-2.927953,31,9526.289601
-12.360749,63,9527.054448
-9.688468,83,9528.065674
-3.144758,28,9528.413897
-11.362579,58,9529.105173
-3.325581,27,9529.44194
-24.982938,300,9533.109747
-10.595713,57,9533.815966
-14.959508,56,9534.519091
-4.212309,31,9534.904618
-3.759626,53,9535.544569
-5.484617,32,9535.947489
-31.208705,300,9539.65279
-3.527738,28,9539.992156
-12.096527,63,9540.781946
-16.283256,100,9542.011966
-6.539147,55,9542.681605
-7.466397,22,9542.94692
-4.444946,61,9543.69375
-9.930661,44,9544.238155
-11.592564,88,9545.332225
-17.475939,69,9546.180497
-5.792934,31,9546.565664
-7.923422,38,9547.076592
-19.989856,97,9548.254866
-6.03344,38,9548.721282
-4.287819,40,9549.21982
-14.818842,77,9550.156322
-10.455581,49,9550.771542
-13.403424,145,9552.557236
-10.1239,46,9553.121355
-7.705283,38,9553.598989
-9.122131,44,9554.146734
-6.627151,32,9554.548052
-18.335474,58,9555.270363
-29.32413,300,9558.997271
-15.124724,63,9559.769839
-4.999808,45,9560.334958
-10.942371,96,9561.509675
-12.99838,59,9562.232606
-28.461538,300,9565.912905
-12.181685,47,9566.552999
-23.985839,166,9568.617865
-8.485058,41,9569.114566
-3.981151,28,9569.452656
-3.737015,40,9569.939331
-21.027709,102,9571.174129
-7.373605,41,9571.675757
-4.612532,42,9572.193825
-9.328105,49,9572.797158
-36.077638,300,9576.530034
-4.540785,27,9576.885082
-6.949082,33,9577.297128
-17.296534,300,9580.962461
-11.411326,52,9581.595829
-9.120605,39,9582.07053
-6.168688,32,9582.462155
-16.409677,60,9583.198759
-9.544492,51,9583.826068
-15.577779,52,9584.45419
-6.67666,48,9585.048259
-13.229631,83,9586.124629
-12.71635,46,9586.69195
-2.027214,20,9586.945653
-15.639958,73,9587.854449
-4.120903,26,9588.174582
-6.91159,36,9588.605206
-13.361488,59,9589.335459
-5.722907,14,9589.509503
-19.027849,300,9593.173859
-20.42884,300,9596.8839
-6.452674,35,9597.313712
-9.907069,81,9598.306236
-13.885776,54,9598.978408
-19.288879,300,9602.67129
-13.993538,59,9603.386509
-7.537134,38,9603.858392
-11.329046,70,9604.713336
-4.763122,27,9605.057394
-22.220602,120,9606.583364
-17.344516,106,9607.902999
-19.065891,79,9608.865871
-29.825712,300,9612.529371
-7.500035,37,9612.981994
-10.023489,58,9613.706786
-21.047303,300,9617.429917
-17.460749,300,9621.123166
-10.387989,44,9621.662156
-7.621855,36,9622.113117
-12.595985,48,9622.696583
-35.403897,300,9626.408258
-11.372092,47,9626.979169
-12.703004,54,9627.646341
-3.744505,35,9628.071234
-9.121644,38,9628.532996
-6.001829,18,9628.750388
-19.60354,106,9630.055701
-16.884728,94,9631.191845
-4.170222,26,9631.525142
-12.567398,77,9632.547356
-13.483289,56,9633.245106
-9.239595,42,9633.762625
-16.132898,56,9634.442214
-6.139867,48,9635.034202
-8.694738,37,9635.491135
-8.890799,80,9636.48073
-10.240719,48,9637.066197
-10.916023,75,9637.98875
-13.538836,236,9640.950998
-6.107308,61,9641.704595
-14.600239,51,9642.333863
-9.432027,40,9642.815003
-7.903821,102,9644.054174
-17.698784,94,9645.212728
-15.939077,54,9645.882107
-3.394329,26,9646.191208
-3.133476,24,9646.494674
-13.096615,54,9647.151999
-17.790696,89,9648.247919
-6.664599,39,9648.76954
-10.443227,44,9649.313706
-9.708874,83,9650.346267
-5.932694,39,9650.828695
-7.437212,36,9651.268492
-11.811947,52,9651.90056
-7.904321,44,9652.433802
-7.766739,41,9652.920714
-3.74103,31,9653.315134
-19.53306,80,9654.300483
-7.255842,39,9654.781275
-6.094671,61,9655.551447
-29.989407,263,9658.792313
-11.116525,54,9659.453969
-2.232366,21,9659.71494
-8.003123,38,9660.187671
-11.104634,96,9661.356087
-12.108738,45,9661.906219
-28.93341,300,9665.590708
-15.808196,107,9666.963146
-11.142176,43,9667.483942
-20.439581,178,9669.67875
-9.714041,74,9670.599448
-13.39391,59,9671.317232
-20.755794,150,9673.16779
-13.804139,59,9673.886743
-9.531397,47,9674.510071
-6.225615,31,9674.888599
-6.245401,45,9675.443077
-5.704083,35,9675.877068
-7.633254,41,9676.393796
-25.778897,300,9680.070337
-5.865405,30,9680.440096
-12.749757,54,9681.101913
-10.573099,56,9681.790728
-7.08941,35,9682.215956
-13.895808,132,9683.882206
-20.40951,200,9686.334441
-14.324924,101,9687.573835
-9.429511,43,9688.105831
-19.085892,89,9689.180376
-3.687533,10,9689.304894
-10.280987,49,9689.910816
-14.3162,52,9690.544244
-13.35104,53,9691.197651
-6.636169,75,9692.108793
-12.039844,57,9692.800106
-11.836557,54,9693.459637
-17.222431,60,9694.193888
-10.378206,48,9694.79907
-7.065192,37,9695.244767
-12.624978,102,9696.505306
-16.810585,57,9697.18877
-12.302822,51,9697.812781
-15.212118,52,9698.448077
-6.879365,34,9698.862921
-34.680881,272,9702.193491
-17.515194,69,9703.032105
-8.290498,58,9703.738372
-6.899005,33,9704.154922
-3.742941,27,9704.537452
-13.220264,51,9705.169398
-4.835483,27,9705.510493
-16.199828,60,9706.24646
-12.302244,50,9706.867827
-10.163619,79,9707.847001
-13.068852,179,9710.063347
-7.945634,38,9710.544657
-6.835436,33,9710.958437
-13.54835,77,9711.91906
-17.368717,64,9712.7802
-11.922844,36,9713.226118
-29.171722,300,9717.01737
-5.658023,49,9717.675872
-7.051648,36,9718.0971
-12.413839,79,9718.999147
-4.153321,38,9719.429832
-11.044287,50,9719.996439
-12.729944,50,9720.561252
-14.219364,66,9721.30881
-14.36762,55,9721.955534
-17.055793,60,9722.671239
-28.676356,248,9725.74228
-12.937296,51,9726.377676
-4.740854,32,9726.772615
-10.467827,93,9727.916915
-12.670115,90,9729.043958
-12.758548,50,9729.668748
-14.698588,67,9730.495527
-5.051582,47,9731.072379
-11.380641,52,9731.769482
-15.571384,45,9732.324222
-5.685342,49,9732.916635
-19.069058,70,9733.769154
-18.761473,77,9734.746569
-16.887093,89,9735.839359
-7.421115,36,9736.306001
-11.214397,50,9736.915347
-5.171277,31,9737.305425
-13.876269,55,9737.976696
-14.490181,68,9738.811172
-20.916408,300,9742.572646
-6.940321,34,9742.987849
-7.582497,46,9743.555911
-2.479005,20,9743.804247
-17.356032,56,9744.501391
-12.077497,71,9745.392198
-7.469766,51,9746.022571
-10.842696,47,9746.626296
-8.873059,54,9747.298498
-14.384772,222,9750.09261
-18.942714,171,9752.193989
-24.035504,169,9754.289347
-12.843128,56,9754.974609
-8.849906,60,9755.709475
-7.300179,38,9756.168218
-4.160783,26,9756.490381
-20.637639,173,9758.676368
-13.077659,116,9760.089789
-7.555686,36,9760.555336
-14.022217,133,9762.199896
-32.553771,300,9765.961515
-6.559773,34,9766.384441
-23.650412,96,9767.568954
-7.519817,46,9768.133027
-9.627309,49,9768.748405
-13.300055,54,9769.421834
-13.572352,55,9770.095729
-13.683935,91,9771.21961
-28.995601,300,9774.993833
-14.103476,35,9775.432689
-5.394894,9,9775.5414
-8.050924,72,9776.433769
-6.464998,35,9776.863942
-13.243368,53,9777.515039
-30.540312,300,9781.343446
-24.750022,160,9783.324919
-5.898666,34,9783.743134
-30.84834,300,9787.663239
-12.28173,87,9788.749602
-6.85656,42,9789.277313
-5.353197,28,9789.63538
-14.527213,150,9791.491138
-12.102785,50,9792.096707
-14.082211,56,9792.837889
-7.804235,39,9793.334023
-8.048745,47,9793.920452
-14.492129,55,9794.609552
-14.232854,76,9795.558656
-8.851222,41,9796.071834
-15.635082,97,9797.328541
-5.057197,31,9797.731436
-8.278661,41,9798.250047
-8.451854,47,9798.828712
-12.822074,82,9799.836518
-9.323577,57,9800.594839
-7.636529,35,9801.047296
-6.143125,30,9801.407817
-5.889355,33,9801.813123
-13.141735,72,9802.694774
-4.182342,29,9803.057809
-5.123301,28,9803.406483
-5.352332,28,9803.747033
-5.465299,33,9804.154951
-14.98878,300,9807.905275
-8.641293,18,9808.121624
-11.540781,48,9808.731992
-6.036105,35,9809.17118
-6.495547,35,9809.601814
-4.040762,28,9809.97595
-12.588989,50,9810.640171
-16.926315,119,9812.132515
-34.012604,218,9814.859792
-23.022848,114,9816.313159
-10.318402,50,9816.952485
-10.780651,68,9817.802507
-2.341289,21,9818.061573
-4.720166,30,9818.493325
-3.9584,27,9818.849285
-27.379384,170,9821.136794
-16.984099,117,9822.659371
-4.01274,40,9823.22899
-16.355468,220,9826.018158
-13.61232,54,9826.68593
-45.815784,300,9830.520531
-6.458523,37,9831.000714
-24.561424,111,9832.435602
-15.395961,115,9833.892882
-12.512014,51,9834.516917
-10.930001,54,9835.195107
-18.383409,71,9836.11063
-4.183309,39,9836.611843
-9.43128,57,9837.35868
-5.042068,27,9837.709997
-27.704802,300,9841.664027
-2.733616,23,9841.948071
-5.268818,48,9842.545804
-16.62718,95,9843.726258
-11.78238,52,9844.387761
-8.064727,56,9845.113106
-8.900934,43,9845.661056
-4.27637,28,9846.003411
-2.90129,23,9846.291311
-13.043156,79,9847.291818
-9.135553,59,9848.034425
-16.899363,101,9849.368111
-8.680968,45,9849.953544
-7.185915,37,9850.429265
-13.480311,71,9851.320399
-11.42891,72,9852.252679
-15.611113,57,9853.04476
-5.849324,30,9853.415391
-12.972862,60,9854.185955
-11.610098,55,9854.87611
-38.249364,300,9858.715853
-5.066278,28,9859.073625
-40.377941,291,9862.724871
-4.824107,31,9863.107966
-4.686219,30,9863.507496
-6.425809,33,9863.946074
-14.266544,73,9864.931315
-32.402514,136,9866.601317
-6.097908,14,9866.766691
-31.971999,261,9869.990358
-6.57575,15,9870.16611
-24.240901,300,9873.846856
-9.379384,44,9874.450992
-13.248227,97,9875.66401
-8.815503,73,9876.568362
-12.034587,57,9877.278463
-14.252736,67,9878.124357
-5.507598,43,9878.659584
-8.76616,44,9879.231055
-13.300292,60,9880.004015
-12.617306,52,9880.663893
-12.207118,54,9881.335212
-31.792594,300,9885.207787
-12.567842,112,9886.607045
-3.26478,24,9886.955114
-12.355801,54,9887.641122
-5.11681,30,9888.009324
-5.031752,27,9888.343334
-7.917204,35,9888.778785
-10.483885,47,9889.365157
-12.897641,53,9890.028054
-9.351254,49,9890.63956
-11.177253,50,9891.251898
-11.388037,74,9892.162372
-10.20259,47,9892.743287
-10.938031,63,9893.540313
-15.833802,48,9894.130765
-7.42747,36,9894.584522
-13.038832,51,9895.289924
-9.554109,45,9895.839916
-5.106367,28,9896.211921
-9.2172,61,9896.965222
-8.059334,44,9897.5118
-21.15624,300,9901.261466
-21.995262,115,9902.698175
-20.071741,300,9906.518888
-2.916383,23,9906.811135
-9.826014,148,9908.676119
-8.612828,59,9909.41835
-4.801425,27,9909.763865
-6.23268,35,9910.212033
-6.829242,34,9910.638451
-9.863166,49,9911.243832
-11.155952,57,9911.950942
-5.928007,36,9912.441095
-4.149713,27,9912.794404
-4.89795,9,9912.906107
-8.352661,55,9913.635646
-7.281015,37,9914.087462
-5.595065,10,9914.21814
-16.528372,95,9915.401955
-5.876697,20,9915.647299
-5.618517,10,9915.771966
-14.463552,83,9916.820801
-10.840561,76,9917.822356
-17.385952,96,9919.046401
-7.620394,40,9919.550405
-7.932705,38,9920.017157
-10.448676,46,9920.594295
-27.957245,128,9922.161621
-10.359365,46,9922.766923
-35.592115,300,9926.57297
-8.286429,49,9927.192981
-3.323663,24,9927.488462
-12.683437,228,9930.438807
-6.250276,54,9931.096916
-16.765807,108,9932.379946
-7.208626,48,9932.995301
-5.118626,31,9933.392455
-5.443535,29,9933.75349
-12.885678,61,9934.494778
-5.974762,30,9934.866707
-10.555621,62,9935.577591
-14.809923,58,9936.266833
-7.680919,43,9936.809186
-13.682533,60,9937.625975
-7.371415,35,9938.060813
-5.473105,29,9938.426544
-12.187601,71,9939.429622
-13.081517,52,9940.129328
-11.058548,58,9940.961699
-15.525757,60,9941.755574
-14.830708,56,9942.516178
-8.93529,42,9943.142772
-8.327007,38,9943.627504
-9.398184,55,9944.319861
-7.214039,49,9944.922226
-10.375492,20,9945.167393
-3.260812,33,9945.577152
-4.830535,31,9945.958429
-13.872966,59,9946.677189
-13.549992,53,9947.332747
-7.44631,34,9947.745193
-7.896608,38,9948.212423
-19.135131,300,9951.955122
-6.185177,38,9952.420105
-4.871929,29,9952.775821
-15.19387,81,9953.796582
-4.571518,29,9954.17856
-14.548604,63,9954.946922
-19.547475,61,9955.694404
-8.385109,52,9956.323691
-16.466466,92,9957.479764
-10.272811,40,9958.028373
-6.648682,36,9958.471603
-29.533326,300,9962.250623
-11.539487,67,9963.067759
-13.49329,50,9963.686591
-12.044208,216,9966.364233
-7.467159,34,9966.801064
-17.400414,80,9967.843278
-6.892008,34,9968.288956
-17.426066,128,9969.897092
-4.541511,31,9970.277077
-9.655112,47,9970.860001
-10.855809,61,9971.631225
-3.856245,28,9971.990262
-5.276091,35,9972.421584
-10.692884,48,9973.023349
-12.434062,30,9973.394485
-10.100861,66,9974.233562
-11.132266,53,9974.891861
-15.589078,68,9975.739382
-8.976088,38,9976.209924
-7.412522,40,9976.727017
-12.476829,51,9977.454525
-9.536982,46,9978.025479
-19.892263,148,9979.83813
-10.199914,95,9980.992068
-8.783018,44,9981.531938
-8.945913,37,9982.000331
-23.689384,300,9985.712325
-10.225988,48,9986.293562
-6.216369,33,9986.699446
-14.542515,75,9987.626176
-15.402323,86,9988.746131
-6.649132,32,9989.140037
-5.598555,31,9989.512445
-6.710931,38,9989.979333
-16.619783,55,9990.644344
-12.742719,80,9991.63114
-4.703903,31,9992.005165
-4.863657,32,9992.404779
-12.792086,55,9993.08498
-3.653575,28,9993.429199
-10.25159,62,9994.198865
-12.748028,49,9994.795425
-8.815723,41,9995.347172
-15.538605,83,9996.371365
-9.620172,54,9997.01664
-1.96827,19,9997.255002
-7.61076,39,9997.733888
-9.75941,40,9998.218319
-14.422447,161,10000.17701
-2.926162,30,10000.537349
-17.335103,116,10001.987104
-8.167778,51,10002.604687
-16.124269,87,10003.676336
-10.237549,41,10004.183795
-32.066264,300,10007.949166
-6.775192,35,10008.373652
-20.876951,238,10011.294573
-5.174906,34,10011.726344
-10.878795,56,10012.409352
-12.698572,49,10013.013766
-4.525258,53,10013.671856
-16.747902,101,10014.924695
-6.860022,38,10015.443347
-3.863378,30,10015.824825
-10.478111,61,10016.591431
-15.317852,68,10017.429037
-8.514568,43,10017.971143
-14.839029,86,10019.04447
-4.435247,28,10019.390542
-8.691117,47,10019.97196
-11.587133,57,10020.681252
-4.053498,26,10021.013395
-18.544937,69,10021.873989
-7.705433,62,10022.632263
-5.724649,41,10023.138569
-6.825831,63,10023.91711
-9.488431,47,10024.507531
-16.859648,69,10025.418582
-9.827704,54,10026.127929
-17.602915,78,10027.077438
-4.296048,26,10027.396585
-9.727485,74,10028.257169
-13.87741,72,10029.176611
-8.387483,36,10029.647352
-15.031365,79,10030.630462
-7.915907,35,10031.073358
-3.255845,27,10031.42535
-16.86315,52,10032.07315
-4.711727,41,10032.643802
-9.973977,45,10033.214068
-10.181213,62,10033.982169
-22.378983,134,10035.61726
-25.813005,300,10039.306251
-25.404689,274,10042.731858
-10.040406,101,10043.972697
-32.017072,300,10047.672998
-9.041666,40,10048.220481
-5.079322,31,10048.60436
-15.83535,65,10049.399695
-7.70159,36,10049.842026
-9.035024,58,10050.538727
-10.896506,175,10052.679806
-14.232439,61,10053.422848
-33.168297,300,10057.191774
-12.878347,51,10057.807891
-7.484972,34,10058.2239
-4.848921,49,10058.829667
-9.671239,39,10059.308016
-10.758816,41,10059.81918
-4.965375,35,10060.238816
-15.266133,81,10061.248439
-14.187967,124,10062.770157
-11.596168,48,10063.341723
-9.1461,37,10063.806861
-9.614566,65,10064.66135
-11.386524,50,10065.350909
-6.183972,20,10065.595241
-8.56195,42,10066.12309
-6.629788,33,10066.531583
-16.284013,62,10067.308971
-8.060137,36,10067.764752
-9.950695,72,10068.6435
-19.265397,123,10070.13466
-12.979846,132,10071.74865
-10.602416,82,10072.753219
-4.837746,40,10073.251533
-5.666043,38,10073.756556
-14.182308,54,10074.4304
-4.151124,38,10074.912112
-9.394879,46,10075.467138
-11.979502,53,10076.090874
-7.031647,48,10076.648026
-5.510983,37,10077.079911
-11.653429,43,10077.616935
-5.260983,42,10078.16195
-15.79684,52,10078.90738
-9.073505,58,10079.626909
-9.820861,104,10080.91509
-2.730543,25,10081.226118
-12.068438,46,10081.775952
-31.659186,300,10085.638581
-13.483082,127,10087.249242
-16.206056,65,10088.081124
-5.869353,30,10088.444309
-5.853065,57,10089.151868
-8.973923,40,10089.706294
-14.044238,58,10090.415021
-6.068295,35,10090.843614
-6.367269,48,10091.435804
-13.219466,59,10092.147269
-17.369844,75,10093.074548
-15.402463,62,10093.841016
-14.874839,99,10095.053183
-9.82022,46,10095.612687
-10.762934,69,10096.468339
-12.411096,51,10097.091671
-5.721903,46,10097.657189
-34.356108,300,10101.358526
-8.023536,36,10101.790534
-5.776271,33,10102.207698
-6.424305,62,10102.992757
-8.455495,76,10103.937008
-3.392191,38,10104.397151
-6.912154,40,10104.886158
-6.172468,18,10105.117336
-5.393475,28,10105.481364
-15.820158,58,10106.231845
-7.504514,48,10106.874873
-10.493929,50,10107.489133
-5.010909,31,10107.880062
-15.263016,57,10108.618438
-5.690477,73,10109.530999
-6.038962,31,10109.920269
-3.10175,22,10110.197556
-9.853153,82,10111.194724
-4.8722,41,10111.702279
-5.952357,29,10112.058298
-14.952629,60,10112.800697
-11.384404,50,10113.418522
-9.138155,54,10114.100787
-8.280963,39,10114.580364
-10.37017,52,10115.229034
-6.317466,31,10115.613549
-12.163541,51,10116.230153
-6.405139,51,10116.916451
-21.627072,300,10120.5952
-8.975129,60,10121.330243
-29.076392,300,10125.103532
-12.341039,49,10125.71959
-9.578076,45,10126.283664
-10.489282,60,10127.054818
-5.654174,32,10127.498642
-19.620933,85,10128.56727
-13.231067,66,10129.413004
-13.293535,54,10130.069268
-5.755601,31,10130.452256
-11.712566,55,10131.142287
-11.216664,50,10131.783154
-4.504197,28,10132.139235
-6.924164,47,10132.721009
-6.396962,36,10133.163825
-16.299231,64,10133.967303
-9.911948,75,10134.891514
-13.137725,54,10135.557732
-9.531565,56,10136.329486
-3.647919,26,10136.704685
-13.643407,129,10138.374374
-13.778758,56,10139.070211
-15.040922,49,10139.680721
-5.78238,34,10140.110573
-6.56535,17,10140.322007
-8.252458,41,10140.817711
-12.598725,52,10141.479117
-7.184069,38,10141.943627
-6.450369,35,10142.374636
-5.03556,48,10142.990988
-25.782594,300,10146.764791
-9.921708,45,10147.341605
-8.264344,44,10147.891179
-9.598084,50,10148.524254
-9.086533,44,10149.090472
-10.526344,51,10149.708869
-3.72787,23,10150.003319
-3.043183,21,10150.263593
-37.484014,300,10154.141023
-27.421388,163,10156.147123
-20.485382,144,10157.907521
-7.436335,35,10158.351506
-15.741617,58,10159.058832
-2.917739,21,10159.327114
-6.01803,34,10159.745023
-5.561785,31,10160.126606
-31.653679,300,10163.884702
-2.881327,23,10164.172932
-20.142808,300,10167.904308
-7.752173,39,10168.393001
-8.361301,41,10168.89434
-7.665704,35,10169.337422
-11.511071,59,10170.088325
-12.423541,48,10170.695731
-3.98671,37,10171.212307
-16.970904,94,10172.425018
-7.101414,43,10172.975545
-7.460615,57,10173.691927
-23.557254,300,10177.501596
-3.438962,25,10177.825704
-12.626942,97,10179.038952
-1.976968,19,10179.298714
-6.49476,16,10179.499179
-14.670371,56,10180.237205
-35.617386,300,10184.055546
-10.739603,55,10184.765694
-18.902307,300,10188.532703
-5.410627,30,10188.882517
-15.192675,53,10189.524694
-9.141082,52,10190.150263
-5.203102,28,10190.513106
-23.517961,228,10193.245194
-21.380752,300,10197.073224
-11.870582,50,10197.692768
-5.934479,29,10198.051337
-19.885834,300,10201.861166
-6.481882,34,10202.293678
-6.86131,32,10202.701446
-13.872868,63,10203.478412
-7.277983,48,10204.063527
-8.662494,47,10204.63552
-6.957855,45,10205.19671
-5.800071,30,10205.560532
-13.359212,56,10206.236531
-12.911883,105,10207.520495
-4.232719,9,10207.624494
-4.278942,9,10207.73021
-8.567329,83,10208.761531
-9.210357,48,10209.411388
-11.364246,42,10209.929614
-12.919197,46,10210.500515
-14.892429,56,10211.189239
-7.206296,42,10211.715998
-5.347063,33,10212.128694
-5.55996,29,10212.525885
-8.992102,49,10213.177366
-8.232392,38,10213.639449
-4.559683,34,10214.056777
-10.425637,40,10214.587699
-9.879551,52,10215.260517
-18.056797,68,10216.111218
-11.642962,44,10216.709929
-3.853426,25,10217.026083
-11.069731,49,10217.672837
-12.209508,54,10218.395874
-9.547103,55,10219.174371
-15.10069,69,10220.090918
-5.943961,55,10220.818971
-3.901267,26,10221.230589
-9.128995,42,10221.761627
-25.435663,254,10224.883531
-7.303128,35,10225.315781
-9.75943,42,10225.821169
-7.240704,51,10226.450515
-13.695372,62,10227.204192
-6.337509,31,10227.588166
-14.350918,58,10228.30794
-12.586184,57,10229.010039
-8.681035,73,10229.908557
-14.305307,62,10230.673611
-15.276036,177,10232.881384
-14.975775,56,10233.560568
-12.903111,53,10234.206857
-18.897967,137,10235.899155
-18.294711,147,10237.702925
-10.627379,45,10238.255744
-14.678311,56,10238.957815
-12.414846,58,10239.701824
-6.725155,37,10240.165506
-6.729506,46,10240.75058
-12.516649,118,10242.2504
-2.875832,22,10242.536308
-7.866388,16,10242.738768
-17.362685,112,10244.198158
-7.365257,39,10244.69196
-8.145818,37,10245.156122
-8.327991,41,10245.685495
-26.748207,300,10249.573356
-18.573762,212,10252.202753
-36.74904,300,10256.101428
-7.308397,49,10256.719285
-15.399784,58,10257.46436
-14.535146,56,10258.156731
-15.32757,73,10259.048118
-12.73281,54,10259.752266
-13.431063,65,10260.553501
-21.603468,124,10262.097829
-29.007222,165,10264.197806
-6.055763,43,10264.807148
-16.120454,116,10266.266716
-10.374733,46,10266.872924
-10.961918,48,10267.474299
-14.346586,54,10268.177392
-15.707313,52,10268.832714
-9.517746,45,10269.418646
-7.830298,63,10270.226262
-7.80607,61,10270.993981
-5.548014,29,10271.368785
-13.417823,52,10272.009044
-11.581914,82,10273.091081
-3.800992,24,10273.403071
-3.807671,25,10273.719553
-16.97799,120,10275.226393
-7.590794,59,10275.991466
-4.995666,37,10276.465029
-15.629456,69,10277.338516
-28.00728,300,10281.157441
-6.703557,32,10281.539191
-4.974996,31,10281.925686
-7.253744,37,10282.375483
-13.092965,55,10283.028523
-15.161021,70,10283.901669
-10.368876,48,10284.490316
-10.872345,52,10285.111293
-8.482953,42,10285.61456
-8.719094,37,10286.120184
-11.673837,62,10286.915364
-9.29242,56,10287.615671
-16.276351,56,10288.290866
-5.683206,35,10288.703984
-8.7297,37,10289.138929
-12.09348,209,10291.734302
-3.318255,22,10291.993772
-2.560128,21,10292.243442
-12.176705,51,10292.876255
-4.980149,30,10293.252759
-17.081213,59,10294.050189
-13.611907,110,10295.414967
-5.577229,17,10295.606728
-13.277749,53,10296.22312
-12.94434,55,10296.894462
-4.154351,29,10297.250484
-8.595634,40,10297.746065
-7.420956,36,10298.20416
-7.806227,39,10298.695126
-2.45943,21,10298.957421
-5.980636,79,10299.943692
-13.86734,110,10301.395329
-13.314108,52,10302.037444
-19.491137,176,10304.302316
-4.486104,33,10304.697003
-6.571371,34,10305.094927
-7.838581,40,10305.577666
-15.810465,59,10306.296644
-5.999879,34,10306.753423
-3.98735,27,10307.091377
-5.692059,33,10307.520083
-15.209678,60,10308.24869
-4.525366,31,10308.635655
-4.308177,26,10308.948818
-3.924416,26,10309.330797
-7.785738,38,10309.801846
-11.353527,43,10310.331841
-14.359018,66,10311.140429
-9.661795,58,10311.881897
-7.088512,15,10312.064682
-7.178361,63,10312.946723
-10.762092,60,10313.800778
-13.366189,74,10314.804095
-3.047925,21,10315.102298
-5.454758,38,10315.641812
-12.701236,54,10316.367386
-11.852247,52,10317.056571
-10.476369,48,10317.680966
-12.239617,46,10318.261845
-7.677614,38,10318.741995
-6.223323,36,10319.185717
-7.804083,35,10319.607665
-9.867405,43,10320.109585
-10.082751,46,10320.636946
-12.192732,60,10321.373004
-2.675775,20,10321.626027
-2.378737,21,10321.882024
-17.242845,60,10322.632334
-13.796075,59,10323.366048
-13.90306,66,10324.200728
-12.630586,72,10325.092907
-10.581038,47,10325.680513
-2.936058,24,10325.972687
-3.614669,30,10326.349969
-10.264846,58,10327.084425
-5.156283,31,10327.523114
-11.001654,48,10328.12521
-36.915289,300,10331.82502
-4.535058,31,10332.215567
-21.791383,199,10334.790147
-6.349482,31,10335.182839
-7.487256,35,10335.615171
-5.309938,30,10335.993047
-26.694609,300,10339.755261
-5.21963,40,10340.247927
-3.04515,26,10340.568016
-7.816133,39,10341.049727
-11.532006,74,10341.962721
-4.406724,27,10342.310424
-7.24984,36,10342.757779
-20.573494,86,10343.837524
-20.487422,165,10345.865291
-4.929685,30,10346.212813
-3.129103,30,10346.557155
-8.952475,44,10347.079756
-12.146818,49,10347.682174
-11.997897,50,10348.276107
-10.351161,44,10348.869858
-15.949499,120,10350.312335
-5.876797,48,10350.87959
-7.501519,40,10351.362346
-7.405443,39,10351.823543
-7.250111,40,10352.298272
-3.919352,25,10352.597166
-5.53851,33,10352.996749
-12.430342,53,10353.621484
-9.809839,39,10354.089727
-11.617811,60,10354.877213
-9.422519,44,10355.450277
-9.533088,40,10355.9465
-7.65944,40,10356.438911
-11.678729,50,10357.07291
-4.587882,29,10357.433943
-10.46899,40,10357.928649
-3.629555,24,10358.204881
-14.516407,56,10358.845647
-3.204001,22,10359.095822
-4.693324,27,10359.402714
-4.464434,27,10359.741991
-5.847986,30,10360.116231
-12.256685,53,10360.807513
-18.199009,60,10361.616509
-17.053093,132,10363.247145
-6.580814,34,10363.674074
-6.252363,37,10364.145983
-9.487697,53,10364.806217
-12.807264,47,10365.386421
-7.088849,52,10366.014362
-9.833337,39,10366.497064
-6.712572,48,10367.093406
-4.233403,27,10367.425344
-6.857719,34,10367.850179
-6.506781,35,10368.284516
-8.374552,40,10368.780192
-10.687016,48,10369.442203
-8.381656,40,10369.953398
-12.519577,63,10370.725424
-13.109417,46,10371.314516
-5.258515,30,10371.716047
-2.813931,21,10371.979369
-11.053484,54,10372.639914
-9.544896,44,10373.179631
-16.81392,56,10373.910674
-10.56295,59,10374.614104
-11.980203,45,10375.1953
-14.920596,58,10375.89731
-11.549782,43,10376.449077
-15.091805,57,10377.186056
-4.410046,27,10377.523399
-28.339714,300,10381.247325
-19.81459,98,10382.44
-7.215129,38,10382.902405
-23.708574,108,10384.239364
-8.939966,43,10384.764847
-8.161097,43,10385.341505
-4.865156,28,10385.681486
-17.498663,58,10386.399066
-13.276402,99,10387.637834
-8.894377,52,10388.357499
-31.222381,300,10392.067338
-8.74476,44,10392.672269
-5.521311,51,10393.346744
-6.315564,53,10394.047901
-7.210113,45,10394.607405
-6.488102,48,10395.205752
-11.202435,51,10395.848003
-14.545618,40,10396.330741
-16.330698,76,10397.290036
-8.455563,42,10397.83331
-8.632731,36,10398.285728
-11.907639,43,10398.856908
-13.253853,56,10399.557652
-5.641358,31,10399.990387
-7.396642,38,10400.471041
-9.814198,44,10401.009846
-6.823192,32,10401.421648
-5.451421,39,10401.90438
-28.806324,300,10405.594999
-9.23338,55,10406.238289
-13.678942,287,10409.914846
-9.274099,43,10410.441437
-5.460714,34,10410.874965
-10.908474,50,10411.505048
-25.138458,169,10413.580988
-10.007688,41,10414.060763
-12.877327,86,10415.128933
-14.472013,57,10415.83726
-7.057878,36,10416.287052
-4.858724,28,10416.638765
-4.159339,25,10416.949251
-8.081909,39,10417.434567
-7.183083,18,10417.665514
-6.097863,31,10418.045469
-3.132084,22,10418.324722
-7.40682,34,10418.801448
-6.706546,66,10419.60966
-6.775556,32,10420.005631
-9.647641,93,10421.156949
-6.835299,37,10421.62961
-2.920665,23,10421.913655
-15.424695,58,10422.635129
-12.853745,66,10423.477337
-7.581406,39,10423.956579
-8.50928,69,10424.82484
-24.126197,300,10428.539481
-6.513213,39,10429.028204
-6.426532,37,10429.486928
-13.549495,73,10430.400179
-11.902179,50,10431.034103
-5.210729,34,10431.486746
-8.097058,40,10431.985121
-6.84799,36,10432.434855
-18.314916,65,10433.240605
-6.782053,39,10433.73612
-11.544985,59,10434.473268
-6.928446,39,10434.963995
-10.791859,44,10435.48957
-10.098052,41,10435.960001
-4.89356,54,10436.615507
-7.871533,39,10437.081345
-5.517632,30,10437.451813
-16.611726,119,10438.994747
-13.615045,56,10439.821535
-9.270604,63,10440.577513
-5.579432,33,10440.974678
-6.4798,45,10441.509324
-5.17228,48,10442.104732
-15.360859,60,10442.816294
-13.302365,78,10443.755723
-7.379888,33,10444.187121
-6.632522,37,10444.638906
-15.303777,141,10446.388013
-10.580845,48,10446.973351
-5.732174,64,10447.793342
-11.78123,52,10448.436794
-3.909308,36,10448.884503
-5.617905,56,10449.623488
-16.376474,135,10451.335206
-16.961428,160,10453.345426
-8.451471,20,10453.600744
-5.18544,31,10453.980882
-7.219381,35,10454.419909
-4.027898,25,10454.739449
-9.710717,57,10455.455389
-16.524386,67,10456.315921
-5.143456,29,10456.684932
-14.546458,66,10457.497759
-4.821577,29,10457.865747
-8.810326,38,10458.342954
-3.818151,28,10458.670039
-8.285005,78,10459.627221
-2.806857,21,10459.904456
-4.15375,48,10460.498985
-21.282719,119,10461.987064
-13.740031,54,10462.647188
-4.515719,28,10462.996253
-8.114181,53,10463.651706
-14.284013,55,10464.377792
-10.063888,47,10464.969946
-2.783064,22,10465.245244
-11.031263,44,10465.810977
-9.361035,41,10466.319618
-6.619714,14,10466.498169
-18.270522,57,10467.210492
-2.848566,23,10467.503145
-3.38066,27,10467.903901
-4.539003,30,10468.292146
-6.139877,31,10468.678114
-11.545767,51,10469.302799
-4.772231,31,10469.684272
-17.689572,56,10470.356351
-7.097128,33,10470.761097
-13.156231,54,10471.417252
-7.973541,37,10471.8886
-7.373559,40,10472.38654
-8.214971,38,10472.850891
-9.360934,39,10473.327584
-6.626091,34,10473.749739
-10.553864,52,10474.400492
-10.330823,46,10474.955132
-13.06384,53,10475.610376
-2.647546,21,10475.872676
-8.745831,77,10476.827052
-7.199943,39,10477.363375
-5.752626,32,10477.760653
-18.35806,73,10478.664726
-11.500265,53,10479.305721
-4.312002,35,10479.735882
-6.933879,37,10480.201
-14.780823,101,10481.440379
-11.672303,56,10482.126936
-12.634553,48,10482.782882
-4.861236,30,10483.154886
-9.696883,76,10484.107497
-6.648155,33,10484.513807
-6.544688,36,10484.967583
-12.851469,96,10486.150186
-10.706227,48,10486.739494
-8.161559,38,10487.215069
-4.067474,25,10487.528167
-7.094636,41,10488.02791
-9.562236,38,10488.494135
-13.617272,64,10489.305294
-11.849175,78,10490.334198
-5.583506,40,10490.845053
-3.258935,10,10490.97208
-16.256758,57,10491.660431
-10.315307,70,10492.54447
-5.085016,28,10492.922339
-7.133489,15,10493.095306
-6.5172,42,10493.592472
-7.832514,39,10494.042068
-3.785706,24,10494.323123
-4.636137,27,10494.652562
-20.017165,141,10496.438115
-13.694502,56,10497.128124
-3.129465,22,10497.402936
-8.745109,53,10498.057223
-13.222846,115,10499.554764
-19.500412,300,10503.248906
-12.922163,52,10503.882228
-8.224324,35,10504.316071
-12.092651,50,10504.927078
-6.883515,14,10505.100678
-18.351906,88,10506.170815
-11.363093,75,10507.160768
-10.07327,47,10507.731734
-16.954017,78,10508.731385
-4.717205,27,10509.084228
-12.215205,52,10509.726655
-18.449653,64,10510.527145
-8.320575,41,10511.024646
-14.889809,55,10511.714771
-11.949549,51,10512.37703
-7.893537,36,10512.897636
-8.718557,43,10513.439943
-6.183434,39,10513.916863
-12.616558,53,10514.58189
-8.742526,40,10515.119284
-8.200207,41,10515.650972
-3.553498,23,10515.950045
-13.904439,54,10516.658293
-14.602685,119,10518.115933
-7.077705,58,10518.878767
-12.441992,51,10519.51717
-4.653324,32,10519.904538
-37.20733,300,10523.637562
-5.971189,35,10524.063353
-6.317922,31,10524.448185
-8.179878,39,10524.935937
-3.807955,27,10525.266054
-7.011444,54,10525.927838
-4.332733,46,10526.493288
-31.895074,300,10530.286203
-5.662173,35,10530.733403
-7.438251,34,10531.143627
-4.240801,28,10531.481307
-15.354295,83,10532.500983
-8.390986,37,10532.962738
-4.724896,29,10533.334743
-7.427338,37,10533.807909
-12.991576,50,10534.439889
-5.697457,33,10534.847798
-20.757946,227,10537.704578
-9.511045,54,10538.420434
-9.19973,41,10538.983927
-14.73,187,10541.316155
-14.235024,71,10542.192994
-13.919778,62,10543.028769
-5.476607,13,10543.194326
-15.949677,76,10544.130979
-10.455091,90,10545.25035
-19.366474,77,10546.225193
-14.736533,56,10546.901989
-11.01616,51,10547.560255
-10.097414,57,10548.293548
-10.429772,48,10548.904433
-11.826307,46,10549.494367
-3.11125,24,10549.805535
-6.330229,60,10550.598031
-10.34044,46,10551.168445
-5.651131,37,10551.63714
-13.223758,59,10552.379872
-11.36751,48,10552.995226
-4.928131,29,10553.366936
-16.386646,108,10554.726301
-15.357553,51,10555.349299
-6.45369,31,10555.731279
-18.393322,278,10559.348209
-14.625863,61,10560.120263
-7.623879,39,10560.597585
-17.492591,89,10561.698499
-14.205851,52,10562.334288
-8.935475,37,10562.787498
-15.981393,75,10563.709988
-3.307263,24,10564.00952
-14.501468,59,10564.725845
-10.392575,57,10565.42822
-14.835699,64,10566.212317
-3.088661,24,10566.50464
-11.481914,60,10567.238327
-11.992661,52,10567.885708
-3.541526,24,10568.18391
-7.812506,37,10568.678905
-16.547463,58,10569.441184
-2.704208,23,10569.742403
-2.909304,21,10570.014374
-7.071442,37,10570.492912
-4.626026,34,10570.949695
-14.66141,57,10571.640814
-10.348254,46,10572.217656
-12.902274,81,10573.303849
-9.924624,41,10573.834225
-12.829208,52,10574.466554
-6.172175,76,10575.428486
-5.055532,32,10575.825223
-7.862966,38,10576.288199
-15.903309,54,10576.961986
-10.596483,45,10577.526818
-22.655618,114,10578.980888
-8.194284,38,10579.443621
-5.367398,32,10579.859509
-10.494545,45,10580.420658
-9.968524,71,10581.311321
-4.17351,13,10581.480307
-9.728577,40,10581.984511
-13.776518,53,10582.638314
-9.158864,39,10583.139349
-16.061023,53,10583.821599
-12.522548,49,10584.442937
-9.428546,45,10585.004436
-3.567411,26,10585.335754
-8.400411,49,10585.970338
-18.12421,95,10587.284425
-8.679289,39,10587.76913
-14.572717,51,10588.437117
-11.489619,42,10588.951278
-6.273033,35,10589.377139
-4.385497,26,10589.69429
-6.531898,31,10590.069944
-14.661438,54,10590.753039
-5.833462,17,10590.968825
-11.619363,49,10591.56294
-8.683971,51,10592.173812
-9.386396,42,10592.681161
-15.812063,58,10593.463071
-14.538604,93,10594.653727
-12.064228,60,10595.375417
-4.226579,29,10595.736746
-12.831902,55,10596.391233
-14.666721,56,10597.085956
-12.752741,55,10597.789004
-6.492751,33,10598.216605
-27.886179,295,10601.862553
-9.475957,40,10602.359115
-5.035736,33,10602.801667
-2.951291,24,10603.085908
-9.316656,46,10603.629633
-11.774325,48,10604.237385
-10.718739,82,10605.264338
-10.115073,41,10605.775412
-8.007152,43,10606.308662
-10.163593,41,10606.833349
-6.870657,33,10607.252296
-6.745768,33,10607.664194
-6.429485,33,10608.13198
-3.827291,28,10608.475897
-8.589805,36,10608.935475
-16.979491,66,10609.737625
-8.10961,70,10610.568611
-9.500134,61,10611.297819
-4.599567,27,10611.631436
-11.257889,56,10612.331406
-4.167187,25,10612.675549
-7.337222,37,10613.158647
-5.738471,31,10613.54658
-3.001786,22,10613.829823
-3.478902,23,10614.120497
-9.486521,58,10614.896804
-10.840859,49,10615.576231
-9.776247,47,10616.150708
-9.522696,45,10616.684848
-4.759773,28,10617.005989
-8.520254,41,10617.492438
-6.433337,33,10617.898353
-9.018048,43,10618.434803
-5.434379,33,10618.846038
-2.539131,22,10619.118463
-16.239872,60,10619.87894
-10.961315,48,10620.491725
-3.986722,25,10620.798803
-8.67956,40,10621.263601
-23.861536,219,10624.025701
-11.733337,112,10625.426955
-5.806391,14,10625.590517
-13.472639,65,10626.376493
-2.590527,23,10626.644775
-4.784886,30,10627.012743
-4.113284,25,10627.353492
-10.478237,51,10628.0237
-3.929947,38,10628.520889
-10.708353,47,10629.172963
-7.962892,40,10629.684855
-4.975773,28,10630.015603
-4.111385,28,10630.361678
-24.045732,300,10634.16258
-8.800884,38,10634.664883
-13.402125,50,10635.293802
-11.494031,61,10636.053486
-5.22534,45,10636.675822
-7.75249,34,10637.113856
-8.94534,37,10637.570556
-9.069112,43,10638.101137
-2.05769,19,10638.351661
-4.404075,14,10638.528349
-7.293477,34,10638.967956
-11.512038,56,10639.686914
-4.774051,13,10639.842527
-14.546825,59,10640.609241
-18.768101,125,10642.173428
-9.335963,40,10642.673991
-7.874404,40,10643.170634
-14.99188,56,10643.876441
-3.709026,25,10644.186129
-7.694441,40,10644.718018
-10.865741,46,10645.32513
-16.307655,53,10646.030956
-11.025379,47,10646.632767
-4.726571,43,10647.191585
-4.017949,27,10647.531672
-5.804824,31,10647.920133
-10.496452,97,10649.140046
-13.294153,67,10649.99069
-8.221164,38,10650.482373
-3.892348,25,10650.807232
-4.889518,29,10651.16241
-12.950642,55,10651.855839
-6.307771,45,10652.468391
-9.955551,102,10653.760657
-8.845258,40,10654.257522
-15.206457,71,10655.138057
-10.03984,45,10655.704572
-5.11169,31,10656.091095
-14.529271,60,10656.845495
-12.040612,47,10657.435917
-9.550703,42,10657.966268
-3.376985,24,10658.281588
-12.619871,50,10658.920332
-3.289546,22,10659.196126
-8.047711,56,10659.902768
-6.427505,49,10660.530082
-2.403526,21,10660.806167
-4.674595,30,10661.255698
-7.790316,56,10662.008965
-10.901131,48,10662.605042
-6.038718,32,10663.051823
-16.231869,60,10663.757663
-13.977995,55,10664.441265
-6.43065,37,10664.910103
-8.879204,53,10665.569523
-10.079813,41,10666.076901
-10.179135,42,10666.606718
-6.600894,44,10667.177162
-9.450694,38,10667.723803
-10.816193,49,10668.369351
-17.109398,111,10669.800996
-6.9315,44,10670.33407
-9.799226,43,10670.848722
-13.274087,53,10671.476787
-8.435378,40,10671.9662
-2.255962,20,10672.215535
-7.193109,33,10672.638402
-4.887302,31,10673.066123
-26.696735,300,10676.860715
-5.499878,33,10677.285579
-4.916988,33,10677.702464
-13.384518,54,10678.34052
-3.482457,28,10678.665991
-11.666696,69,10679.523894
-13.809709,71,10680.481779
-4.873108,28,10680.844807
-11.765943,50,10681.505041
-7.163989,38,10681.959988
-7.43034,38,10682.412887
-7.469901,35,10682.858219
-12.085261,49,10683.453626
-3.813824,26,10683.783959
-5.062335,42,10684.311203
-2.876976,22,10684.598408
-13.877561,55,10685.358413
-9.765207,40,10685.878384
-22.036566,269,10689.180442
-3.82305,25,10689.475652
-4.954976,27,10689.834991
-12.187359,211,10692.513384
-8.328595,141,10694.347348
-4.814613,31,10694.749077
-9.777776,41,10695.273661
-11.478939,51,10695.940184
-18.652568,57,10696.628222
-5.849306,31,10697.063583
-4.274469,37,10697.52837
-14.219885,57,10698.240234
-16.203517,68,10699.107068
-5.857056,31,10699.509024
-2.383147,22,10699.788371
-17.09968,124,10701.275269
-9.684161,45,10701.835191
-11.243407,70,10702.745819
-9.748544,72,10703.67458
-9.296696,40,10704.165583
-10.359199,51,10704.8318
-17.987072,68,10705.637933
-8.497657,42,10706.189488
-8.980712,44,10706.742411
-13.244983,52,10707.406635
-4.059804,25,10707.717432
-6.726068,38,10708.173238
-14.534306,64,10708.947399
-8.118079,36,10709.376735
-12.071787,51,10710.006052
-8.039291,17,10710.207485
-8.306447,75,10711.142529
-13.030432,53,10711.873006
-11.305442,54,10712.56796
-16.973252,107,10713.967422
-3.98918,28,10714.311007
-4.946118,28,10714.646083
-10.421848,59,10715.398071
-13.560767,56,10716.094144
-13.895086,95,10717.289599
-14.762495,75,10718.24403
-17.887369,185,10720.594647
-9.293641,44,10721.136199
-13.341715,57,10721.898522
-4.011986,27,10722.257562
-16.481958,86,10723.392574
-11.617116,49,10723.994121
-17.300149,100,10725.265145
-3.699031,26,10725.577532
-5.518368,27,10725.897676
-8.066515,42,10726.406614
-12.193895,51,10727.026925
-14.941667,64,10727.922775
-6.927911,39,10728.426567
-4.924337,28,10728.793613
-11.070598,53,10729.472637
-14.039021,61,10730.212222
-4.043717,47,10730.782068
-9.165736,37,10731.222836
-4.374462,31,10731.602849
-4.613318,29,10731.973079
-4.677988,47,10732.564025
-11.125812,48,10733.178393
-13.698598,53,10733.848696
-5.777947,31,10734.238654
-7.476783,34,10734.668474
-4.619965,28,10735.02555
-6.612479,36,10735.502244
-12.817336,55,10736.234165
-4.718687,11,10736.366811
-4.395123,10,10736.485171
-15.007022,57,10737.161355
-7.027583,35,10737.589211
-4.963689,30,10737.954234
-10.493332,63,10738.750671
-19.02358,300,10742.473081
-3.485932,26,10742.876033
-6.25332,35,10743.341475
-3.039994,23,10743.632306
-7.603163,45,10744.222551
-7.253536,33,10744.615472
-14.093893,57,10745.297938
-2.790263,23,10745.57021
-5.449386,29,10745.920274
-47.812575,300,10749.765295
-15.466953,58,10750.465413
-14.313584,71,10751.360048
-5.429951,12,10751.521078
-3.600169,25,10751.833268
-14.992836,60,10752.606495
-9.708476,79,10753.676188
-4.865258,49,10754.254273
-6.790589,131,10755.834867
-8.938896,61,10756.604769
-3.41171,40,10757.121558
-6.040308,34,10757.555986
-8.344645,51,10758.163099
-15.151724,112,10759.529399
-6.941731,34,10759.960247
-5.219281,28,10760.344773
-13.226329,53,10761.066334
-4.984626,33,10761.488127
-4.719523,27,10761.827474
-12.584665,66,10762.635694
-2.995792,23,10762.912721
-6.561539,16,10763.102291
-7.544956,35,10763.521592
-15.500895,78,10764.512043
-12.349761,50,10765.143813
-3.960725,42,10765.643453
-14.782125,69,10766.47787
-14.727735,57,10767.191737
-13.897647,65,10768.017851
-14.21755,74,10768.98274
-2.694309,23,10769.267782
-6.204877,36,10769.729773
-11.15171,47,10770.309516
-13.198226,53,10770.96643
-16.896889,89,10772.078418
-10.745225,47,10772.669894
-7.120435,38,10773.141726
-12.296788,54,10773.804652
-15.944912,97,10775.033459
-8.200335,47,10775.688645
-9.276306,44,10776.259836
-8.795645,41,10776.799458
-4.068714,29,10777.145751
-4.618523,29,10777.499848
-2.4729,22,10777.767133
-2.298857,21,10778.031426
-3.494875,23,10778.326636
-5.387806,36,10778.78737
-7.175614,40,10779.309807
-7.868945,41,10779.806174
-15.106343,65,10780.586497
-7.651048,44,10781.121043
-6.606349,35,10781.602499
-13.728103,51,10782.249738
-14.235207,56,10782.946493
-11.768992,51,10783.68976
-8.412918,42,10784.224815
-3.779773,26,10784.55775
-16.642158,56,10785.296749
-13.568192,53,10785.974164
-6.952126,39,10786.478888
-25.830276,82,10787.53205
-9.946252,43,10788.051169
-13.852066,66,10788.890695
-3.7687,27,10789.24217
-7.515411,37,10789.721112
-24.156594,83,10790.723535
-6.125406,67,10791.526972
-8.79099,43,10792.055558
-8.25512,36,10792.490425
-6.668954,34,10792.939354
-18.31047,103,10794.227368
-13.952994,67,10795.091604
-12.585765,64,10795.922819
-7.280405,33,10796.329469
-3.008786,24,10796.621727
-10.254327,41,10797.130716
-14.069008,81,10798.12179
-10.951886,41,10798.632933
-3.203869,24,10798.933796
-23.138411,168,10801.212346
-7.462269,34,10801.659377
-9.821523,39,10802.195163
-6.689998,37,10802.695867
-8.798543,18,10802.9362
-5.293894,32,10803.409801
-12.235666,51,10804.090654
-10.250273,20,10804.34597
-11.863274,52,10805.043453
-20.007109,130,10806.737849
-4.031884,25,10807.033065
-7.828911,68,10807.865655
-6.702063,44,10808.405308
-4.723637,29,10808.776917
-13.00638,45,10809.333847
-12.959139,87,10810.421821
-2.462561,20,10810.672976
-6.220661,49,10811.271781
-11.999849,50,10811.903774
-4.709899,33,10812.362548
-13.339517,53,10813.012743
-8.880825,68,10813.885346
-15.147242,60,10814.60599
-9.004221,62,10815.392886
-14.651265,106,10816.757704
-16.324937,116,10818.177275
-3.626531,24,10818.4812
-4.357749,31,10818.865172
-10.089082,42,10819.3788
-22.818375,300,10823.058702
-16.539969,64,10823.846387
-10.997084,50,10824.52039
-5.063392,32,10824.911006
-11.597168,70,10825.843188
-15.668058,74,10826.744806
-3.325824,26,10827.059934
-11.975584,59,10827.787159
-8.638193,41,10828.298805
-9.653554,44,10828.843241
-7.538887,35,10829.262259
-5.002521,29,10829.618063
-1.842757,18,10829.843641
-19.02349,57,10830.54175
-3.384099,26,10830.881057
-6.512487,36,10831.331636
-2.338264,20,10831.575573
-10.564115,48,10832.173032
-16.58211,53,10832.836806
-6.872518,51,10833.466123
-7.737977,69,10834.320974
-6.800606,51,10834.937875
-10.741495,67,10835.825078
-10.822607,48,10836.414889
-3.943551,28,10836.766659
-18.460033,97,10837.952884
-8.871881,43,10838.496252
-12.464309,45,10839.0518
-3.860869,27,10839.380714
-10.412291,41,10839.884395
-8.915969,37,10840.330793
-6.943141,34,10840.749689
-10.939388,42,10841.264906
-3.554951,23,10841.553164
-5.661506,30,10841.926138
-7.75781,39,10842.398873
-5.1137,32,10842.791639
-6.388914,34,10843.200959
-16.068865,58,10843.926016
-11.672916,62,10844.702621
-16.043075,59,10845.492278
-11.244397,51,10846.102231
-5.929611,30,10846.475399
-9.520817,43,10846.988433
-11.313882,49,10847.60182
-7.774539,87,10848.675457
-12.25092,63,10849.442399
-13.016528,65,10850.240437
-10.425046,47,10850.813604
-7.96439,40,10851.308648
-15.899466,74,10852.21104
-13.248429,58,10852.919255
-15.294327,58,10853.62034
-15.429715,61,10854.370612
-8.012247,46,10854.948122
-14.54303,76,10855.927624
-5.945638,30,10856.298524
-5.890677,35,10856.727348
-6.650598,54,10857.393631
-12.636947,53,10858.040609
-6.849766,40,10858.530329
-12.753597,54,10859.194644
-12.65738,52,10859.841831
-12.533826,53,10860.485254
-6.266097,31,10860.875852
-12.987313,53,10861.527825
-8.858774,42,10862.04635
-12.98282,56,10862.729246
-11.495066,50,10863.34721
-13.788838,54,10864.025653
-3.965146,24,10864.319502
-30.395615,300,10868.053501
-31.195591,267,10871.385757
-3.283576,25,10871.689368
-19.181969,122,10873.228813
-13.246007,54,10873.913342
-12.908634,52,10874.551593
-16.225058,55,10875.240904
-8.888565,39,10875.714411
-17.089678,92,10876.879004
-11.097957,52,10877.518235
-13.758986,53,10878.153514
-4.171408,27,10878.486595
-14.510929,71,10879.392386
-14.937802,56,10880.098378
-13.236618,67,10880.914801
-3.481117,27,10881.24826
-8.295479,51,10881.907987
-11.210668,71,10882.831305
-13.726472,71,10883.792926
-4.850788,29,10884.168396
-16.782309,78,10885.177747
-2.900119,24,10885.497983
-17.129422,87,10886.58536
-7.15685,45,10887.161179
-16.90152,52,10887.786969
-15.748744,64,10888.579251
-19.229191,87,10889.653129
-2.26833,21,10889.910305
-12.379845,45,10890.476935
-6.232935,41,10890.972827
-8.751733,54,10891.646443
-2.192369,20,10891.891573
-10.840832,49,10892.497055
-7.066552,37,10892.956657
-5.625019,32,10893.407571
-8.637715,37,10893.868368
-5.739212,31,10894.243846
-17.701517,128,10895.885531
-2.587038,22,10896.158771
-4.602217,28,10896.501592
-7.74126,38,10896.957276
-11.464761,50,10897.574622
-6.382455,41,10898.08286
-14.371686,97,10899.307818
-14.852326,57,10900.002896
-16.04727,82,10901.042006
-4.264381,26,10901.386224
-12.712797,55,10902.048622
-16.5647,56,10902.773112
-13.079184,52,10903.430354
-7.377462,34,10903.871572
-4.882071,68,10904.724397
-13.788636,68,10905.525895
-7.197618,50,10906.15222
-14.403724,56,10906.907201
-9.395372,38,10907.402912
-15.865775,70,10908.252334
-3.91373,28,10908.57789
-36.837846,300,10912.392708
-3.161548,22,10912.662135
-7.687877,49,10913.273078
-4.507491,32,10913.65722
-5.998787,33,10914.04544
-14.538075,58,10914.749908
-9.947361,39,10915.212555
-9.666653,39,10915.718962
-13.331165,70,10916.652995
-19.390401,75,10917.635463
-4.487953,48,10918.238034
-3.678848,26,10918.545213
-7.918571,40,10919.034308
-10.483735,46,10919.580066
-13.526375,53,10920.221419
-6.332017,36,10920.668954
-11.088231,42,10921.210899
-3.334837,26,10921.547565
-10.869577,56,10922.245971
-7.602406,36,10922.695892
-9.729314,46,10923.261055
-10.782891,61,10924.039932
-5.170291,30,10924.417891
-15.529961,50,10925.076792
-13.722346,55,10925.782157
-7.318393,38,10926.276835
-6.465909,36,10926.741591
-5.38542,33,10927.152618
-5.271423,30,10927.534103
-7.738745,40,10928.034723
-8.057169,39,10928.493468
-12.388815,67,10929.305999
-10.155888,59,10930.026458
-5.280713,35,10930.459754
-3.98304,24,10930.786808
-10.908775,45,10931.397416
-17.527174,227,10934.201505
-4.161972,43,10934.747434
-29.018846,300,10938.472542
-12.095831,51,10939.135739
-14.368343,53,10939.81836
-11.627439,51,10940.428761
-19.460796,57,10941.119631
-17.204394,113,10942.474214
-13.409502,54,10943.21913
-6.378251,38,10943.71281
-8.824537,41,10944.219841
-12.056449,46,10944.806167
-15.513556,70,10945.655971
-4.798912,38,10946.1009
-4.153489,10,10946.219556
-9.547977,61,10946.957265
-21.538355,133,10948.597575
-7.408123,39,10949.064528
-4.969952,10,10949.181213
-14.957444,56,10949.867869
-4.495864,29,10950.227902
-5.289047,29,10950.60155
-4.882762,29,10950.986202
-12.248626,70,10951.901583
-3.79707,29,10952.267535
-3.57324,24,10952.573747
-9.00691,38,10953.057249
-5.632269,38,10953.534946
-9.848642,46,10954.100767
-7.99338,38,10954.589431
-4.864924,42,10955.106078
-15.19115,50,10955.737026
-10.495797,47,10956.329443
-2.657703,21,10956.588512
-37.268372,299,10960.383111
-8.178677,42,10960.924663
-9.171163,46,10961.508713
-16.334217,61,10962.281044
-6.172966,34,10962.696062
-23.463727,182,10965.037856
-12.394398,50,10965.663026
-4.621754,45,10966.229535
-3.13659,22,10966.500463
-9.926729,47,10967.090667
-6.581637,26,10967.434441
-2.557723,21,10967.694434
-17.910132,86,10968.770625
-8.040528,44,10969.382026
-7.469437,43,10969.929562
-8.019577,36,10970.394127
-7.678957,36,10970.845109
-10.167136,45,10971.403615
-2.363964,19,10971.638879
-8.794164,40,10972.141471
-7.288375,49,10972.747673
-15.672951,59,10973.495471
-10.096569,53,10974.155854
-11.190742,64,10974.954846
-31.71278,296,10978.740102
-6.31446,31,10979.122338
-9.97812,51,10979.780144
-15.273292,73,10980.69104
-15.122483,78,10981.665434
-7.639822,47,10982.260545
-3.887113,24,10982.575292
-5.868464,30,10982.945365
-4.785641,29,10983.297453
-36.939651,300,10987.143562
-2.547374,21,10987.406046
-15.364084,57,10988.134896
-7.291848,44,10988.688239
-13.801533,83,10989.738908
-5.03635,32,10990.129848
-12.726097,95,10991.322061
-11.614527,44,10991.886552
-7.383776,36,10992.33109
-2.532002,22,10992.611861
-10.533523,41,10993.131472
-11.452296,49,10993.771917
-6.417463,33,10994.269682
-11.524314,90,10995.416397
-9.202195,38,10995.900842
-4.918998,30,10996.279829
-19.998383,71,10997.184606
-23.350068,95,10998.431116
-21.24179,285,11001.959104
-11.508412,49,11002.567064
-11.662031,51,11003.211006
-10.830867,44,11003.740345
-9.268317,38,11004.19857
-6.579162,33,11004.589268
-6.284607,33,11004.995183
-6.918277,37,11005.5092
-7.327561,36,11005.959269
-7.134886,40,11006.531354
-10.12483,46,11007.093878
-2.805625,22,11007.354181
-9.752648,45,11007.894888
-7.474247,38,11008.349673
-18.115621,58,11009.07402
-4.337388,41,11009.59363
-5.796404,31,11009.996563
-4.350257,33,11010.411109
-12.66773,69,11011.305474
-4.220684,29,11011.674369
-6.808744,34,11012.099684
-12.425778,51,11012.731993
-20.484866,120,11014.23477
-5.212706,28,11014.587797
-11.42337,48,11015.191182
-13.326211,57,11015.95138
-15.32958,62,11016.731036
-14.937412,59,11017.462248
-9.893916,43,11017.965091
-6.054352,32,11018.354903
-9.327572,43,11018.89831
-11.073285,47,11019.521607
-19.347263,67,11020.472177
-3.856056,25,11020.810274
-18.350835,63,11021.610934
-4.49995,39,11022.118591
-8.792103,51,11022.75578
-11.701481,69,11023.571515
-10.910264,20,11023.818411
-8.208566,60,11024.572394
-4.316677,26,11024.899666
-4.121815,36,11025.376373
-6.573331,53,11026.072314
-9.165419,50,11026.726564
-6.597781,36,11027.194857
-5.183283,44,11027.771507
-4.919541,37,11028.210945
-45.160066,300,11031.948753
-8.213123,39,11032.418529
-17.306055,60,11033.127604
-10.729939,62,11033.928414
-3.664708,27,11034.271093
-5.599975,33,11034.693568
-9.062438,65,11035.527256
-10.494887,47,11036.136866
-14.455367,55,11036.885701
-18.891886,124,11038.381565
-27.716343,300,11042.126887
-10.64641,48,11042.737934
-16.558621,54,11043.415258
-13.299893,49,11044.032011
-11.604968,45,11044.650339
-6.19054,53,11045.3167
-3.525712,26,11045.640834
-18.562368,154,11047.576933
-15.622821,47,11048.15068
-12.949181,53,11048.820115
-13.04734,53,11049.47642
-6.804034,37,11049.931175
-10.393719,57,11050.661656
-8.259717,47,11051.269071
-1.989272,18,11051.49985
-19.652348,98,11052.841564
-24.867475,300,11057.001845
-4.728378,30,11057.395791
-4.794584,27,11057.732075
-7.231181,35,11058.168962
-2.22838,19,11058.400752
-9.910162,41,11058.913213
-27.173671,176,11061.075917
-17.887689,67,11061.954567
-14.181074,61,11062.69
-15.060506,83,11063.7163
-21.999075,141,11065.464126
-5.815272,30,11065.837803
-10.499574,50,11066.445175
-7.044641,37,11066.889957
-13.344559,52,11067.527118
-4.509379,33,11067.926706
-14.196284,52,11068.548489
-10.362251,59,11069.260982
-27.185473,300,11073.071789
-6.356992,35,11073.492844
-6.483896,44,11074.022432
-12.661674,50,11074.647494
-4.117097,26,11074.973056
-18.814636,145,11076.762948
-5.602148,33,11077.1672
-17.273715,55,11077.835135
-8.594332,37,11078.288949
-5.276859,33,11078.686715
-10.460457,58,11079.414402
-4.383349,28,11079.76646
-2.554407,20,11080.012711
-22.354804,82,11081.036933
-6.727828,39,11081.57054
-2.826484,22,11081.842987
-12.962447,52,11082.484508
-7.320777,44,11083.02954
-6.468415,36,11083.474974
-18.427348,107,11084.778758
-12.053681,47,11085.36515
-6.976892,33,11085.764969
-7.668312,34,11086.196404
-6.989666,32,11086.589804
-9.571694,45,11087.158588
-6.139633,32,11087.547824
-4.035844,27,11087.891079
-18.430229,134,11089.535774
-3.300385,23,11089.817526
-7.061363,34,11090.233209
-8.857887,37,11090.68708
-18.006655,129,11092.322521
-7.412304,50,11092.931494
-7.000115,34,11093.355478
-16.171614,131,11094.968946
-7.255232,36,11095.40825
-11.832028,53,11096.059841
-5.452189,30,11096.437216
-5.858168,37,11096.887364
-3.261462,23,11097.174176
-7.733674,35,11097.613786
-5.500461,57,11098.310809
-8.418824,52,11098.956084
-5.371757,43,11099.482681
-13.966749,52,11100.113958
-4.657831,47,11100.681813
-6.369613,35,11101.115299
-17.309672,113,11102.580704
-6.215434,60,11103.329792
-12.608428,65,11104.130224
-11.9383,81,11105.127277
-21.533419,93,11106.27571
-7.926935,45,11106.826478
-5.191085,45,11107.397027
-11.168939,43,11107.922963
-16.109753,110,11109.276319
-13.982946,91,11110.392965
-10.459851,47,11110.965277
-8.447947,41,11111.459537
-11.72434,43,11111.985836
-3.322694,23,11112.295009
-5.783786,32,11112.717166
-12.907332,91,11113.848778
-7.97399,41,11114.358379
-4.660463,27,11114.688496
-9.970053,40,11115.196991
-9.463118,80,11116.179966
-11.474462,74,11117.082746
-2.29073,21,11117.333888
-5.317129,29,11117.686008
-3.071923,22,11117.95314
-4.450936,27,11118.291008
-6.31721,30,11118.658311
-20.632263,204,11121.180111
-7.464532,54,11121.836598
-12.042987,50,11122.453062
-6.251219,32,11122.831188
-14.218722,68,11123.725967
-6.068825,40,11124.221545
-13.374547,55,11124.898193
-8.945901,43,11125.419974
-5.058871,34,11125.827749
-19.235052,194,11128.20762
-14.980768,66,11129.018364
-5.500835,29,11129.385235
-5.547088,30,11129.751334
-8.00955,40,11130.242284
-11.078694,50,11130.853363
-5.160107,28,11131.205643
-12.572269,52,11131.847926
-10.954725,42,11132.371678
-19.044265,62,11133.132648
-11.675493,54,11133.862696
-14.358396,49,11134.4646
-18.484621,107,11135.764267
-4.034442,25,11136.079752
-2.533985,21,11136.331023
-11.807488,81,11137.346217
-9.281982,44,11137.884352
-10.885765,44,11138.424654
-13.74923,48,11139.017489
-2.807162,25,11139.324686
-20.968945,251,11142.413145
-13.42624,55,11143.079206
-5.892042,33,11143.478038
-4.899796,27,11143.811721
-2.744725,28,11144.14677
-5.117339,43,11144.681057
-7.378528,50,11145.343635
-6.60902,36,11145.792849
-6.836203,36,11146.229
-8.245846,36,11146.668848
-8.809101,70,11147.52396
-5.213019,51,11148.144997
-7.602697,37,11148.612807
-5.514484,31,11148.992417
-14.487398,124,11150.512697
-4.785394,27,11150.853109
-5.176361,29,11151.208344
-13.111398,48,11151.785045
-12.200365,69,11152.629595
-14.793362,82,11153.635949
-16.08293,56,11154.32238
-13.03127,60,11155.136408
-8.966657,49,11155.753741
-9.41317,45,11156.316687
-6.209751,34,11156.731938
-14.748429,57,11157.428753
-8.944576,40,11157.926423
-7.59554,38,11158.395525
-3.800897,24,11158.684374
-12.223938,82,11159.701769
-15.705219,73,11160.590629
-13.371699,55,11161.282746
-5.965743,30,11161.663156
-8.766059,38,11162.129018
-4.347609,13,11162.289618
-7.788257,53,11162.937855
-7.083857,43,11163.47359
-6.269055,31,11163.857242
-8.691168,57,11164.562493
-7.001767,36,11165.003068
-12.258422,59,11165.735698
-12.888877,74,11166.651808
-7.046929,38,11167.119656
-2.762432,24,11167.413867
-11.500533,50,11168.02949
-5.704499,35,11168.469705
-6.250813,32,11168.854799
-5.521011,29,11169.216033
-5.23756,34,11169.645008
-8.453359,41,11170.140911
-3.069288,22,11170.415173
-11.794036,50,11171.047824
-7.778257,54,11171.714072
-25.937103,300,11175.457889
-10.260914,45,11176.00508
-4.85988,35,11176.43752
-14.107945,186,11178.712475
-4.846072,46,11179.348295
-14.402122,74,11180.258457
-4.443825,38,11180.732162
-14.00327,50,11181.356396
-16.288878,300,11185.055006
-6.406676,36,11185.492284
-8.788282,38,11185.957133
-26.517941,126,11187.485
-12.413847,62,11188.245492
-6.3437,34,11188.652176
-14.668897,71,11189.56931
-6.192389,37,11190.019137
-6.717115,35,11190.44613
-7.983203,38,11190.91951
-15.487176,83,11191.937633
-3.460967,23,11192.220847
-6.201412,39,11192.69568
-7.596156,42,11193.203834
-8.976918,38,11193.668618
-15.816009,92,11194.792991
-16.149593,95,11195.951524
-3.781179,24,11196.253687
-8.09855,80,11197.237058
-9.256183,54,11197.901862
-10.12419,45,11198.456034
-13.149633,87,11199.511812
-4.942798,31,11199.980581
-13.208521,46,11200.547293
-3.767067,38,11201.011082
-8.7823,37,11201.467732
-14.974149,169,11203.543102
-18.041854,114,11204.94095
-9.04389,63,11205.719238
-2.361142,20,11205.970603
-7.911315,44,11206.528114
-13.304859,84,11207.545421
-13.95676,123,11209.052133
-3.036389,23,11209.337342
-6.640306,37,11209.795277
-7.321292,37,11210.296443
-17.226702,74,11211.21246
-7.296956,36,11211.661384
-8.751959,57,11212.366247
-13.369794,58,11213.088339
-7.982306,40,11213.580993
-10.446461,53,11214.236212
-10.688543,50,11214.862379
-6.19513,43,11215.39813
-7.612872,40,11215.882018
-5.690687,54,11216.545743
-5.575278,31,11216.933254
-10.805196,70,11217.790804
-13.718502,54,11218.462367
-7.685089,49,11219.062236
-11.609643,57,11219.76132
-9.710409,40,11220.24901
-8.298178,25,11220.61457
-4.647578,38,11221.073314
-9.061258,55,11221.737536
-6.527528,35,11222.167744
-6.491387,37,11222.61787
-15.064782,55,11223.282463
-4.27562,45,11223.83695
-9.746133,45,11224.393969
-8.005451,38,11224.862301
-6.374632,32,11225.25684
-3.213437,22,11225.522129
-4.864145,38,11225.985497
-3.892236,27,11226.317006
-10.047703,47,11226.889593
-6.400884,40,11227.368698
-5.348498,38,11227.834581
-13.965127,102,11229.088736
-10.692629,49,11229.691644
-10.435122,60,11230.437971
-11.347614,67,11231.307665
-5.774968,31,11231.69094
-9.826869,41,11232.195931
-12.941679,79,11233.174315
-12.77757,56,11233.851794
-10.342401,50,11234.473133
-4.961078,33,11234.86921
-17.214925,125,11236.402827
-9.297403,44,11236.944805
-5.442995,33,11237.361802
-13.065223,96,11238.543293
-12.402681,52,11239.179486
-5.938488,36,11239.622272
-13.76021,60,11240.350576
-16.540504,69,11241.266623
-6.476639,38,11241.74178
-5.499664,33,11242.152328
-6.950816,39,11242.622824
-3.770742,27,11242.94647
-11.059196,63,11243.730866
-19.925904,117,11245.185895
-6.513166,37,11245.642671
-7.462192,42,11246.161419
-12.7019,116,11247.580343
-8.272523,39,11248.057096
-8.210718,45,11248.605836
-14.755478,57,11249.302996
-7.029315,38,11249.771704
-9.150254,71,11250.660939
-8.693117,37,11251.11672
-14.071555,56,11251.837792
-10.213922,59,11252.562423
-12.071118,77,11253.494663
-6.339297,44,11254.033255
-10.00702,47,11254.617044
-5.613719,35,11255.044871
-16.644134,119,11256.515405
-5.617933,77,11257.455169
-9.033469,37,11257.906506
-16.750328,56,11258.601654
-5.258908,28,11258.948723
-13.322248,64,11259.726823
-17.098026,82,11260.718158
-8.605822,75,11261.723968
-6.156539,33,11262.197484
-12.195395,47,11262.79289
-11.670308,134,11264.431262
-4.984347,28,11264.767399
-2.966018,23,11265.047621
-4.540774,30,11265.429424
-8.935034,41,11265.930363
-9.023776,46,11266.504907
-8.818418,50,11267.114474
-10.912582,49,11267.710008
-8.677251,45,11268.268486
-12.316236,51,11268.894575
-7.10957,40,11269.407807
-8.387546,37,11269.853842
-10.914478,50,11270.440898
-13.83473,62,11271.172425
-11.74593,76,11272.205313
-9.740903,43,11272.74947
-7.684956,43,11273.29066
-6.550995,37,11273.739539
-4.650135,41,11274.237743
-14.006668,102,11275.50474
-8.555826,55,11276.177494
-4.776687,27,11276.512512
-18.207185,233,11279.363712
-2.847797,22,11279.639975
-15.680733,59,11280.35888
-3.308276,28,11280.701916
-8.777741,40,11281.189614
-5.129792,28,11281.532568
-3.511473,27,11281.858017
-7.831387,40,11282.411635
-4.913284,27,11282.751727
-4.97011,14,11282.925262
-14.845953,57,11283.625997
-11.116587,41,11284.138492
-3.528946,27,11284.478666
-9.633023,53,11285.118073
-13.861829,65,11285.904243
-10.102054,46,11286.481839
-9.800285,25,11286.783628
-5.916764,36,11287.247357
-17.234309,64,11288.023369
-8.83547,37,11288.477033
-6.542404,34,11288.894152
-12.636507,170,11290.996575
-14.369032,55,11291.676361
-15.193265,93,11292.866401
-3.397279,32,11293.266361
-15.30823,88,11294.354413
-4.22841,37,11294.804709
-8.232758,37,11295.270151
-7.823819,47,11295.838376
-7.432531,38,11296.305574
-17.299014,76,11297.247337
-13.972515,82,11298.266955
-8.815823,42,11298.787096
-6.464491,36,11299.237919
-3.61603,36,11299.672563
-3.250787,30,11300.038553
-7.84763,48,11300.618973
-14.124129,57,11301.331976
-5.037048,28,11301.670629
-12.13089,67,11302.493116
-13.00704,53,11303.186105
-20.233136,268,11306.447218
-16.203816,87,11307.503753
-7.808797,42,11308.028805
-4.477267,35,11308.455663
-9.070112,43,11308.982838
-18.203374,54,11309.632769
-7.013514,52,11310.266075
-5.401341,10,11310.38701
-8.931969,39,11310.857334
-6.87543,58,11311.570785
-5.801167,30,11311.937686
-6.573479,37,11312.394052
-14.964332,58,11313.10065
-2.899567,23,11313.446701
-6.467618,32,11313.831303
-18.504957,100,11315.037197
-5.365335,30,11315.4212
-9.878467,59,11316.137074
-5.056718,34,11316.551988
-10.276698,52,11317.191253
-11.27776,50,11317.830935
-8.861884,42,11318.353821
-8.602759,43,11318.879306
-10.183588,49,11319.487347
-15.88025,50,11320.134806
-7.324086,50,11320.76826
-7.754364,36,11321.258948
-4.356976,34,11321.663865
-11.151902,48,11322.229252
-10.222096,48,11322.830386
-2.867798,21,11323.099188
-16.885463,73,11324.009294
-7.5402,37,11324.454035
-6.345108,36,11324.894045
-8.466035,40,11325.3846
-13.730715,55,11326.058298
-4.75931,33,11326.453272
-11.011572,48,11327.03639
-16.96547,68,11327.888399
-7.250993,66,11328.694674
-11.604482,48,11329.299998
-14.652002,54,11329.951733
-10.618511,49,11330.551129
-7.396642,38,11331.016662
-6.590822,32,11331.428479
-3.819369,25,11331.734662
-4.056565,25,11332.03909
-5.963087,34,11332.453492
-11.430466,48,11333.097414
-16.127004,59,11333.826331
-11.70825,60,11334.579632
-11.586365,48,11335.18385
-9.333946,39,11335.649914
-3.994647,36,11336.082757
-6.146339,30,11336.471688
-13.909224,53,11337.136602
-2.866915,22,11337.4167
-6.890978,38,11337.892408
-9.027042,59,11338.60958
-12.69276,53,11339.268817
-5.344348,33,11339.677771
-11.352859,50,11340.283959
-6.371039,36,11340.721365
-13.455963,51,11341.352886
-5.221477,37,11341.804832
-5.122667,45,11342.354961
-10.592716,49,11342.967324
-4.906702,34,11343.452121
-8.801346,92,11344.587801
-7.890767,39,11345.068487
-4.761689,27,11345.40461
-15.060163,52,11346.054221
-3.130135,25,11346.362417
-15.35311,58,11347.068753
-14.458201,58,11347.792088
-6.015502,34,11348.216143
-5.190354,34,11348.633431
-11.635085,46,11349.18385
-25.179107,300,11352.965277
-14.651735,55,11353.661415
-9.896682,56,11354.379579
-7.903614,35,11354.809401
-11.298288,53,11355.468901
-16.728234,86,11356.543158
-7.027826,41,11357.041501
-4.208224,25,11357.339692
-6.041857,34,11357.760551
-3.530582,27,11358.083717
-9.693668,47,11358.654627
-11.001213,58,11359.360389
-4.125654,28,11359.71325
-16.512171,59,11360.437562
-5.537685,31,11360.824528
-3.353382,24,11361.121317
-15.151244,123,11362.652515
-6.702495,41,11363.203873
-13.425734,73,11364.112789
-13.752197,55,11364.819895
-7.255269,38,11365.283653
-6.029456,44,11365.820289
-5.769018,33,11366.242132
-6.025686,37,11366.70334
-2.821302,21,11366.968233
-5.134491,31,11367.359787
-13.345792,83,11368.373966
-19.470555,83,11369.374879
-5.504892,31,11369.750971
-10.032305,48,11370.337548
-5.84024,33,11370.738081
-7.831442,35,11371.170703
-5.180483,44,11371.717345
-11.648328,49,11372.339681
-6.17705,30,11372.699718
-9.975278,66,11373.587682
-8.433917,46,11374.149881
-4.061765,34,11374.586884
-3.198925,22,11374.858953
-5.112203,28,11375.193352
-3.477842,23,11375.474117
-17.596581,140,11377.201158
-7.671675,80,11378.191458
-8.240798,43,11378.731299
-10.371275,58,11379.410786
-10.804756,54,11380.03714
-6.76819,35,11380.440569
-4.384546,28,11380.786644
-18.995502,67,11381.606237
-3.052681,24,11381.907966
-9.634484,58,11382.632972
-12.699906,48,11383.27966
-3.191675,24,11383.585553
-11.66662,49,11384.192101
-5.13807,30,11384.552033
-5.040702,30,11384.928032
-5.807921,34,11385.332973
-9.254816,47,11385.909407
-3.077498,37,11386.36412
-4.145248,25,11386.677803
-11.717364,50,11387.299971
-5.245168,31,11387.690926
-9.545272,45,11388.255415
-5.763817,30,11388.618153
-9.9804,39,11389.107943
-12.668364,53,11389.755928
-12.733749,57,11390.474912
-9.408434,44,11391.024546
-14.754552,140,11392.774877
-10.07772,48,11393.426162
-20.02287,71,11394.314233
-12.897392,52,11394.959827
-4.257196,29,11395.327318
-16.253475,54,11396.0049
-6.693695,40,11396.523802
-16.109131,54,11397.196005
-6.733339,40,11397.702467
-5.260752,33,11398.115615
-16.229962,300,11401.791926
-6.64314,54,11402.500313
-9.372092,51,11403.141298
-3.524475,26,11403.462953
-3.10749,22,11403.73883
-4.32667,26,11404.062548
-13.953893,52,11404.729548
-12.672126,62,11405.490221
-8.950621,43,11406.025496
-12.77916,58,11406.739028
-2.877805,23,11407.023125
-8.561228,53,11407.681455
-12.348639,55,11408.377139
-5.473452,47,11408.953027
-14.994895,86,11410.023546
-3.887447,28,11410.377141
-8.094971,46,11410.936644
-3.401653,29,11411.296235
-6.037328,30,11411.679075
-16.165387,117,11413.190313
-3.923906,31,11413.577308
-7.60292,34,11413.987784
-13.116144,55,11414.681765
-9.862299,43,11415.218396
-8.030865,51,11415.868658
-4.222403,25,11416.181819
-10.214257,40,11416.67704
-9.929165,44,11417.213487
-4.680664,26,11417.546591
-17.537649,70,11418.403569
-9.493621,70,11419.332294
-10.636409,49,11419.976707
-14.650744,71,11420.897992
-4.420271,28,11421.265085
-14.727575,51,11421.975317
-13.437983,52,11422.647572
-6.348919,33,11423.059463
-15.94159,58,11423.848256
-4.692711,26,11424.173387
-3.670745,26,11424.507523
-8.396081,48,11425.172385
-3.613903,30,11425.541398
-16.771637,93,11426.730138
-3.154703,36,11427.17969
-3.613769,25,11427.494309
-10.356429,69,11428.346213
-16.56943,64,11429.235188
-2.445661,25,11429.534363
-10.752169,42,11430.046992
-9.184277,39,11430.535685
-9.510429,54,11431.285275
-4.225116,29,11431.65327
-4.163661,28,11431.997045
-7.359657,34,11432.409969
-11.641605,56,11433.104909
-5.920643,33,11433.567672
-4.349018,48,11434.147548
-5.771571,35,11434.594916
-5.757897,95,11435.767517
-4.72094,44,11436.317848
-13.822133,55,11437.000601
-9.155249,38,11437.462336
-5.747218,85,11438.500504
-3.463571,23,11438.793803
-12.406709,52,11439.431972
-13.511601,55,11440.110439
-5.747101,39,11440.597137
-10.564171,43,11441.123286
-5.572487,31,11441.508286
-10.158771,54,11442.164989
-7.627439,38,11442.629921
-5.902335,36,11443.093681
-5.549887,31,11443.51252
-18.952959,101,11444.756975
-9.720437,44,11445.326532
-11.853475,83,11446.368602
-14.434654,52,11447.007484
-3.917027,25,11447.321904
-15.697851,58,11448.031216
-15.058573,210,11450.622898
-7.424116,34,11451.041808
-10.853478,41,11451.551273
-3.886584,25,11451.858006
-3.656746,25,11452.162167
-3.735369,27,11452.504251
-10.158482,46,11453.148533
-11.348387,49,11453.752513
-5.443483,30,11454.128484
-9.837362,57,11454.833022
-28.200956,300,11458.601444
-5.70593,33,11459.028456
-15.70037,58,11459.80914
-36.334234,300,11463.556532
-8.378028,50,11464.181655
-8.546558,44,11464.694848
-13.013725,53,11465.327127
-5.558757,43,11465.829802
-6.450732,49,11466.457657
-4.921276,27,11466.824502
-5.234621,32,11467.239835
-6.789326,52,11467.887667
-4.820264,45,11468.452204
-14.222452,59,11469.190056
-8.307206,38,11469.667189
-6.136055,31,11470.051194
-5.681285,29,11470.407969
-21.863594,76,11471.336056
-23.61722,135,11472.993824
-9.609588,71,11473.929482
-19.418859,58,11474.63913
-2.233648,22,11474.90447
-11.944425,52,11475.556874
-12.374292,51,11476.1944
-8.957653,51,11476.832048
-19.050988,60,11477.61486
-3.638585,26,11477.931014
-14.973545,80,11478.949153
-14.064111,54,11479.714024
-8.160532,66,11480.520869
-8.607114,37,11480.981279
-12.271498,57,11481.695587
-9.350542,127,11483.268359
-12.655817,51,11483.959537
-8.526767,48,11484.56868
-12.885514,85,11485.641125
-18.03127,94,11486.859471
-3.06744,24,11487.161467
-5.863898,11,11487.293115
-7.380521,42,11487.811728
-8.74959,52,11488.450199
-14.213949,58,11489.159343
-9.014371,39,11489.648852
-6.788155,35,11490.077845
-17.5327,55,11490.756134
-15.581551,65,11491.569414
-8.709035,49,11492.184572
-5.979081,46,11492.762633
-6.332569,34,11493.181646
-16.494587,98,11494.389501
-7.273329,17,11494.594373
-18.908831,196,11497.054984
-13.992512,147,11498.89374
-12.504235,86,11499.973457
-7.309999,52,11500.611293
-5.312645,40,11501.107696
-5.136575,40,11501.594458
-10.303811,53,11502.246241
-5.865976,37,11502.754881
-5.796972,30,11503.125436
-7.720925,36,11503.567225
-13.209974,63,11504.340228
-11.903485,50,11504.94552
-12.704659,51,11505.578827
-5.343238,30,11505.970778
-3.105354,42,11506.493044
-16.388174,67,11507.332353
-8.087705,56,11508.031063
-11.032455,46,11508.596699
-8.752716,43,11509.122321
-10.198725,45,11509.67758
-6.723849,33,11510.094865
-4.860195,31,11510.472818
-9.358503,42,11511.000162
-16.877021,57,11511.705418
-6.27002,31,11512.179197
-3.934885,27,11512.528744
-15.796164,57,11513.234436
-6.359437,36,11513.685229
-15.39717,55,11514.366561
-8.92528,44,11514.905092
-10.729341,51,11515.543921
-4.185405,30,11515.915853
-3.794718,28,11516.257908
-2.736771,24,11516.553799
-15.649401,76,11517.507158
-14.784221,65,11518.31785
-8.608941,40,11518.813198
-14.932906,95,11519.981638
-13.87989,52,11520.627905
-8.521798,24,11520.994783
-11.061858,27,11521.318916
-12.776533,69,11522.176833
-5.505658,32,11522.584742
-30.219011,300,11526.296744
-6.131017,38,11526.779452
-10.146493,42,11527.296148
-9.116672,43,11527.824725
-3.846381,28,11528.168177
-14.103719,113,11529.577532
-9.425119,53,11530.238263
-3.757311,21,11530.531479
-10.638137,47,11531.133757
-10.415919,42,11531.651662
-13.744398,54,11532.309718
-2.608931,22,11532.603956
-9.894396,48,11533.190459
-2.478539,20,11533.438823
-12.998999,75,11534.350357
-8.181192,40,11534.834092
-16.395597,57,11535.535479
-11.102834,45,11536.094531
-4.625628,30,11536.459586
-7.986797,39,11536.944324
-6.645273,32,11537.3378
-8.907492,70,11538.204935
-3.80098,26,11538.523115
-10.044674,39,11539.00353
-23.010551,185,11541.330047
-8.418999,43,11541.861206
-5.841216,34,11542.287089
-16.077488,81,11543.305723
-7.702946,38,11543.764306
-17.346042,103,11545.042757
-8.030309,39,11545.527046
-7.895326,47,11546.12415
-17.075618,87,11547.193026
-7.374125,39,11547.670413
-7.735795,61,11548.412816
-4.163212,35,11548.859621
-8.683924,42,11549.376509
-11.672513,60,11550.127594
-13.594781,66,11551.005039
-24.789764,264,11554.317811
-4.053674,53,11554.965651
-9.123004,39,11555.484848
-6.121198,31,11555.883597
-10.670541,47,11556.490188
-4.461895,29,11556.861197
-15.049005,66,11557.690377
-6.63805,36,11558.133528
-5.736818,36,11558.576643
-7.959948,43,11559.105064
-12.692488,50,11559.712944
-12.669275,52,11560.344148
-13.720034,82,11561.405095
-10.624802,49,11562.031803
-8.531851,46,11562.607224
-6.043549,45,11563.199287
-8.83053,38,11563.666039
-17.097334,77,11564.674898
-2.420648,21,11564.943376
-30.046577,300,11568.665854
-18.706158,111,11570.045083
-8.940967,92,11571.199039
-5.528274,33,11571.661947
-6.135892,33,11572.070085
-3.663605,14,11572.245616
-4.748271,29,11572.617687
-11.410319,53,11573.279522
-11.065847,74,11574.222001
-4.89449,36,11574.679778
-14.485673,110,11576.072391
-8.022425,37,11576.549801
-13.063747,53,11577.231043
-3.200646,25,11577.559683
-4.966944,28,11577.911271
-10.140557,54,11578.583051
-9.798655,46,11579.151057
-4.17051,26,11579.478485
-5.736241,12,11579.628086
-15.123395,58,11580.404087
-9.158969,41,11580.994508
-10.708616,71,11581.875818
-10.751461,48,11582.46617
-4.254935,26,11582.803322
-10.696094,49,11583.421626
-6.545875,32,11583.832377
-13.317083,58,11584.548599
-6.020403,35,11584.987628
-6.474829,35,11585.453382
-19.376089,100,11586.765486
-7.185739,34,11587.204165
-8.268346,87,11588.338241
-3.044664,24,11588.648062
-4.578797,46,11589.247918
-6.648604,34,11589.688202
-9.224338,43,11590.291461
-16.153186,91,11591.44761
-11.271948,49,11592.072373
-5.715034,52,11592.728856
-4.311762,40,11593.242655
-2.060809,19,11593.487001
-6.677233,39,11593.987929
-3.643022,26,11594.371902
-9.125568,39,11594.875857
-8.139859,43,11595.43094
-10.357197,47,11596.031625
-8.373165,42,11596.554253
-10.13071,73,11597.465789
-9.418052,51,11598.11533
-8.511817,61,11598.874741
-13.763073,54,11599.547834
-11.750998,98,11600.753317
-5.257735,28,11601.093407
-14.201292,52,11601.825626
-9.367564,44,11602.372455
-8.742496,64,11603.166923
-12.200695,51,11603.817479
-12.599137,50,11604.451957
-12.783068,53,11605.098023
-7.349694,38,11605.568618
-6.847353,36,11606.00947
-10.197172,47,11606.588464
-6.540023,37,11607.040557
-12.105315,50,11607.655782
-10.667985,53,11608.298621
-11.220488,41,11608.80294
-14.913902,58,11609.519663
-28.112771,300,11613.408619
-9.654972,69,11614.231551
-7.103949,33,11614.63029
-7.182177,65,11615.436919
-16.384871,84,11616.513167
-14.246368,69,11617.393115
-11.570414,97,11618.580601
-5.885951,37,11619.011849
-15.428731,124,11620.636209
-11.761917,52,11621.305798
-6.262612,36,11621.753895
-11.892027,49,11622.335482
-3.201484,23,11622.612741
-16.593934,108,11623.915559
-10.646409,60,11624.740954
-3.269455,24,11625.045284
-7.451907,66,11625.909275
-8.574911,47,11626.496034
-7.590161,41,11627.009631
-8.472209,46,11627.580448
-9.172604,44,11628.199871
-6.165667,41,11628.71762
-9.126917,44,11629.259172
-13.71479,60,11629.978317
-9.098065,37,11630.426081
-6.888891,36,11630.851808
-29.629296,198,11633.370934
-10.772571,58,11634.131088
-8.67719,44,11634.774555
-4.928154,33,11635.219765
-12.950611,51,11635.893148
-11.39225,43,11636.421955
-7.305254,35,11636.836446
-6.666557,37,11637.279652
-4.850096,29,11637.619866
-6.118252,33,11638.031765
-7.467449,40,11638.547665
-7.741914,35,11638.99338
-13.416932,47,11639.578882
-7.396254,36,11640.029862
-5.702427,49,11640.653695
-15.643494,80,11641.687315
-10.024182,40,11642.193439
-15.263819,64,11643.033219
-16.15685,58,11643.742121
-13.521049,72,11644.643877
-10.964,68,11645.515192
-37.320365,300,11649.204355
-19.174404,113,11650.680308
-14.982099,132,11652.327916
-8.808515,45,11652.906555
-19.077854,157,11654.918706
-2.318044,21,11655.195508
-17.952723,49,11655.839811
-11.042657,46,11656.403305
-15.899509,90,11657.546059
-11.533964,50,11658.219299
-25.867659,222,11661.007533
-9.875761,40,11661.519677
-7.877755,36,11661.992441
-10.909493,42,11662.543651
-2.33686,20,11662.793981
-6.985424,38,11663.25592
-15.472989,83,11664.262699
-10.811191,49,11664.889054
-15.336315,58,11665.691085
-8.853991,44,11666.260396
-6.239987,35,11666.714559
-3.763108,24,11667.026722
-6.535542,34,11667.456917
-7.856638,35,11667.9079
-2.690483,30,11668.314481
-17.157066,206,11670.849943
-5.024443,59,11671.544218
-8.234194,44,11672.174705
-8.744271,37,11672.652323
-14.699519,81,11673.668443
-11.000426,31,11674.050421
-6.895175,38,11674.519198
-8.813257,42,11675.052816
-5.979569,31,11675.445739
-6.381779,31,11675.853097
-9.404841,45,11676.428726
-3.30423,22,11676.711968
-6.538409,45,11677.255865
-10.24689,75,11678.225092
-14.266118,50,11678.853442
-3.087655,22,11679.137706
-6.76292,49,11679.778862
-7.131399,35,11680.230597
-7.753557,55,11680.911186
-18.597958,127,11682.489984
-6.024343,36,11682.921448
-2.868914,32,11683.314135
-16.552683,60,11684.136964
-23.29933,197,11686.721266
-5.257946,28,11687.083298
-15.183435,57,11687.778251
-2.306069,21,11688.033567
-6.0998,33,11688.420532
-8.143362,40,11688.915392
-14.373043,231,11691.870357
-7.54254,50,11692.441612
-4.252406,27,11692.750906
-4.052138,24,11693.024146
-8.836537,54,11693.706456
-15.511385,77,11694.687272
-15.018675,55,11695.446553
-13.156392,52,11696.134516
-5.233123,33,11696.588304
-11.561087,50,11697.298403
-4.280075,25,11697.630516
-5.756304,33,11698.078317
-6.823662,59,11698.869825
-12.155746,75,11699.914018
-8.7749,43,11700.451679
-5.45468,43,11700.984572
-3.661909,25,11701.28776
-3.365942,23,11701.576567
-17.688297,86,11702.634406
-15.102954,56,11703.31153
-5.046089,34,11703.734828
-11.579964,49,11704.329734
-7.077937,39,11704.837957
-17.963423,288,11708.408302
-6.181168,35,11708.852035
-11.036344,47,11709.436503
-5.592105,40,11709.930524
-11.237069,63,11710.702314
-17.12177,54,11711.37506
-7.771958,38,11711.845318
-5.445791,31,11712.23377
-8.005266,42,11712.747653
-8.818013,41,11713.308648
-15.806671,58,11714.027964
-8.04421,40,11714.588465
-4.375123,32,11715.062646
-16.957897,104,11716.340697
-9.732917,42,11716.852672
-4.859163,31,11717.234517
-6.617841,35,11717.661716
-4.861368,36,11718.09669
-16.669685,83,11719.109509
-5.279096,30,11719.475873
-9.509859,44,11720.012779
-5.825334,57,11720.722851
-16.225027,63,11721.524653
-6.061176,34,11721.934346
-14.661547,50,11722.552285
-3.367017,35,11722.9935
-14.094752,86,11724.181552
-8.254865,104,11725.444803
-2.630764,29,11725.792559
-2.733752,21,11726.049595
-4.325714,29,11726.402599
-3.10231,23,11726.69389
-2.98829,24,11726.995762
-15.315005,57,11727.692874
-4.283791,30,11728.06302
-9.131116,59,11728.787307
-6.517369,37,11729.240681
-6.835197,35,11729.676282
-12.994509,53,11730.314837
-4.081206,29,11730.678574
-23.558768,150,11732.515186
-11.86916,47,11733.109267
-10.369041,57,11733.814159
-8.242711,41,11734.366686
-7.043442,51,11734.975617
-7.198603,38,11735.455386
-19.743348,59,11736.180867
-39.837229,300,11739.898092
-9.460853,57,11740.592724
-5.074935,28,11740.934105
-7.222718,35,11741.356885
-14.097823,55,11742.032196
-14.118909,60,11742.755238
-5.508082,31,11743.141861
-9.680215,58,11743.846363
-6.818261,38,11744.367564
-8.01244,41,11744.869916
-16.070227,88,11745.960788
-8.476587,38,11746.423622
-3.114307,23,11746.708852
-4.902704,30,11747.078212
-5.536689,31,11747.455204
-5.643149,33,11747.871597
-12.714783,59,11748.580681
-8.250565,42,11749.099299
-4.398569,28,11749.451985
-2.783477,34,11749.85885
-10.013412,47,11750.438207
-6.135395,49,11751.03956
-9.936977,46,11751.610243
-8.626755,42,11752.128275
-10.392851,47,11752.706337
-9.047124,44,11753.256856
-8.490972,46,11753.822925
-14.005421,101,11755.10093
-4.855663,27,11755.453032
-11.300847,48,11756.037538
-3.657151,28,11756.383026
-7.740669,53,11757.040097
-5.614266,34,11757.459009
-2.831221,22,11757.734154
-7.459424,34,11758.145618
-13.250029,52,11758.806953
-5.767244,32,11759.199744
-6.427032,46,11759.775993
-7.609525,37,11760.233578
-7.965818,36,11760.670258
-33.072341,292,11764.260351
-14.777174,58,11764.961441
-4.970322,32,11765.343419
-13.455028,51,11765.968723
-5.878812,35,11766.461061
-4.639395,28,11766.804665
-3.983488,30,11767.179043
-14.156688,54,11767.839306
-14.532409,58,11768.549761
-7.595937,35,11768.977995
-9.770499,56,11769.682187
-10.203331,41,11770.182849
-3.389775,24,11770.474952
-3.138635,23,11770.752897
-13.882669,74,11771.675357
-5.257441,28,11772.034037
-10.785818,49,11772.636602
-7.715584,37,11773.085286
-3.956581,27,11773.417004
-2.624227,22,11773.685729
-10.478974,52,11774.362192
-8.430901,51,11774.978315
-14.927163,63,11775.760559
-8.016329,53,11776.401175
-7.386667,37,11776.848949
-7.758652,34,11777.276503
-8.882026,38,11777.74882
-7.9772,40,11778.238829
-6.943039,46,11778.802979
-7.493429,43,11779.328682
-9.947738,42,11779.838793
-6.136075,46,11780.416655
-8.826529,42,11780.921443
-18.662345,81,11781.910512
-6.687701,35,11782.339975
-5.562773,59,11783.083335
-4.277652,28,11783.421555
-6.756216,17,11783.624799
-6.346632,34,11784.048898
-9.757594,88,11785.13235
-5.58645,31,11785.583144
-9.784824,46,11786.148774
-12.253669,54,11786.815433
-2.679065,22,11787.082066
-4.626576,28,11787.424822
-6.034001,34,11787.861869
-6.383176,35,11788.29618
-9.070099,39,11788.766897
-17.441542,80,11789.771244
-13.065601,63,11790.544422
-10.537444,42,11791.050159
-15.559576,81,11792.056612
-6.463216,34,11792.476489
-9.945222,47,11793.058267
-4.866614,27,11793.390347
-8.688326,37,11793.853667
-10.131687,49,11794.457231
-10.071714,46,11795.02189
-8.024602,41,11795.524479
-6.530823,65,11796.313173
-8.09767,38,11796.833749
-6.037856,38,11797.290934
-16.750844,89,11798.405601
-5.065592,51,11799.029119
-4.08872,30,11799.402433
-10.19473,57,11800.106362
-8.750552,52,11800.751586
-4.821066,27,11801.088655
-2.706571,20,11801.341236
-6.448219,33,11801.753511
-13.263579,73,11802.658168
-9.638097,46,11803.226391
-12.55964,74,11804.133081
-17.019982,96,11805.32419
-2.457478,20,11805.567808
-2.483012,22,11805.842045
-15.583688,92,11806.994447
-13.273965,54,11807.723469
-14.305586,52,11808.366948
-6.417426,34,11808.77408
-8.247177,59,11809.503753
-3.600073,25,11809.811454
-4.255388,25,11810.12824
-11.488833,104,11811.401727
-7.216316,75,11812.324471
-15.814591,52,11812.967059
-5.117159,60,11813.702807
-5.891519,55,11814.389116
-4.869891,27,11814.726214
-7.513711,35,11815.153773
-12.793815,50,11815.765475
-5.268346,31,11816.139317
-7.624739,38,11816.61975
-6.989925,68,11817.440007
-12.27263,51,11818.074096
-6.959058,37,11818.521837
-12.552954,48,11819.14519
-16.315202,72,11820.048832
-15.361622,56,11820.733114
-7.009937,33,11821.139005
-15.065885,109,11822.489877
-7.198572,49,11823.082447
-8.260909,40,11823.582298
-14.641093,61,11824.32336
-15.50935,56,11825.015673
-4.369215,37,11825.476189
-8.060372,45,11826.015672
-15.774923,58,11826.747504
-15.212599,68,11827.573748
-14.362376,76,11828.50855
-5.935312,31,11828.898456
-14.861387,86,11829.9536
-9.452795,55,11830.695616
-10.146295,68,11831.532357
-4.533161,26,11831.86028
-5.156259,35,11832.305213
-5.369109,33,11832.709837
-3.382896,23,11832.987107
-14.467258,55,11833.657268
-12.726346,53,11834.349887
-9.004454,38,11834.822203
-3.02326,23,11835.101456
-11.182424,49,11835.700111
-14.451374,54,11836.427416
-8.138213,48,11837.023854
-9.694009,58,11837.750909
-3.952311,29,11838.120302
-3.637364,41,11838.623952
-8.216124,69,11839.472785
-8.372185,59,11840.198739
-14.895475,70,11841.079889
-7.265722,35,11841.485954
-5.46848,31,11841.864512
-4.059775,28,11842.190639
-11.77825,67,11842.975532
-3.07133,24,11843.264758
-9.690383,62,11844.042727
-16.348713,59,11844.771298
-3.577038,26,11845.09244
-34.612057,300,11848.814008
-6.939757,37,11849.276875
-13.374141,52,11849.910756
-6.265402,32,11850.308098
-4.953989,31,11850.692052
-11.154099,48,11851.27706
-10.72283,63,11852.064565
-5.198773,32,11852.463473
-3.400478,23,11852.741834
-14.446859,51,11853.364785
-3.565758,28,11853.708274
-20.858388,113,11855.09381
-11.868453,63,11855.867349
-10.821284,41,11856.381149
-8.628835,47,11857.016675
-6.830934,35,11857.447018
-8.950162,39,11857.92673
-9.806674,47,11858.496183
-4.941169,30,11858.8541
-21.152419,110,11860.182046
-4.427029,26,11860.506669
-14.267502,53,11861.156677
-12.727813,53,11861.813903
-5.207828,40,11862.294503
-9.74206,46,11862.863427
-3.272467,14,11863.031902
-15.453476,57,11863.734452
-7.518164,34,11864.149477
-2.792534,32,11864.556401
-10.317157,52,11865.197343
-9.920355,46,11865.752756
-5.069105,30,11866.124365
-8.04316,68,11866.967801
-16.60961,95,11868.227941
-13.791326,54,11868.914694
-14.685502,70,11869.764897
-7.41646,46,11870.332378
-26.718978,267,11873.54998
-4.920705,28,11873.886402
-21.356998,300,11877.591363
-25.752712,296,11881.303918
-4.999259,30,11881.672647
-7.586134,62,11882.447516
-3.340596,10,11882.586115
-8.098275,36,11883.02073
-4.326424,43,11883.542626
-9.19796,42,11884.071048
-6.121574,32,11884.464346
-12.084583,48,11885.068234
-10.193111,43,11885.585596
-3.451139,26,11885.902226
-13.323535,54,11886.576861
-8.051769,59,11887.291893
-9.836844,49,11887.890368
-12.328894,60,11888.688481
-14.45717,55,11889.367165
-10.287887,58,11890.095607
-15.461445,47,11890.698025
-4.288897,35,11891.130203
-4.634283,39,11891.600972
-10.78385,67,11892.463874
-9.809764,64,11893.217512
-7.794225,39,11893.668045
-4.002279,42,11894.159276
-10.609991,63,11894.94156
-18.613816,94,11896.105575
-8.448379,52,11896.761393
-6.541811,50,11897.387755
-19.401832,70,11898.254523
-3.996391,33,11898.737791
-10.160684,41,11899.240806
-13.240858,52,11899.892535
-13.956471,48,11900.480296
-8.430217,36,11900.933918
-4.783059,30,11901.305367
-14.876717,54,11901.964604
-2.579085,21,11902.219772
-11.984604,104,11903.486864
-6.861953,34,11903.913311
-10.771599,65,11904.722733
-11.457097,44,11905.264504
-18.510957,63,11906.055397
-9.859779,48,11906.651858
-15.057242,55,11907.317482
-23.901005,300,11911.08877
-6.45481,31,11911.46777
-31.601325,300,11915.150749
-8.255174,37,11915.605392
-13.33103,53,11916.242077
-26.959891,270,11919.629834
-4.436858,32,11920.014392
-7.796752,36,11920.455312
-8.907929,43,11920.988914
-18.517503,135,11922.659865
-17.277993,70,11923.52131
-6.57986,34,11923.930827
-4.44622,29,11924.300732
-3.765286,26,11924.617883
-16.69415,50,11925.21853
-8.033721,40,11925.730166
-9.196207,62,11926.485542
-15.376511,54,11927.153996
-8.190661,55,11927.847097
-3.941054,25,11928.158849
-14.928628,94,11929.317806
-5.687994,33,11929.721536
-8.834296,42,11930.307936
-3.085472,26,11930.616253
-6.564895,34,11931.04179
-5.807491,30,11931.408596
-16.364951,50,11932.016969
-3.117217,39,11932.49572
-7.448738,36,11932.941321
-5.144629,30,11933.30834
-6.415767,35,11933.735359
-9.577808,39,11934.207291
-19.446827,66,11935.002005
-12.550261,90,11936.113209
-27.441914,110,11937.452452
-10.546129,76,11938.387646
-3.483046,25,11938.690618
-8.903747,37,11939.16731
-17.516232,97,11940.36318
-3.695086,37,11940.882012
-9.12271,52,11941.520963
-2.421556,21,11941.774318
-6.821623,43,11942.301637
-2.201537,20,11942.549943
-12.526833,73,11943.446164
-13.506328,68,11944.281158
-6.360782,35,11944.700343
-6.166372,59,11945.428135
-8.792162,50,11946.036705
-8.20648,39,11946.515308
-2.907806,23,11946.795555
-5.039921,31,11947.170523
-3.108178,25,11947.483856
-13.390364,69,11948.320949
-5.362893,33,11948.725891
-5.992304,12,11948.871502
-10.748221,48,11949.472784
-2.076269,20,11949.71916
-14.758411,62,11950.473341
-3.987192,26,11950.786802
-6.214639,33,11951.245704
-14.307679,81,11952.245311
-6.050819,31,11952.629932
-9.131404,40,11953.128604
-3.646628,26,11953.438911
-3.702693,26,11953.756857
-9.681875,52,11954.395605
-22.005467,110,11955.730376
-4.21387,30,11956.098416
-4.176824,26,11956.41661
-16.041022,55,11957.086242
-9.722332,46,11957.654713
-7.792005,38,11958.129384
-18.202016,110,11959.477752
-15.003245,62,11960.235727
-10.106887,47,11960.809755
-9.24218,37,11961.264538
-7.047698,68,11962.165971
-16.122293,57,11962.869364
-10.618837,105,11964.16474
-9.712155,58,11964.880825
-16.239978,60,11965.60632
-4.975965,28,11965.953369
-6.544809,34,11966.372225
-10.860233,52,11967.006414
-9.038687,54,11967.673206
-10.886239,48,11968.26263
-12.471177,54,11968.921542
-6.546506,33,11969.3303
-10.889314,46,11969.901515
-4.986477,31,11970.275846
-7.207135,38,11970.74371
-11.394403,91,11971.890725
-5.429927,37,11972.406194
-13.186846,53,11973.057871
-11.913879,78,11974.005993
-10.717206,57,11974.713536
-8.540206,49,11975.313677
-10.665654,48,11975.900109
-6.480168,34,11976.313789
-7.947233,57,11977.012481
-5.815446,32,11977.406777
-3.676394,28,11977.756843
-11.985483,44,11978.295984
-9.295029,45,11978.857059
-7.420461,37,11979.309603
-10.035127,39,11979.78588
-10.384632,42,11980.302323
-8.627186,43,11980.831431
-33.258733,300,11984.57216
-6.549278,36,11985.026338
-11.710369,76,11985.968256
-18.674854,143,11987.725931
-4.550533,33,11988.126341
-14.801456,50,11988.738785
-7.603772,53,11989.390073
-16.650608,113,11990.769111
-2.422447,21,11991.02879
-5.92783,51,11991.652817
-17.386732,54,11992.318994
-15.359385,87,11993.453996
-8.790812,42,11993.971791
-3.922853,24,11994.275309
-8.97511,37,11994.731321
-10.323083,46,11995.290282
-10.198698,39,11995.777438
-17.804308,102,11997.002337
-4.126519,10,11997.12646
-14.438363,53,11997.778718
-6.384634,35,11998.211133
-16.387329,114,11999.62767
-10.636461,43,12000.150272
-36.608823,300,12003.896031
-13.633963,55,12004.560694
-8.001388,38,12005.024453
-11.321398,46,12005.580029
-3.172955,24,12005.874242
-4.686095,28,12006.229042
-15.893712,58,12006.934745
-13.878087,72,12007.801143
-6.632198,33,12008.207057
-9.179989,45,12008.750179
-10.751197,41,12009.255411
-8.106254,37,12009.695261
-29.592388,300,12013.382131
-3.952497,38,12013.838181
-5.036928,31,12014.274985
-23.755523,146,12016.066034
-9.926626,39,12016.527799
-11.768515,51,12017.152681
-7.703283,23,12017.43194
-6.888003,44,12017.969473
-10.335513,46,12018.553767
-17.920026,92,12019.70564
-3.678887,29,12020.072658
-22.412424,143,12021.877939
-14.298973,56,12022.54014
-9.934663,46,12023.098846
-8.696259,41,12023.620453
-6.598954,41,12024.116412
-16.503125,92,12025.247234
-4.471428,27,12025.55676
-16.977547,55,12026.246096
-9.145984,37,12026.710765
-8.50746,73,12027.614676
-7.448491,35,12028.039132
-18.509044,125,12029.577702
-10.867294,119,12031.043555
-10.783722,49,12031.634747
-5.329156,34,12032.062909
-5.376948,29,12032.416428
-11.28221,53,12033.067636
-15.442826,70,12033.928909
-16.401046,145,12035.757136
-7.049421,44,12036.300453
-10.704556,56,12037.021483
-7.905633,35,12037.444321
-11.584002,51,12038.061531
-17.719185,80,12039.040666
-3.045532,23,12039.327362
-10.15883,100,12040.552855
-12.480918,53,12041.204148
-3.039038,25,12041.519305
-7.425831,108,12042.845824
-14.639524,58,12043.553928
-10.684956,48,12044.134599
-8.027359,34,12044.543547
-4.851987,33,12044.948019
-16.062079,74,12045.902411
-9.302502,53,12046.551748
-11.236799,49,12047.146158
-15.435707,58,12047.84527
-8.905268,39,12048.327964
-8.006566,62,12049.072094
-21.29616,132,12050.693027
-13.899771,58,12051.404842
-7.648153,49,12052.008851
-9.605577,23,12052.296631
-9.437071,44,12052.828234
-8.645609,103,12054.105323
-8.342569,74,12055.006736
-4.062775,26,12055.319555
-14.758658,58,12056.088743
-7.08491,34,12056.500668
-7.183063,45,12057.063283
-9.505398,43,12057.588849
-12.292378,72,12058.468358
-5.460924,34,12058.880629
-16.137582,59,12059.610042
-5.491918,45,12060.150572
-7.344644,45,12060.698342
-10.620345,41,12061.210168
-8.812501,42,12061.722773
-8.667568,55,12062.404448
-11.45542,52,12063.043744
-12.509918,111,12064.392763
-14.810475,57,12065.101903
-7.934311,39,12065.585651
-13.341747,53,12066.292862
-9.937359,48,12066.877795
-18.4939,75,12067.805037
-10.336849,94,12068.959967
-9.121933,45,12069.52745
-22.450335,181,12071.739264
-4.256073,42,12072.259872
-12.160528,54,12072.920873
-13.827551,81,12073.905646
-4.867037,30,12074.281555
-5.868234,29,12074.637642
-4.338078,44,12075.221282
-13.965473,57,12075.99421
-9.470806,54,12076.680336
-15.810265,72,12077.557316
-9.399524,57,12078.207958
-7.413742,44,12078.715721
-18.040808,90,12079.851748
-7.182426,68,12080.687229
-4.196223,25,12081.005644
-3.249525,25,12081.320556
-14.336622,62,12082.083546
-3.307534,23,12082.361702
-10.887285,41,12082.863869
-21.253919,138,12084.564137
-10.279861,53,12085.221888
-9.784349,70,12086.070995
-16.720327,249,12089.185228
-13.80719,48,12089.774679
-11.449511,96,12090.952896
-4.201026,25,12091.264064
-9.77508,45,12091.810816
-4.581532,58,12092.53196
-7.156536,50,12093.143382
-5.056758,31,12093.529834
-16.447318,90,12094.622436
-13.571334,72,12095.497762
-7.284275,42,12096.004208
-5.771887,48,12096.597893
-15.41239,103,12097.931742
-5.085136,34,12098.359581
-7.768517,35,12098.787438
-3.886484,45,12099.343949
-13.481391,57,12100.043009
-4.958734,59,12100.773882
-13.476381,52,12101.406268
-6.72333,38,12101.870265
-17.7106,101,12103.13305
-4.580549,26,12103.458889
-16.490245,55,12104.134351
-14.387179,73,12105.030664
-9.730029,38,12105.49621
-12.897885,51,12106.106099
-6.998434,68,12106.951197
-11.045725,51,12107.637082
-8.480523,40,12108.125227
-10.76304,66,12108.936076
-6.905444,39,12109.412919
-13.854012,67,12110.243016
-3.927976,29,12110.60464
-13.338004,61,12111.359064
-10.313911,72,12112.244167
-9.216477,56,12112.916367
-17.429293,90,12114.015757
-8.271293,41,12114.528156
-11.548951,50,12115.164419
-9.456191,29,12115.510291
-4.739602,28,12115.850383
-2.850407,26,12116.171523
-16.285664,55,12116.847064
-16.886978,71,12117.731492
-14.310957,52,12118.409964
-14.351896,54,12119.0758
-5.117585,31,12119.46611
-15.409915,53,12120.133952
-5.637535,35,12120.560178
-5.954229,47,12121.134643
-2.591772,22,12121.400929
-6.086912,91,12122.51703
-22.818209,132,12124.144586
-6.887364,38,12124.616649
-37.237334,300,12128.353055
-26.739672,261,12131.600828
-10.426743,66,12132.410556
-4.952561,46,12132.975591
-12.446314,49,12133.576805
-14.568058,49,12134.175205
-12.168548,52,12134.813117
-20.004497,206,12137.365893
-14.481179,57,12138.058842
-16.432841,82,12139.111622
-14.488463,73,12140.010957
-10.526197,67,12140.829739
-13.823808,80,12141.831297
-5.248305,32,12142.245986
-6.322323,24,12142.535559
-6.443698,32,12142.920529
-20.40196,72,12143.818584
-8.812579,51,12144.442605
-10.21864,56,12145.120935
-16.369132,83,12146.136036
-6.716209,32,12146.522154
-19.115368,124,12148.040412
-15.203308,62,12148.858464
-9.194567,43,12149.388065
-13.72938,58,12150.108295
-22.260797,169,12152.175642
-33.133744,300,12155.828127
-9.693218,40,12156.311893
-15.594943,84,12157.343149
-5.508723,59,12158.074225
-17.893915,58,12158.779795
-5.49043,30,12159.146789
-16.167234,59,12159.958647
-10.985793,42,12160.475568
-7.889354,38,12160.93671
-7.625972,50,12161.549053
-10.990608,28,12161.890296
-7.425224,38,12162.362019
-7.07602,43,12162.879728
-10.041948,71,12163.759318
-7.462635,35,12164.189329
-9.1166,43,12164.718327
-9.504277,56,12165.402852
-11.909476,50,12166.036539
-11.620269,44,12166.56593
-12.369724,53,12167.229156
-10.062797,41,12167.733656
-11.487788,53,12168.377983
-9.853615,39,12168.856943
-10.636772,73,12169.745607
-5.529563,66,12170.614541
-5.40469,30,12170.982757
-10.735931,40,12171.47464
-10.215793,59,12172.217047
-14.045231,51,12172.838387
-7.131632,13,12173.00175
-8.483754,44,12173.52457
-14.618497,225,12176.302977
-8.213594,46,12176.857494
-11.064277,52,12177.503043
-8.59846,16,12177.697552
-13.869278,53,12178.347539
-9.922405,40,12178.840199
-11.388333,51,12179.465893
-6.946983,33,12179.868859
-9.409704,57,12180.61635
-9.60377,61,12181.384446
-6.226134,41,12181.884097
-12.575092,51,12182.515063
-7.402801,68,12183.341902
-19.680516,268,12186.635954
-12.498054,52,12187.273398
-11.190017,41,12187.778616
-5.737407,30,12188.153557
-31.292012,284,12191.708568
-8.345736,42,12192.217042
-6.848552,45,12192.760589
-12.492607,71,12193.638374
-8.938912,41,12194.138062
-15.354704,61,12194.893724
-9.307749,81,12195.889316
-4.431935,31,12196.261936
-9.947704,57,12196.961159
-4.342909,27,12197.301426
-13.957347,59,12198.030802
-7.448331,43,12198.565699
-15.756848,85,12199.608049
-15.287839,54,12200.28136
-13.638387,56,12200.96057
-11.445987,49,12201.6071
-7.137824,37,12202.083825
-6.51054,33,12202.501984
-15.613451,129,12204.082581
-7.453261,39,12204.579837
-17.961571,67,12205.384751
-8.688205,42,12205.895422
-13.867926,53,12206.55802
-8.451087,52,12207.195786
-16.29573,91,12208.316572
-7.962677,36,12208.756761
-5.908302,22,12209.023602
-14.902948,53,12209.661411
-10.145018,66,12210.462615
-11.938529,57,12211.163713
-11.696867,81,12212.18516
-5.524738,64,12213.009193
-7.390166,46,12213.574562
-5.369395,29,12213.925823
-5.203674,30,12214.297756
-4.104908,28,12214.640275
-8.584285,58,12215.345354
-6.16218,40,12215.850304
-7.905663,40,12216.333677
-9.268808,44,12216.89121
-8.662308,36,12217.330193
-13.850921,52,12217.961087
-11.038883,47,12218.528707
