rollout/ep_rew_mean,rollout/ep_len_mean,train/actor_loss,time/fps,time/total_timesteps,train/critic_loss,time/episodes,train/n_updates,rollout/success_rate,time/time_elapsed,train/learning_rate
-14.119213300000002,37.8,0.7242757081985474,109,378,0.00806028675287962,10,277,0.0,3,0.001
-13.898885000000002,42.45,1.1434459686279297,96,849,0.004485900513827801,20,748,0.0,8,0.001
-12.849685566666667,40.7,1.4424920082092285,93,1221,0.004913046024739742,30,1120,0.0,13,0.001
-12.96844695,43.15,1.9882493019104004,91,1726,0.014364415779709816,40,1625,0.0,18,0.001
-13.380523520000002,46.38,2.3071160316467285,89,2319,0.006069456227123737,50,2218,0.0,25,0.001
-13.360909433333331,47.95,2.5255208015441895,88,2877,0.017563316971063614,60,2776,0.016666666666666666,32,0.001
-12.865756585714287,46.65714285714286,2.651479721069336,88,3266,0.011298026889562607,70,3165,0.02857142857142857,36,0.001
-12.6029231,46.3,2.589456081390381,87,3704,0.04190494120121002,80,3603,0.025,42,0.001
-12.79262751111111,47.77777777777778,2.6445767879486084,87,4300,0.004729170817881823,90,4199,0.03333333333333333,49,0.001
-13.1917571,50.91,2.5456154346466064,86,5091,0.005523152649402618,100,4990,0.04,58,0.001
-12.962019080000003,52.89,2.406984806060791,86,5667,0.006665141321718693,110,5566,0.07,65,0.001
-13.782589430000003,58.33,2.2481472492218018,86,6682,0.008387467823922634,120,6581,0.09,77,0.001
-14.14196564,63.41,2.2823069095611572,85,7562,0.008063975721597672,130,7461,0.1,87,0.001
-14.544109820000001,70.97,2.1689534187316895,85,8823,0.007739948108792305,140,8722,0.12,102,0.001
-14.53813791,73.13,1.9915940761566162,85,9632,0.006567242555320263,150,9531,0.16,112,0.001
-14.889166180000002,80.91,1.92905855178833,84,10968,0.004248603247106075,160,10867,0.2,129,0.001
-16.08637291,85.85,1.6633498668670654,84,11851,0.005718257278203964,170,11750,0.21,140,0.001
-17.800831570000003,93.05,1.612440586090088,84,13009,0.006708433385938406,180,12908,0.21,154,0.001
-17.839748830000005,94.7,1.7995450496673584,83,13770,0.005700640380382538,190,13669,0.22,164,0.001
-18.098008580000002,99.49,1.6594243049621582,83,15040,0.007023630663752556,200,14939,0.22,179,0.001
-18.114567280000003,100.28,1.7028279304504395,83,15695,0.0038504137191921473,210,15594,0.22,187,0.001
-17.158956970000002,98.48,1.7350585460662842,83,16530,0.004319299943745136,220,16429,0.25,198,0.001
-17.604791209999995,104.59,1.6507234573364258,83,18021,0.008086333982646465,230,17920,0.31,215,0.001
-17.4986915,103.97,1.6151068210601807,82,19220,0.002918735146522522,240,19119,0.35,231,0.001
-17.31643155,106.32,1.5433088541030884,82,20264,0.005631066858768463,250,20163,0.36,244,0.001
-16.875572179999995,104.57,1.6612346172332764,82,21425,0.0031407265923917294,260,21324,0.39,258,0.001
-16.10710305,107.89,1.6335750818252563,83,22640,0.004820497240871191,270,22539,0.42,272,0.001
-14.833881220000002,108.99,1.561628818511963,83,23908,0.004581199027597904,280,23807,0.48,287,0.001
-14.592427899999997,109.19,1.5725469589233398,83,24689,0.0020153075456619263,290,24588,0.54,297,0.001
-13.484775610000002,100.87,1.4508798122406006,83,25127,0.0021205535158514977,300,25026,0.63,302,0.001
-13.627682710000002,105.35,1.5320658683776855,83,26230,0.0017145674210041761,310,26129,0.68,315,0.001
-13.829794569999997,107.88,1.4339046478271484,83,27318,0.003263776656240225,320,27217,0.7,328,0.001
-12.947830479999999,100.36,1.4645872116088867,83,28057,0.0032728640362620354,330,27956,0.68,337,0.001
-12.63746615,96.35,1.3491272926330566,83,28855,0.002823304384946823,340,28754,0.67,346,0.001
-12.304286899999997,92.75,1.2901884317398071,83,29539,0.003765573725104332,350,29438,0.66,354,0.001
-12.41677256,89.05,1.3106093406677246,83,30330,0.0032626697793602943,360,30229,0.61,364,0.001
-12.159059280000003,83.88,1.495187759399414,83,31028,0.003954008221626282,370,30927,0.63,372,0.001
-12.46334252,85.53,1.4343392848968506,83,32461,0.0074717095121741295,380,32360,0.61,390,0.001
-12.16807447,82.15,1.4764331579208374,83,32904,0.006312946323305368,390,32803,0.59,395,0.001
-13.783336039999996,94.0,1.3880665302276611,83,34527,0.0021777800284326077,400,34426,0.55,415,0.001
-13.935122649999999,91.97,1.401625394821167,82,35427,0.001927774865180254,410,35326,0.55,427,0.001
-13.723665660000002,90.86,1.5691463947296143,82,36404,0.004324203357100487,420,36303,0.55,438,0.001
-13.83247488,88.85,1.4485529661178589,82,36942,0.0028502442874014378,430,36841,0.56,445,0.001
-13.75820556,91.91,1.3896853923797607,82,38046,0.002105137798935175,440,37945,0.58,458,0.001
-13.878282890000001,93.83,1.39821457862854,82,38922,0.0015761045506224036,450,38821,0.62,469,0.001
-14.095722870000001,99.93,1.4039114713668823,82,40323,0.006467908620834351,460,40222,0.66,487,0.001
-13.978838429999998,102.31,1.3510921001434326,82,41259,0.0021803807467222214,470,41158,0.66,498,0.001
-13.341489359999999,95.2,1.4437451362609863,82,41981,0.0024141655303537846,480,41880,0.68,507,0.001
-13.520164520000002,99.09,1.5528106689453125,82,42813,0.002200744114816189,490,42712,0.7,518,0.001
-12.585333030000001,96.28,1.5474720001220703,82,44155,0.002377809025347233,500,44054,0.71,534,0.001
-12.141491950000002,96.64,1.49696946144104,82,45091,0.0024454165250062943,510,44990,0.7,546,0.001
-11.845994409999998,91.82,1.4730734825134277,82,45586,0.0024162810295820236,520,45485,0.72,552,0.001
-11.901174979999999,94.48,1.5383429527282715,82,46390,0.0061877998523414135,530,46289,0.75,561,0.001
-11.43053665,87.34,1.4766242504119873,82,46780,0.0033622868359088898,540,46679,0.78,566,0.001
-11.309223139999999,86.0,1.4753831624984741,82,47522,0.00397517392411828,550,47421,0.78,575,0.001
-10.55189806,76.77,1.4813148975372314,82,48000,0.0023023043759167194,560,47899,0.8,581,0.001
-10.553171120000002,76.25,1.2629554271697998,82,48884,0.005926134064793587,570,48783,0.8,593,0.001
-10.21025709,73.37,1.295238971710205,82,49318,0.001617764006368816,580,49217,0.82,598,0.001
-10.119341930000001,69.85,1.2946428060531616,82,49798,0.00652327761054039,590,49697,0.83,604,0.001
-9.61625353,62.66,1.4220046997070312,82,50421,0.002391471993178129,600,50320,0.86,611,0.001
-9.36588272,59.91,1.32231605052948,82,51082,0.0034841219894587994,610,50981,0.88,619,0.001
-9.176636030000001,58.39,1.4645476341247559,82,51425,0.0021117583382874727,620,51324,0.87,623,0.001
-8.863083080000001,56.09,1.3060669898986816,82,51999,0.0024922832380980253,630,51898,0.86,630,0.001
-8.75319238,56.0,1.3727707862854004,82,52380,0.0018423493020236492,640,52279,0.82,635,0.001
-9.06700794,60.31,1.3567917346954346,82,53553,0.0023073051124811172,650,53452,0.82,649,0.001
-8.92582805,59.1,1.532118797302246,82,53910,0.002458035945892334,660,53809,0.81,653,0.001
-9.35423963,61.14,1.4394571781158447,82,54998,0.0030226053204387426,670,54897,0.81,667,0.001
-9.55360303,63.85,1.48701810836792,82,55703,0.008075694553554058,680,55602,0.77,676,0.001
-9.488923230000001,64.92,1.3215227127075195,82,56290,0.0040284451097249985,690,56189,0.75,684,0.001
-9.89498108,68.66,1.2700612545013428,82,57287,0.0023479904048144817,700,57186,0.72,697,0.001
-10.29349312,72.06,1.4453874826431274,82,58288,0.0023786728270351887,710,58187,0.71,709,0.001
-10.46411883,72.95,1.383470058441162,82,58720,0.0019415952265262604,720,58619,0.72,715,0.001
-10.461794500000002,71.64,1.5670177936553955,82,59163,0.003406151896342635,730,59062,0.74,720,0.001
-10.68982864,72.09,1.3500027656555176,82,59589,0.0015178867615759373,740,59488,0.77,725,0.001
-10.713665650000001,69.73,1.3853477239608765,82,60526,0.002460287883877754,750,60425,0.77,737,0.001
-10.835329000000002,70.62,1.4451937675476074,82,60972,0.002650702139362693,760,60871,0.77,742,0.001
-10.668309759999998,70.24,1.3094984292984009,82,62022,0.003614990506321192,770,61921,0.77,754,0.001
-10.451758730000002,68.06,1.4930282831192017,82,62509,0.003720562905073166,780,62408,0.82,760,0.001
-10.505136649999999,71.05,1.4832258224487305,82,63395,0.002215938176959753,790,63294,0.81,771,0.001
-10.050005839999999,66.03,1.290138840675354,82,63890,0.0038570151664316654,800,63789,0.83,776,0.001
-9.764044060000002,60.89,1.3925509452819824,82,64377,0.0026683309115469456,810,64276,0.82,782,0.001
-9.89374476,61.1,1.3579529523849487,82,64830,0.003082942683249712,820,64729,0.78,787,0.001
-9.90638612,61.53,1.4468892812728882,82,65316,0.002209214260801673,830,65215,0.78,793,0.001
-9.95717198,64.99,1.4048399925231934,82,66088,0.002801185939460993,840,65987,0.78,802,0.001
-9.81940228,65.14,1.4429712295532227,82,67040,0.0022618775255978107,850,66939,0.78,813,0.001
-9.91943777,64.99,1.3443331718444824,82,67471,0.003651072969660163,860,67370,0.78,818,0.001
-9.54919873,60.74,1.3133447170257568,82,68096,0.002158085349947214,870,67995,0.79,825,0.001
-9.614391849999999,60.8,1.454099178314209,82,68589,0.0027228209655731916,880,68488,0.79,831,0.001
-9.54736586,57.34,1.3721281290054321,82,69129,0.0021613191347569227,890,69028,0.82,837,0.001
-9.15053717,55.96,1.4379416704177856,82,69486,0.004622898064553738,900,69385,0.83,842,0.001
-9.68732611,63.74,1.4024558067321777,82,70751,0.004156935028731823,910,70650,0.83,856,0.001
-9.597556399999998,66.36,1.3064907789230347,82,71466,0.007431494537740946,920,71365,0.86,865,0.001
-10.081433319999999,71.09,1.3929064273834229,82,72425,0.002240710658952594,930,72324,0.82,876,0.001
-10.30157209,72.18,1.375296950340271,82,73306,0.003350048791617155,940,73205,0.81,886,0.001
-10.25024864,72.39,1.4267733097076416,82,74279,0.002177266404032707,950,74178,0.8,897,0.001
-10.029368260000002,71.9,1.4331343173980713,82,74661,0.0019426157232373953,960,74560,0.82,902,0.001
-10.441879329999999,75.04,1.53653883934021,82,75600,0.001477033132687211,970,75499,0.82,913,0.001
-10.487225910000001,77.36,1.4017515182495117,82,76325,0.0029562083072960377,980,76224,0.82,921,0.001
-10.49613515,77.24,1.3649044036865234,82,76853,0.003092739498242736,990,76752,0.82,928,0.001
-11.06492843,80.52,1.4473018646240234,82,77538,0.0020483958069235086,1000,77437,0.79,936,0.001
-10.48004517,72.6,1.2546346187591553,82,78011,0.005220652092248201,1010,77910,0.82,941,0.001
-10.35203434,69.64,1.4058482646942139,82,78430,0.0019933758303523064,1020,78329,0.82,946,0.001
-10.039672360000003,67.71,1.4532248973846436,82,79196,0.0032955643255263567,1030,79095,0.84,956,0.001
-10.04607206,66.0,1.3737292289733887,82,79906,0.0019324787426739931,1040,79805,0.86,964,0.001
-10.00441113,64.66,1.3174540996551514,82,80745,0.003327446524053812,1050,80644,0.87,974,0.001
-10.146470540000001,64.8,1.26442551612854,82,81141,0.006016131490468979,1060,81040,0.85,979,0.001
-9.88919473,64.59,1.409298062324524,82,82059,0.007044125348329544,1070,81958,0.84,990,0.001
-9.832140560000001,63.58,1.397415280342102,82,82683,0.0024019370321184397,1080,82582,0.84,998,0.001
-10.01493207,65.22,1.2417049407958984,82,83375,0.0025858492590487003,1090,83274,0.82,1006,0.001
-9.56430268,62.01,1.411495327949524,82,83739,0.004493223037570715,1100,83638,0.85,1011,0.001
-9.498115120000001,63.22,1.415954828262329,82,84333,0.0035012157168239355,1110,84232,0.84,1018,0.001
-9.69781422,64.36,1.6244597434997559,82,84866,0.0024175848811864853,1120,84765,0.85,1025,0.001
-9.76244956,62.89,1.3321259021759033,82,85485,0.0022636207286268473,1130,85384,0.86,1032,0.001
-9.437871739999999,60.12,1.3411059379577637,82,85918,0.007039331831037998,1140,85817,0.86,1038,0.001
-9.29521302,56.51,1.2336711883544922,82,86396,0.0065980227664113045,1150,86295,0.88,1043,0.001
-9.2151741,57.26,1.4344511032104492,82,86867,0.0037340493872761726,1160,86766,0.89,1049,0.001
-9.157268779999999,52.98,1.4661915302276611,82,87357,0.004381054081022739,1170,87256,0.9,1055,0.001
-9.0973226,50.7,1.310626745223999,82,87753,0.0033104759640991688,1180,87652,0.91,1060,0.001
-8.85062021,50.18,1.240183711051941,82,88393,0.002596125705167651,1190,88292,0.93,1068,0.001
-9.17896317,52.31,1.4687334299087524,82,88970,0.0029371436685323715,1200,88869,0.93,1075,0.001
-9.81034535,56.93,1.4802772998809814,82,90026,0.003745655994862318,1210,89925,0.91,1088,0.001
-9.993798360000001,58.25,1.1758606433868408,82,90691,0.0042430562898516655,1220,90590,0.91,1096,0.001
-10.2827564,64.51,1.3076362609863281,82,91936,0.00523237232118845,1230,91835,0.89,1111,0.001
-10.11282842,63.74,1.4421405792236328,82,92292,0.0055481973104178905,1240,92191,0.89,1116,0.001
-9.93140116,64.7,1.5488494634628296,82,92866,0.005127361975610256,1250,92765,0.88,1123,0.001
-10.557525720000001,68.53,1.4603254795074463,82,93720,0.0029281233437359333,1260,93619,0.85,1133,0.001
-10.42021322,69.99,1.2720024585723877,82,94356,0.0015472696395590901,1270,94255,0.86,1141,0.001
-10.625095789999998,73.03,1.3390538692474365,82,95056,0.0032765730284154415,1280,94955,0.85,1150,0.001
-10.599196760000002,70.37,1.3486151695251465,82,95430,0.005200237967073917,1290,95329,0.85,1154,0.001
-10.522979449999998,70.49,1.3890111446380615,82,96019,0.004833081737160683,1300,95918,0.81,1162,0.001
-9.8916242,64.28,1.2132961750030518,82,96454,0.001740904408507049,1310,96353,0.81,1167,0.001
-9.652607909999999,62.52,1.2995812892913818,82,96943,0.005600946955382824,1320,96842,0.8,1173,0.001
-9.323461909999999,57.09,1.288986325263977,82,97645,0.0025802375748753548,1330,97544,0.81,1182,0.001
-9.51121764,59.45,1.412711501121521,82,98237,0.0025345743633806705,1340,98136,0.8,1189,0.001
-9.54176933,57.97,1.388528823852539,82,98663,0.0025626651477068663,1350,98562,0.78,1195,0.001
-9.13656749,54.31,1.4260449409484863,82,99151,0.003382205031812191,1360,99050,0.81,1201,0.001
-9.184602840000002,52.37,1.4214603900909424,82,99593,0.008328603580594063,1370,99492,0.82,1206,0.001
-9.28234481,52.61,1.2382892370224,82,100317,0.0017241259338334203,1380,100216,0.81,1215,0.001
-9.34338824,53.75,1.2641794681549072,82,100805,0.0020624506287276745,1390,100704,0.82,1221,0.001
-9.42936199,54.48,1.5216485261917114,82,101467,0.00659985514357686,1400,101366,0.85,1229,0.001
-9.513843920000003,54.1,1.4497114419937134,82,101864,0.0036430605687201023,1410,101763,0.87,1234,0.001
-9.671446819999998,54.11,1.3689610958099365,82,102354,0.003833034308627248,1420,102253,0.87,1240,0.001
-9.88164493,58.43,1.4079411029815674,82,103488,0.008020499721169472,1430,103387,0.87,1254,0.001
-9.87354536,56.41,1.2209258079528809,82,103878,0.005656487308442593,1440,103777,0.88,1259,0.001
-9.75293574,55.95,1.1786075830459595,82,104258,0.0024626487866044044,1450,104157,0.91,1263,0.001
-9.60112107,55.42,1.2846544981002808,82,104693,0.002517508342862129,1460,104592,0.92,1269,0.001
-9.565313390000002,57.26,1.398970603942871,82,105319,0.0033627792727202177,1470,105218,0.92,1276,0.001
-9.6428151,57.36,1.3474221229553223,82,106053,0.007428813260048628,1480,105952,0.92,1285,0.001
-9.9386107,58.95,1.368207573890686,82,106700,0.0061378320679068565,1490,106599,0.92,1293,0.001
-9.87093044,57.54,1.3938556909561157,82,107221,0.005603238940238953,1500,107120,0.93,1300,0.001
-9.81127716,58.04,1.3769928216934204,82,107668,0.0032834354788064957,1510,107567,0.92,1305,0.001
-9.729314660000002,58.09,1.3101470470428467,82,108163,0.003243157407268882,1520,108062,0.93,1311,0.001
-9.549223679999999,53.8,1.418030023574829,82,108868,0.0021584269125014544,1530,108767,0.94,1320,0.001
-9.57440439,54.22,1.5268359184265137,82,109300,0.002397111151367426,1540,109199,0.93,1325,0.001
-9.7623197,56.75,1.2055046558380127,82,109933,0.004033747594803572,1550,109832,0.91,1333,0.001
-9.764579269999999,56.97,1.4614043235778809,82,110390,0.00283486838452518,1560,110289,0.9,1339,0.001
-9.787996479999999,57.63,1.2597155570983887,82,111082,0.0028276490047574043,1570,110981,0.9,1347,0.001
-9.77825252,58.4,1.2330690622329712,82,111893,0.0017598113045096397,1580,111792,0.9,1357,0.001
-9.552262489999999,57.6,1.3353450298309326,82,112460,0.0027683658991008997,1590,112359,0.88,1364,0.001
-9.659942469999999,57.11,1.3636140823364258,82,112932,0.0028847865760326385,1600,112831,0.83,1370,0.001
-9.8270646,59.5,1.6273449659347534,82,113618,0.0025457781739532948,1610,113517,0.82,1379,0.001
-9.504056369999999,59.02,1.4548956155776978,82,114065,0.001976212253794074,1620,113964,0.83,1384,0.001
-9.39770357,56.12,1.3512052297592163,82,114480,0.0018092520767822862,1630,114379,0.81,1389,0.001
-9.22149428,56.0,1.3693219423294067,82,114900,0.008111443370580673,1640,114799,0.82,1394,0.001
-9.43303989,61.36,1.5495518445968628,82,116069,0.0023955157957971096,1650,115968,0.81,1409,0.001
-9.58625538,61.48,1.3452732563018799,82,116538,0.0018775544594973326,1660,116437,0.81,1415,0.001
-9.4636251,61.17,1.2906726598739624,82,117199,0.010945552960038185,1670,117098,0.8,1423,0.001
-9.452932429999999,60.3,1.402774453163147,82,117923,0.0030414469074457884,1680,117822,0.81,1432,0.001
-9.63006634,61.47,1.30092453956604,82,118607,0.0036528045311570168,1690,118506,0.81,1440,0.001
-9.69561653,63.88,1.1385654211044312,82,119320,0.0038743866607546806,1700,119219,0.85,1449,0.001
-9.52269859,61.61,1.3211361169815063,82,119779,0.0033760485239326954,1710,119678,0.87,1455,0.001
-9.736277539999998,61.31,1.2409021854400635,82,120196,0.0030540411826223135,1720,120095,0.87,1460,0.001
-9.98619318,66.95,1.3869258165359497,82,121175,0.01202685758471489,1730,121074,0.88,1472,0.001
-10.197227739999999,67.04,1.3438410758972168,82,121604,0.006253443658351898,1740,121503,0.88,1477,0.001
-10.32706135,63.64,1.5129516124725342,82,122433,0.003475501900538802,1750,122332,0.9,1488,0.001
-10.232379869999999,64.96,1.3918776512145996,82,123034,0.0013591296738013625,1760,122933,0.91,1495,0.001
-10.3209486,62.26,1.3666768074035645,82,123425,0.002788433339446783,1770,123324,0.92,1500,0.001
-10.28079643,61.72,1.4366328716278076,82,124095,0.0042113312520086765,1780,123994,0.91,1508,0.001
-10.1327278,60.14,1.4183911085128784,82,124621,0.0027682227082550526,1790,124520,0.93,1515,0.001
-9.886433479999999,57.49,1.4533181190490723,82,125069,0.004290038254112005,1800,124968,0.93,1520,0.001
-9.94671548,57.38,1.4295262098312378,82,125517,0.004979562014341354,1810,125416,0.94,1526,0.001
-9.96304351,58.15,1.4988350868225098,82,126011,0.002136505674570799,1820,125910,0.93,1532,0.001
-9.74815413,55.11,1.2239899635314941,82,126686,0.0034003029577434063,1830,126585,0.95,1540,0.001
-9.78851347,55.09,1.3893340826034546,82,127113,0.005001818761229515,1840,127012,0.94,1546,0.001
-9.252117909999999,50.53,1.375180959701538,82,127486,0.0037185978144407272,1850,127385,0.95,1550,0.001
-9.207619639999997,48.84,1.4378206729888916,82,127918,0.0034846686758100986,1860,127817,0.95,1556,0.001
-9.47275845,50.74,1.3960169553756714,82,128499,0.0024025223683565855,1870,128398,0.94,1563,0.001
-8.96119936,47.63,1.499974012374878,82,128858,0.0014129567425698042,1880,128757,0.96,1568,0.001
-8.77485763,49.77,1.6629457473754883,82,129598,0.019251888617873192,1890,129497,0.95,1577,0.001
-8.837800269999999,49.27,1.386374592781067,82,129996,0.0024911463260650635,1900,129895,0.95,1582,0.001
-8.96148091,49.32,1.5086846351623535,82,130449,0.00851358100771904,1910,130348,0.93,1587,0.001
-8.82621859,48.49,1.3488714694976807,82,130860,0.002805647673085332,1920,130759,0.92,1592,0.001
-8.68650756,46.83,1.353946566581726,82,131369,0.002049946691840887,1930,131268,0.91,1599,0.001
-8.67199523,46.27,1.5015898942947388,82,131740,0.002202739706262946,1940,131639,0.88,1603,0.001
-8.946566200000001,46.83,1.321865200996399,82,132169,0.0027942899614572525,1950,132068,0.87,1609,0.001
-8.83676715,45.95,1.410758376121521,82,132513,0.0018042359733954072,1960,132412,0.86,1613,0.001
-8.59147231,45.23,1.5580164194107056,82,133022,0.004549024626612663,1970,132921,0.85,1619,0.001
-9.20530897,47.95,1.4580483436584473,82,133653,0.008107181638479233,1980,133552,0.85,1627,0.001
-9.221990139999999,46.95,1.267889142036438,82,134293,0.0028998111374676228,1990,134192,0.85,1635,0.001
-9.35275579,50.03,1.50673246383667,82,134999,0.005103109870105982,2000,134898,0.86,1643,0.001
-9.454591700000002,52.45,1.297081470489502,82,135694,0.002398662269115448,2010,135593,0.87,1652,0.001
-9.330610850000001,52.05,1.4952460527420044,82,136065,0.004501834511756897,2020,135964,0.89,1657,0.001
-9.315417540000002,52.28,1.4275503158569336,82,136597,0.00499383918941021,2030,136496,0.88,1663,0.001
-9.440153369999999,53.71,1.452481746673584,82,137111,0.002410859102383256,2040,137010,0.91,1669,0.001
-9.22991829,53.49,1.5669275522232056,82,137518,0.0028519933111965656,2050,137417,0.92,1674,0.001
-9.432775079999999,54.2,1.3727681636810303,82,137933,0.007312949746847153,2060,137832,0.93,1679,0.001
-9.15923767,52.75,1.4851293563842773,82,138297,0.0015942052705213428,2070,138196,0.95,1683,0.001
-8.97640438,51.18,1.5123038291931152,82,138771,0.0023548994213342667,2080,138670,0.95,1689,0.001
-9.08778671,51.92,1.5529310703277588,82,139485,0.004003489390015602,2090,139384,0.94,1698,0.001
-9.01353421,49.84,1.3616124391555786,82,139983,0.001915200613439083,2100,139882,0.94,1704,0.001
-8.71310235,46.6,1.3541786670684814,82,140354,0.002363508101552725,2110,140253,0.95,1709,0.001
-9.01653438,47.81,1.2958755493164062,82,140846,0.0034783659502863884,2120,140745,0.93,1715,0.001
-9.11072682,47.0,1.423703908920288,82,141297,0.0024725934490561485,2130,141196,0.94,1721,0.001
-8.887179199999999,46.79,1.4495105743408203,82,141790,0.0014376125764101744,2140,141689,0.95,1727,0.001
-8.91598479,46.3,1.5250985622406006,82,142148,0.0026626456528902054,2150,142047,0.95,1731,0.001
-8.92374906,46.12,1.4014344215393066,82,142545,0.002238114131614566,2160,142444,0.95,1736,0.001
-9.08357316,46.51,1.3662068843841553,82,142948,0.0017792992293834686,2170,142847,0.95,1741,0.001
-8.876711740000001,45.69,1.5249147415161133,82,143340,0.002940835664048791,2180,143239,0.95,1746,0.001
-8.603093999999999,42.6,1.4910244941711426,82,143745,0.0022701178677380085,2190,143644,0.96,1751,0.001
-8.627062480000001,42.72,1.39631187915802,82,144255,0.002473850268870592,2200,144154,0.94,1757,0.001
-8.622663679999999,42.82,1.5811748504638672,82,144636,0.0028288974426686764,2210,144535,0.94,1762,0.001
-8.491249719999999,42.37,1.3865087032318115,82,145083,0.002750147134065628,2220,144982,0.95,1767,0.001
-8.18741942,42.16,1.3340792655944824,82,145513,0.0021327242720872164,2230,145412,0.96,1773,0.001
-8.215173700000001,41.37,1.3229694366455078,82,145927,0.011717712506651878,2240,145826,0.94,1778,0.001
-8.18118512,41.72,1.3930975198745728,82,146320,0.003922455944120884,2250,146219,0.94,1783,0.001
-8.2041422,41.97,1.3226592540740967,82,146742,0.005080352537333965,2260,146641,0.93,1788,0.001
-8.26434145,42.09,1.4120643138885498,82,147157,0.002103002043440938,2270,147056,0.92,1794,0.001
-8.219540199999999,42.0,1.299480676651001,82,147540,0.0025193016044795513,2280,147439,0.9,1798,0.001
-8.15133471,41.13,1.481144666671753,82,147858,0.015918930992484093,2290,147757,0.9,1802,0.001
-8.060655020000002,40.27,1.4016339778900146,82,148282,0.0020925323478877544,2300,148181,0.92,1808,0.001
-8.06484122,40.41,1.497513771057129,82,148677,0.005763952620327473,2310,148576,0.92,1813,0.001
-7.957244770000001,39.66,1.436279535293579,82,149049,0.0030377365183085203,2320,148948,0.92,1817,0.001
-8.003589089999998,38.91,1.4687957763671875,81,149404,0.006802945397794247,2330,149303,0.92,1822,0.001
-7.8346588200000005,38.47,1.321833610534668,81,149774,0.00403051171451807,2340,149673,0.93,1826,0.001
-7.835884289999999,38.67,1.3560196161270142,81,150187,0.004243640229105949,2350,150086,0.92,1831,0.001
-7.70180392,38.41,1.5536435842514038,81,150583,0.00375610264018178,2360,150482,0.92,1836,0.001
-7.558583670000001,37.85,1.325013279914856,81,150942,0.0037848777137696743,2370,150841,0.93,1840,0.001
-7.671447560000001,38.86,1.4059993028640747,81,151426,0.0022334216628223658,2380,151325,0.94,1846,0.001
-7.8516571499999985,39.86,1.527541995048523,81,151844,0.004333400633186102,2390,151743,0.93,1851,0.001
-7.645526200000001,39.96,1.4165661334991455,81,152278,0.004557675216346979,2400,152177,0.91,1857,0.001
-7.766191450000001,40.08,1.2747423648834229,81,152685,0.005256278906017542,2410,152584,0.91,1862,0.001
-7.925904540000001,40.4,1.3336118459701538,81,153089,0.009772897697985172,2420,152988,0.92,1867,0.001
-8.03006578,40.85,1.4816412925720215,81,153489,0.00128235574811697,2430,153388,0.92,1871,0.001
-8.100401649999998,41.06,1.4845802783966064,81,153880,0.009016319178044796,2440,153779,0.93,1876,0.001
-8.088298609999999,40.49,1.358655333518982,81,154236,0.0031074383296072483,2450,154135,0.94,1880,0.001
-8.296058500000001,43.17,1.5132538080215454,81,154900,0.002572258934378624,2460,154799,0.95,1889,0.001
-8.50203514,43.89,1.4418714046478271,81,155331,0.0056517766788601875,2470,155230,0.95,1894,0.001
-8.30932033,42.77,1.409029245376587,82,155703,0.0020481892861425877,2480,155602,0.96,1898,0.001
-8.53630891,44.58,1.5958478450775146,82,156302,0.0017013449687510729,2490,156201,0.98,1906,0.001
-8.60197328,44.29,1.517805576324463,81,156707,0.003527540946379304,2500,156606,1.0,1911,0.001
-8.42105711,44.02,1.3852930068969727,81,157087,0.0016788995126262307,2510,156986,1.0,1915,0.001
-8.37293958,45.54,1.3634777069091797,81,157643,0.0019024203065782785,2520,157542,0.99,1922,0.001
-8.78881254,49.02,1.3455259799957275,81,158391,0.001381817739456892,2530,158290,0.97,1931,0.001
-8.929274849999999,51.71,1.3851745128631592,81,159051,0.003025967627763748,2540,158950,0.96,1940,0.001
-9.107031979999999,52.69,1.5221818685531616,81,159505,0.0022379790898412466,2550,159404,0.96,1945,0.001
-9.011685869999999,50.75,1.485007405281067,81,159975,0.0081783477216959,2560,159874,0.95,1951,0.001
-8.934755729999997,51.0,1.351452112197876,81,160431,0.0025692300405353308,2570,160330,0.95,1957,0.001
-8.95805307,51.04,1.4699773788452148,81,160807,0.004014377016574144,2580,160706,0.95,1961,0.001
-8.6975512,48.54,1.5563714504241943,81,161156,0.00852394662797451,2590,161055,0.91,1965,0.001
-8.836923070000001,50.02,1.480737566947937,81,161709,0.004179548472166061,2600,161608,0.91,1972,0.001
-8.90587662,50.06,1.4692083597183228,81,162093,0.002115598414093256,2610,161992,0.9,1977,0.001
-8.82245282,48.66,1.5376133918762207,81,162509,0.0030893583316355944,2620,162408,0.91,1982,0.001
-8.22129336,44.35,1.4282026290893555,81,162826,0.0016496359603479505,2630,162725,0.92,1986,0.001
-8.0037617,41.31,1.3312820196151733,81,163182,0.004482103046029806,2640,163081,0.93,1991,0.001
-7.954108280000001,40.96,1.5678223371505737,81,163601,0.0031414967961609364,2650,163500,0.93,1996,0.001
-8.011184120000001,41.23,1.4390939474105835,81,164098,0.007935872301459312,2660,163997,0.93,2002,0.001
-7.94835138,40.38,1.3789005279541016,81,164469,0.0019200312672182918,2670,164368,0.93,2007,0.001
-7.791408239999999,39.65,1.5956120491027832,81,164772,0.002219530986621976,2680,164671,0.93,2010,0.001
-7.81709434,39.9,1.4825048446655273,81,165146,0.002296089194715023,2690,165045,0.97,2015,0.001
-7.8839322900000015,40.92,1.4119372367858887,81,165801,0.0036857519298791885,2700,165700,0.96,2023,0.001
-7.820563560000002,41.03,1.5026719570159912,81,166196,0.005052404478192329,2710,166095,0.97,2028,0.001
-7.84292241,41.86,1.5321362018585205,81,166695,0.002749207429587841,2720,166594,0.97,2034,0.001
-7.971612989999999,42.53,1.425268530845642,81,167079,0.004004634916782379,2730,166978,0.97,2039,0.001
-8.2076034,43.58,1.421252727508545,81,167540,0.002623925916850567,2740,167439,0.97,2044,0.001
-8.288009370000001,43.7,1.3575098514556885,81,167971,0.005781768821179867,2750,167870,0.97,2050,0.001
-8.21688507,42.88,1.4363658428192139,81,168386,0.0035054218024015427,2760,168285,0.98,2055,0.001
-8.15663864,42.74,1.485283374786377,81,168743,0.0011923982528969646,2770,168642,0.98,2059,0.001
-8.440410150000002,43.77,1.4833580255508423,81,169149,0.0020530950278043747,2780,169048,0.96,2064,0.001
-8.50902301,44.22,1.3847010135650635,81,169568,0.002466882113367319,2790,169467,0.95,2070,0.001
-8.2506335,41.39,1.2616969347000122,81,169940,0.00543531309813261,2800,169839,0.96,2074,0.001
-8.14331742,41.02,1.4367563724517822,81,170298,0.01571047492325306,2810,170197,0.96,2079,0.001
-8.330815229999999,43.06,1.6034048795700073,81,171001,0.0027416362427175045,2820,170900,0.95,2088,0.001
-8.56124698,43.96,1.5205307006835938,81,171475,0.002239165361970663,2830,171374,0.95,2094,0.001
-8.427335430000001,43.29,1.510533332824707,81,171869,0.0036113366950303316,2840,171768,0.94,2098,0.001
-8.39489485,43.33,1.4868168830871582,81,172304,0.007257290184497833,2850,172203,0.94,2104,0.001
-8.701630790000001,44.44,1.411425232887268,81,172830,0.004110310692340136,2860,172729,0.94,2110,0.001
-8.92433796,47.33,1.401304006576538,81,173476,0.00689957570284605,2870,173375,0.94,2118,0.001
-8.991796959999999,47.52,1.4193086624145508,81,173901,0.0026986622251570225,2880,173800,0.96,2124,0.001
-9.09192045,48.01,1.6135621070861816,81,174369,0.002040463499724865,2890,174268,0.96,2129,0.001
-9.21451382,48.0,1.4183056354522705,81,174740,0.014878539368510246,2900,174639,0.95,2134,0.001
-9.57225448,49.34,1.5417304039001465,81,175232,0.0017884622793644667,2910,175131,0.95,2140,0.001
-9.71702404,47.77,1.4234167337417603,81,175778,0.0024667996913194656,2920,175677,0.96,2147,0.001
-9.73631994,49.78,1.4849315881729126,81,176453,0.004377010278403759,2930,176352,0.96,2155,0.001
-9.6664532,49.49,1.5075474977493286,81,176818,0.002112607005983591,2940,176717,0.97,2160,0.001
-9.70155859,49.2,1.574326753616333,81,177224,0.003053021151572466,2950,177123,0.97,2164,0.001
-9.430079419999998,48.34,1.4752730131149292,81,177664,0.003534591058269143,2960,177563,0.96,2169,0.001
-9.45371893,46.08,1.5937581062316895,81,178084,0.003915504552423954,2970,177983,0.96,2174,0.001
-9.559462439999999,46.37,1.558051586151123,81,178538,0.0031353128142654896,2980,178437,0.96,2180,0.001
-9.40471281,45.32,1.35781991481781,81,178901,0.0031522673089057207,2990,178800,0.97,2184,0.001
-9.41945882,46.76,1.500127911567688,81,179416,0.00424049561843276,3000,179315,0.98,2190,0.001
-9.404023650000001,47.17,1.3076660633087158,81,179949,0.003190330695360899,3010,179848,0.97,2196,0.001
-8.97783922,45.72,1.3944499492645264,81,180350,0.004415793344378471,3020,180249,0.95,2201,0.001
-9.43387735,48.58,1.4478721618652344,81,181311,0.004365282133221626,3030,181210,0.93,2213,0.001
-10.41552904,56.72,1.4490987062454224,81,182490,0.006139946635812521,3040,182389,0.89,2227,0.001
-10.586556550000001,61.74,1.4893574714660645,81,183398,0.0045017520897090435,3050,183297,0.88,2238,0.001
-10.83537773,65.89,1.409073829650879,81,184253,0.00351822841912508,3060,184152,0.88,2248,0.001
-10.719055780000001,66.2,1.5217052698135376,81,184704,0.007112892344594002,3070,184603,0.87,2254,0.001
-10.495353570000002,65.86,1.2934784889221191,81,185124,0.0047124531120061874,3080,185023,0.87,2259,0.001
-10.560248269999999,67.21,1.4564518928527832,81,185622,0.0027802810072898865,3090,185521,0.86,2264,0.001
-10.698956410000001,68.02,1.5098412036895752,81,186218,0.0032093168701976538,3100,186117,0.86,2271,0.001
-10.65834024,68.02,1.559314250946045,81,186751,0.0059761349111795425,3110,186650,0.85,2278,0.001
-11.002534609999998,70.43,1.4530079364776611,81,187393,0.003229372436180711,3120,187292,0.86,2285,0.001
-10.634457960000002,67.59,1.4854241609573364,82,188070,0.00511537492275238,3130,187969,0.86,2293,0.001
-9.95853453,61.65,1.4700933694839478,82,188655,0.007105836644768715,3140,188554,0.88,2300,0.001
-9.79659617,58.84,1.7122063636779785,82,189282,0.0017930251779034734,3150,189181,0.88,2307,0.001
-9.455579120000001,54.22,1.4837478399276733,82,189675,0.0036721881479024887,3160,189574,0.88,2312,0.001
-9.71794068,58.28,1.4907307624816895,82,190532,0.001979050925001502,3170,190431,0.89,2322,0.001
-9.76190795,58.1,1.6349308490753174,82,190934,0.0032077552750706673,3180,190833,0.89,2327,0.001
-9.458646360000001,56.53,1.5682756900787354,82,191275,0.004369871690869331,3190,191174,0.9,2331,0.001
-9.315087600000002,55.05,1.5105948448181152,82,191723,0.002236147876828909,3200,191622,0.89,2337,0.001
-9.144206529999998,53.7,1.5853358507156372,82,192121,0.002344234846532345,3210,192020,0.9,2341,0.001
-9.00642436,52.56,1.6053619384765625,82,192649,0.0037853247486054897,3220,192548,0.9,2348,0.001
-8.90590548,52.04,1.5226380825042725,82,193274,0.0020638564601540565,3230,193173,0.91,2355,0.001
-9.0008494,51.93,1.532355546951294,82,193848,0.00341494707390666,3240,193747,0.93,2362,0.001
-8.991320700000001,50.19,1.3565499782562256,82,194301,0.006119254976511002,3250,194200,0.94,2367,0.001
-8.968004010000001,50.28,1.4428420066833496,82,194703,0.003001211676746607,3260,194602,0.95,2372,0.001
-8.65944362,45.64,1.5659551620483398,82,195096,0.004759781062602997,3270,194995,0.95,2377,0.001
-8.526983260000002,45.21,1.5192893743515015,82,195455,0.0020009896252304316,3280,195354,0.95,2382,0.001
-9.026913279999999,46.6,1.3807313442230225,82,195935,0.0031850915402173996,3290,195834,0.95,2387,0.001
-9.03071608,46.34,1.7052216529846191,82,196357,0.009886332787573338,3300,196256,0.96,2393,0.001
-9.176969110000002,46.98,1.4487900733947754,82,196819,0.0062161399982869625,3310,196718,0.96,2398,0.001
-9.04488808,45.63,1.517554521560669,82,197212,0.0022352873347699642,3320,197111,0.97,2403,0.001
-8.78131124,43.02,1.481842041015625,82,197576,0.002700050361454487,3330,197475,0.97,2408,0.001
-8.521591769999999,41.35,1.350536823272705,82,197983,0.005017525516450405,3340,197882,0.97,2413,0.001
-8.396333059999998,40.79,1.569722294807434,82,198380,0.0029213784728199244,3350,198279,0.97,2418,0.001
-8.42902763,40.62,1.4110257625579834,82,198765,0.0017596038524061441,3360,198664,0.97,2422,0.001
-8.45975297,40.97,1.4862313270568848,82,199193,0.0034750550985336304,3370,199092,0.97,2428,0.001
-8.440031759999998,40.77,1.464585781097412,82,199532,0.003743488574400544,3380,199431,0.96,2432,0.001
-8.004333879999999,39.21,1.5683197975158691,82,199856,0.00425347313284874,3390,199755,0.94,2436,0.001
-7.93168325,39.17,1.357769250869751,82,200274,0.0036420829128473997,3400,200173,0.94,2441,0.001
-7.798614209999999,38.62,1.5412793159484863,82,200681,0.005126303527504206,3410,200580,0.94,2446,0.001
-7.866687339999999,38.86,1.641406774520874,82,201098,0.01251428946852684,3420,200997,0.92,2451,0.001
-8.3688522,43.19,1.4694355726242065,82,201895,0.008700994774699211,3430,201794,0.92,2461,0.001
-8.36409937,43.69,1.657740831375122,82,202352,0.007824371568858624,3440,202251,0.91,2467,0.001
-8.407673440000002,44.04,1.3990998268127441,82,202784,0.0024205518420785666,3450,202683,0.9,2472,0.001
-8.482008149999999,44.9,1.375567078590393,82,203255,0.003152532735839486,3460,203154,0.9,2477,0.001
-8.58241591,44.89,1.4572129249572754,82,203682,0.002298039151355624,3470,203581,0.9,2482,0.001
-8.625759760000001,45.51,1.6158668994903564,82,204083,0.0072446479462087154,3480,203982,0.91,2487,0.001
-9.088860910000001,46.98,1.4333726167678833,82,204554,0.007174471393227577,3490,204453,0.91,2493,0.001
-9.12940054,47.44,1.3984394073486328,82,205018,0.003043681848794222,3500,204917,0.91,2498,0.001
-9.226261099999999,47.61,1.4034550189971924,82,205442,0.009607238695025444,3510,205341,0.92,2503,0.001
-8.970910169999998,46.7,1.4654853343963623,82,205768,0.0029529051389545202,3520,205667,0.94,2507,0.001
-8.449819580000002,42.08,1.3686628341674805,82,206103,0.0023216060362756252,3530,206002,0.95,2512,0.001
-8.263279500000001,40.9,1.4878809452056885,82,206442,0.003521117614582181,3540,206341,0.96,2516,0.001
-8.27254525,40.57,1.5166618824005127,82,206841,0.0063502173870801926,3550,206740,0.97,2521,0.001
-8.40834939,40.86,1.4718683958053589,82,207341,0.0095071354880929,3560,207240,0.97,2527,0.001
-8.21087982,40.17,1.5681757926940918,82,207699,0.0019163090037181973,3570,207598,0.97,2531,0.001
-8.413542679999999,40.44,1.4554979801177979,82,208127,0.00421002134680748,3580,208026,0.97,2537,0.001
-8.240510839999999,39.77,1.5624709129333496,82,208531,0.0027161904145032167,3590,208430,0.99,2542,0.001
-8.333301489999998,39.41,1.5098345279693604,82,208959,0.002586809918284416,3600,208858,0.99,2547,0.001
-8.31357961,41.47,1.5546376705169678,82,209589,0.004094937816262245,3610,209488,0.98,2555,0.001
-8.512104579999999,42.24,1.473217487335205,82,209992,0.006963254883885384,3620,209891,0.98,2560,0.001
-8.42047641,42.41,1.5684120655059814,82,210344,0.004242791794240475,3630,210243,0.99,2564,0.001
-8.62978726,43.27,1.2640998363494873,82,210769,0.0015212532598525286,3640,210668,0.98,2569,0.001
-8.671278869999998,43.35,1.528286099433899,82,211176,0.0030310493893921375,3650,211075,0.97,2574,0.001
-8.61407601,45.02,1.5167655944824219,82,211843,0.002932937815785408,3660,211742,0.96,2582,0.001
-8.884676579999999,45.92,1.507443904876709,82,212291,0.003116292878985405,3670,212190,0.96,2588,0.001
-8.864995239999999,46.36,1.4298573732376099,82,212763,0.0029692845419049263,3680,212662,0.96,2594,0.001
-8.70188211,46.06,1.4942545890808105,82,213137,0.006557703949511051,3690,213036,0.95,2598,0.001
-8.535976869999999,45.68,1.6316145658493042,82,213527,0.007269752211868763,3700,213426,0.95,2603,0.001
-8.62669828,43.75,1.5394188165664673,82,213964,0.0020565520972013474,3710,213863,0.95,2609,0.001
-8.68688072,44.4,1.610273838043213,82,214432,0.0021113944239914417,3720,214331,0.95,2614,0.001
-9.13278826,46.08,1.3742055892944336,82,214952,0.0020101997070014477,3730,214851,0.95,2621,0.001
-9.02695674,45.82,1.6303339004516602,82,215351,0.0033584153279662132,3740,215250,0.95,2625,0.001
-9.21288687,47.21,1.4421863555908203,82,215897,0.004497868940234184,3750,215796,0.96,2632,0.001
-9.04420258,44.62,1.5624390840530396,82,216305,0.002481120405718684,3760,216204,0.96,2637,0.001
-8.620664439999999,43.83,1.554587483406067,82,216674,0.0012482355814427137,3770,216573,0.96,2641,0.001
-8.324002709999998,42.28,1.537550449371338,82,216991,0.003099438501521945,3780,216890,0.95,2645,0.001
-8.645594189999999,43.41,1.4841911792755127,82,217478,0.0018149877432733774,3790,217377,0.96,2651,0.001
-8.57664828,43.01,1.4561917781829834,82,217828,0.004421336576342583,3800,217727,0.96,2655,0.001
-8.48713281,43.04,1.3963162899017334,82,218268,0.002813125029206276,3810,218167,0.96,2661,0.001
-8.47733799,42.44,1.7378365993499756,82,218676,0.0019088627304881811,3820,218575,0.94,2666,0.001
-8.266279169999999,41.47,1.4332301616668701,82,219099,0.007240701466798782,3830,218998,0.94,2671,0.001
-8.30858184,41.36,1.4871772527694702,82,219487,0.003937175497412682,3840,219386,0.95,2676,0.001
-8.14970042,41.32,1.4618442058563232,82,220029,0.00378993502818048,3850,219928,0.95,2682,0.001
-8.28027318,42.33,1.462079405784607,82,220538,0.004092659335583448,3860,220437,0.96,2689,0.001
-8.50742712,42.6,1.4405802488327026,82,220934,0.004324239678680897,3870,220833,0.96,2694,0.001
-8.90959764,44.65,1.4673125743865967,82,221456,0.004148343577980995,3880,221355,0.96,2700,0.001
-8.75907655,44.44,1.5405082702636719,81,221922,0.0041085705161094666,3890,221821,0.96,2706,0.001
-8.89474878,45.47,1.2381765842437744,81,222375,0.0025579920038580894,3900,222274,0.95,2711,0.001
-9.24960601,48.41,1.3764841556549072,81,223109,0.002574366983026266,3910,223008,0.93,2720,0.001
-9.23693662,49.16,1.546474575996399,81,223592,0.002826978685334325,3920,223491,0.95,2726,0.001
-9.393166950000001,49.51,1.571861982345581,81,224050,0.001843353733420372,3930,223949,0.95,2732,0.001
-9.18308665,49.04,1.4654529094696045,81,224391,0.007626920007169247,3940,224290,0.94,2736,0.001
-9.41164468,51.53,1.4035345315933228,81,225182,0.00934066716581583,3950,225081,0.9,2746,0.001
-9.327795229999998,52.11,1.5296988487243652,81,225749,0.0040621631778776646,3960,225648,0.88,2753,0.001
-9.66644712,54.07,1.4235594272613525,81,226341,0.006302913650870323,3970,226240,0.85,2760,0.001
-9.540259429999999,53.5,1.454013466835022,81,226806,0.0031955179292708635,3980,226705,0.83,2766,0.001
-9.878207110000002,56.53,1.4166244268417358,81,227575,0.0070715718902647495,3990,227474,0.8,2776,0.001
-10.344688610000002,61.6,1.379077434539795,81,228535,0.0027702171355485916,4000,228434,0.76,2788,0.001
-9.979152399999998,58.7,1.431147813796997,81,228979,0.004128049593418837,4010,228878,0.77,2793,0.001
-10.375110260000001,61.93,1.518296241760254,81,229785,0.0022373900283128023,4020,229684,0.75,2803,0.001
-10.539795109999998,65.54,1.4551646709442139,81,230604,0.014904930256307125,4030,230503,0.74,2813,0.001
-10.875709480000001,67.65,1.459902048110962,81,231156,0.011630740948021412,4040,231055,0.74,2820,0.001
-10.567943610000002,65.02,1.502173900604248,81,231684,0.0020641556475311518,4050,231583,0.78,2827,0.001
-10.733284020000001,63.85,1.4915640354156494,81,232134,0.0070241764187812805,4060,232033,0.76,2832,0.001
-10.666373930000002,63.6,1.5962283611297607,81,232701,0.002240784466266632,4070,232600,0.79,2839,0.001
-10.816348960000001,64.19,1.3745641708374023,81,233225,0.002005003858357668,4080,233124,0.8,2846,0.001
-10.343133089999998,60.28,1.6410510540008545,81,233603,0.0039641521871089935,4090,233502,0.83,2850,0.001
-10.01215523,55.34,1.5779681205749512,81,234069,0.008167311549186707,4100,233968,0.87,2856,0.001
-10.05418824,55.49,1.4932384490966797,81,234528,0.004053018055856228,4110,234427,0.89,2862,0.001
-9.82488184,52.43,1.4085581302642822,81,235028,0.013251712545752525,4120,234927,0.91,2868,0.001
-9.48056212,48.24,1.6547369956970215,81,235428,0.0070022717118263245,4130,235327,0.92,2873,0.001
-9.320714950000001,47.0,1.6189892292022705,81,235856,0.0023047777358442545,4140,235755,0.93,2878,0.001
-9.269664259999999,45.6,1.4556927680969238,81,236244,0.012454653158783913,4150,236143,0.93,2883,0.001
-9.04231221,44.94,1.5439815521240234,81,236628,0.001416488317772746,4160,236527,0.97,2888,0.001
-8.833732080000003,43.89,1.5523762702941895,81,237090,0.025548055768013,4170,236989,0.97,2894,0.001
-8.76025696,43.62,1.5425227880477905,81,237587,0.0023188379127532244,4180,237486,0.99,2900,0.001
-8.82614825,43.91,1.5141150951385498,81,237994,0.00253533897921443,4190,237893,0.98,2905,0.001
-8.69305005,43.69,1.5371359586715698,81,238438,0.0017489035381004214,4200,238337,0.99,2910,0.001
-8.885868490000002,44.68,1.4083101749420166,81,238996,0.008557448163628578,4210,238895,0.98,2917,0.001
-8.73654731,44.12,1.4646672010421753,81,239440,0.004094667732715607,4220,239339,0.98,2923,0.001
-8.90288181,44.64,1.4424896240234375,81,239892,0.0038510975427925587,4230,239791,0.98,2929,0.001
-9.026888580000001,44.36,1.5959322452545166,81,240292,0.007984449155628681,4240,240191,0.98,2934,0.001
-9.183045510000001,44.95,1.5840251445770264,81,240739,0.005255646072328091,4250,240638,0.97,2939,0.001
-9.07631372,44.64,1.4517604112625122,81,241092,0.0018231339054182172,4260,240991,0.96,2943,0.001
-8.822173529999999,43.38,1.573147177696228,81,241428,0.009908532723784447,4270,241327,0.95,2947,0.001
-8.50048854,41.8,1.4919416904449463,81,241767,0.00994247104972601,4280,241666,0.95,2951,0.001
-8.44195722,41.56,1.494277000427246,81,242150,0.0030213436111807823,4290,242049,0.95,2956,0.001
-8.36336552,40.6,1.4045543670654297,81,242498,0.00865856185555458,4300,242397,0.94,2960,0.001
-8.36163381,39.85,1.5253257751464844,81,242981,0.0014917983207851648,4310,242880,0.93,2966,0.001
-8.5691494,39.97,1.4915918111801147,81,243437,0.003119343426078558,4320,243336,0.93,2972,0.001
-8.30865839,39.01,1.4174706935882568,81,243793,0.002246710006147623,4330,243692,0.93,2976,0.001
-8.272438240000001,39.0,1.2678592205047607,81,244192,0.0020372471772134304,4340,244091,0.93,2981,0.001
-8.121574099999998,38.24,1.5367341041564941,81,244563,0.010712976567447186,4350,244462,0.92,2986,0.001
-8.1918793,38.59,1.4874074459075928,81,244951,0.00217003608122468,4360,244850,0.92,2991,0.001
-8.326928759999998,39.31,1.598641276359558,81,245359,0.0023273886181414127,4370,245258,0.93,2996,0.001
-8.70839222,40.55,1.4808170795440674,81,245822,0.005063386633992195,4380,245721,0.91,3002,0.001
-8.93710725,42.35,1.6140220165252686,81,246385,0.006844831630587578,4390,246284,0.92,3009,0.001
-9.033299649999998,43.72,1.536499261856079,81,246870,0.004257592372596264,4400,246769,0.93,3015,0.001
-8.849913839999997,43.45,1.5607879161834717,81,247326,0.002526313066482544,4410,247225,0.94,3020,0.001
-8.89762213,45.43,1.689574122428894,81,247980,0.008975449949502945,4420,247879,0.93,3028,0.001
-8.86940024,45.77,1.7377063035964966,81,248370,0.005436575505882502,4430,248269,0.93,3033,0.001
-8.93317129,45.83,1.655914306640625,81,248775,0.0029735788702964783,4440,248674,0.93,3038,0.001
-8.89877443,45.85,1.564097285270691,81,249148,0.004434145055711269,4450,249047,0.95,3043,0.001
-8.894153510000002,46.39,1.5835882425308228,81,249590,0.004578004125505686,4460,249489,0.96,3048,0.001
-9.05821547,46.5,1.641727089881897,81,250009,0.0036265577655285597,4470,249908,0.96,3054,0.001
-8.872368889999999,46.53,1.535976767539978,81,250475,0.0074212271720170975,4480,250374,0.98,3059,0.001
-8.91886996,47.83,1.6849682331085205,81,251168,0.0023176120594143867,4490,251067,0.98,3068,0.001
-8.990431560000001,48.26,1.4031696319580078,81,251696,0.0058980779722332954,4500,251595,0.98,3075,0.001
-8.72916878,47.63,1.3988938331604004,81,252089,0.0023486404679715633,4510,251988,0.98,3079,0.001
-8.76847945,46.51,1.519644021987915,81,252631,0.0024096230044960976,4520,252530,0.99,3086,0.001
-8.939708860000001,46.83,1.5577383041381836,81,253053,0.0037008728832006454,4530,252952,0.99,3091,0.001
-8.95184389,48.71,1.5031335353851318,81,253646,0.0020460900850594044,4540,253545,0.99,3099,0.001
-8.978097839999998,49.51,1.468228816986084,81,254099,0.005260830745100975,4550,253998,0.97,3104,0.001
-9.071616310000001,49.38,1.619201898574829,81,254528,0.0024688593111932278,4560,254427,0.95,3110,0.001
-9.02907396,49.78,1.4855233430862427,81,254987,0.0021591626573354006,4570,254886,0.94,3115,0.001
-8.989126930000001,49.28,1.4976269006729126,81,255403,0.007420897949486971,4580,255302,0.93,3121,0.001
-8.749107389999999,46.83,1.5592650175094604,81,255851,0.003777631325647235,4590,255750,0.93,3126,0.001
-8.60063919,44.95,1.499100923538208,81,256191,0.002905419562011957,4600,256090,0.91,3130,0.001
-8.66214943,44.72,1.4063470363616943,81,256561,0.0019332582596689463,4610,256460,0.92,3135,0.001
-8.32560394,43.36,1.5599949359893799,81,256967,0.0032825651578605175,4620,256866,0.92,3140,0.001
-8.30296399,43.66,1.5942555665969849,81,257419,0.005093777552247047,4630,257318,0.91,3145,0.001
-8.2634468,41.84,1.4105790853500366,81,257830,0.004599466919898987,4640,257729,0.9,3151,0.001
-8.215691780000002,41.12,1.4408814907073975,81,258211,0.0015999325551092625,4650,258110,0.91,3155,0.001
-8.19344188,41.01,1.4736278057098389,81,258629,0.0031569954007864,4660,258528,0.92,3160,0.001
-8.09137062,40.69,1.5548033714294434,81,259056,0.0026108818128705025,4670,258955,0.93,3166,0.001
-8.03067285,40.65,1.4346203804016113,81,259468,0.004406677559018135,4680,259367,0.93,3171,0.001
-7.85284142,39.68,1.5565717220306396,81,259819,0.005229852627962828,4690,259718,0.93,3175,0.001
-8.070704860000001,41.17,1.8452398777008057,81,260308,0.00944550521671772,4700,260207,0.94,3181,0.001
-8.310721480000002,41.99,1.603985071182251,81,260760,0.013702500611543655,4710,260659,0.94,3186,0.001
-8.14409563,41.27,1.4461283683776855,81,261094,0.007316997274756432,4720,260993,0.94,3191,0.001
-7.972872769999999,40.53,1.487722396850586,81,261472,0.005474516190588474,4730,261371,0.95,3195,0.001
-8.06866284,42.01,1.6589012145996094,81,262031,0.004493625834584236,4740,261930,0.94,3202,0.001
-8.371088259999999,42.74,1.3968167304992676,81,262485,0.005604797508567572,4750,262384,0.94,3208,0.001
-8.467858099999999,43.32,1.734635829925537,81,262961,0.0021931068040430546,4760,262860,0.95,3214,0.001
-8.73932504,43.89,1.6143580675125122,81,263445,0.0061479900032281876,4770,263344,0.94,3219,0.001
-8.91266878,44.38,1.5922648906707764,81,263906,0.0029232760425657034,4780,263805,0.95,3225,0.001
-9.11539685,45.24,1.5826807022094727,81,264343,0.012080398388206959,4790,264242,0.95,3230,0.001
-8.79000952,43.8,1.6276636123657227,81,264688,0.004274520091712475,4800,264587,0.96,3235,0.001
-8.872994830000001,44.14,1.563703179359436,81,265174,0.0032157734967768192,4810,265073,0.95,3241,0.001
-9.15605126,45.42,1.4191455841064453,81,265636,0.002390087815001607,4820,265535,0.95,3246,0.001
-9.15854124,45.13,1.5575156211853027,81,265985,0.003642619587481022,4830,265884,0.94,3251,0.001
-9.259259759999999,45.13,1.5487701892852783,81,266544,0.002310717012733221,4840,266443,0.95,3257,0.001
-9.093869239999998,45.16,1.4387540817260742,81,267001,0.0029350752010941505,4850,266900,0.96,3263,0.001
-8.98903466,45.84,1.4822964668273926,81,267545,0.0033239610493183136,4860,267444,0.96,3270,0.001
-8.902608710000003,46.38,1.6921889781951904,81,268083,0.016050666570663452,4870,267982,0.97,3276,0.001
-8.736303930000002,45.96,1.482187032699585,81,268502,0.0014939885586500168,4880,268401,0.96,3281,0.001
-8.584404229999999,45.24,1.5050735473632812,81,268867,0.005131400190293789,4890,268766,0.96,3286,0.001
-8.75534944,46.47,1.6474930047988892,81,269335,0.0034536123275756836,4900,269234,0.96,3292,0.001
-8.585060760000001,45.7,1.6773362159729004,81,269744,0.006772349588572979,4910,269643,0.97,3297,0.001
-8.66752038,47.65,1.4029245376586914,81,270401,0.0035437848418951035,4920,270300,0.96,3305,0.001
-8.82768609,48.2,1.5310274362564087,81,270805,0.0031349000055342913,4930,270704,0.96,3310,0.001
-8.57717184,46.95,1.4975049495697021,81,271239,0.002880915068089962,4940,271138,0.96,3315,0.001
-8.528705599999999,47.16,1.5369709730148315,81,271717,0.003355732187628746,4950,271616,0.96,3321,0.001
-8.67820943,46.72,1.5084807872772217,81,272217,0.002188804093748331,4960,272116,0.93,3327,0.001
-8.4910181,45.4,1.6978917121887207,81,272623,0.0034368420019745827,4970,272522,0.93,3332,0.001
-8.68678738,48.02,1.5242586135864258,81,273304,0.0025206119753420353,4980,273203,0.91,3340,0.001
-8.617187459999998,47.77,1.47334623336792,81,273644,0.006312062498182058,4990,273543,0.9,3345,0.001
-8.3754166,46.22,1.7163599729537964,81,273957,0.006517485249787569,5000,273856,0.89,3348,0.001
-8.36334462,46.48,1.5417485237121582,81,274392,0.005191167816519737,5010,274291,0.88,3354,0.001
-8.15665956,44.05,1.4598064422607422,81,274806,0.0030716361943632364,5020,274705,0.87,3359,0.001
-8.2867434,44.67,1.655440330505371,81,275272,0.0032082919497042894,5030,275171,0.87,3365,0.001
-8.349048459999999,45.1,1.5242937803268433,81,275749,0.0020526053849607706,5040,275648,0.87,3371,0.001
-8.287041760000001,43.89,1.4048917293548584,81,276106,0.01002955250442028,5050,276005,0.86,3375,0.001
-8.32980255,47.63,1.6544885635375977,81,276980,0.004411118105053902,5060,276879,0.87,3386,0.001
-8.342809979999998,48.57,1.8515870571136475,81,277480,0.003180134342983365,5070,277379,0.87,3392,0.001
-7.959822399999999,45.15,1.4718666076660156,81,277819,0.00813803356140852,5080,277718,0.9,3396,0.001
-8.349338620000003,48.48,1.599839210510254,81,278492,0.0029125192668288946,5090,278391,0.89,3404,0.001
-8.808009729999998,50.78,1.4180221557617188,81,279035,0.0019204613054171205,5100,278934,0.89,3411,0.001
-8.89365291,50.46,1.6142754554748535,81,279438,0.006180050317198038,5110,279337,0.88,3416,0.001
-8.802965370000003,51.12,1.5801526308059692,81,279918,0.003902898635715246,5120,279817,0.9,3422,0.001
-8.76129763,50.77,1.4276783466339111,81,280349,0.002034318633377552,5130,280248,0.89,3427,0.001
-8.91114016,50.82,1.721808910369873,81,280831,0.004005179740488529,5140,280730,0.87,3433,0.001
-9.07076547,53.17,1.62502920627594,81,281423,0.009659511968493462,5150,281322,0.88,3441,0.001
-8.889153440000001,49.3,1.670226812362671,81,281910,0.005799588747322559,5160,281809,0.9,3447,0.001
-8.75853259,47.59,1.6901662349700928,81,282239,0.007702577393501997,5170,282138,0.9,3451,0.001
-9.00259022,47.8,1.5280786752700806,81,282599,0.0029316493310034275,5180,282498,0.89,3455,0.001
-9.22104895,50.42,1.5023961067199707,81,283534,0.0033568348735570908,5190,283433,0.88,3467,0.001
-9.006364439999999,49.1,1.5528619289398193,81,283945,0.0023101638071238995,5200,283844,0.89,3472,0.001
-8.995148060000002,49.67,1.4614911079406738,81,284405,0.0071151768788695335,5210,284304,0.91,3477,0.001
-8.96108885,48.37,1.5369887351989746,81,284755,0.005962101276963949,5220,284654,0.91,3482,0.001
-9.201954429999999,49.32,1.5194697380065918,81,285281,0.002498215762898326,5230,285180,0.92,3488,0.001
-8.85310865,48.08,1.552828073501587,81,285639,0.0047055697068572044,5240,285538,0.95,3493,0.001
-8.763019340000001,46.48,1.5622665882110596,81,286071,0.006734832189977169,5250,285970,0.95,3498,0.001
-8.82400406,46.1,1.6411092281341553,81,286520,0.0021590793039649725,5260,286419,0.94,3504,0.001
-9.071147160000002,47.57,1.5499036312103271,81,286996,0.005650928709656,5270,286895,0.93,3509,0.001
-8.973411419999998,47.77,1.5798569917678833,81,287376,0.0029257023707032204,5280,287275,0.93,3514,0.001
-8.5654631,42.24,1.540698528289795,81,287758,0.0043300543911755085,5290,287657,0.95,3519,0.001
-8.56926624,42.18,1.6103771924972534,81,288163,0.004644735250622034,5300,288062,0.94,3524,0.001
-8.4006788,41.25,1.6268672943115234,81,288530,0.006171020679175854,5310,288429,0.92,3528,0.001
-8.69791401,44.35,1.5680623054504395,81,289190,0.007827705703675747,5320,289089,0.92,3536,0.001
-8.19662611,42.99,1.5870938301086426,81,289580,0.035491906106472015,5330,289479,0.93,3541,0.001
-8.248495070000002,43.47,1.5284457206726074,81,289986,0.004366707988083363,5340,289885,0.93,3546,0.001
-8.53931576,45.1,1.5478408336639404,81,290581,0.007661714218556881,5350,290480,0.93,3554,0.001
-8.407106979999998,44.16,1.6173741817474365,81,290936,0.002694597700610757,5360,290835,0.92,3558,0.001
-8.32212581,44.19,1.5752447843551636,81,291415,0.0033533975947648287,5370,291314,0.93,3564,0.001
-8.388782889999998,44.38,1.4323956966400146,81,291814,0.009921802207827568,5380,291713,0.93,3569,0.001
-8.38901303,44.28,1.7388211488723755,81,292186,0.007225362118333578,5390,292085,0.93,3573,0.001
-8.22161435,43.7,1.5194306373596191,81,292533,0.0026967981830239296,5400,292432,0.93,3578,0.001
-8.04866908,43.39,1.6198296546936035,81,292869,0.003556975396350026,5410,292768,0.94,3582,0.001
-7.994187890000001,40.94,1.4192135334014893,81,293284,0.00468028336763382,5420,293183,0.93,3587,0.001
-8.137746479999999,40.68,1.535853385925293,81,293648,0.003313333261758089,5430,293547,0.91,3591,0.001
-8.143109729999999,40.48,1.7699177265167236,81,294034,0.013257361017167568,5440,293933,0.91,3596,0.001
-7.92519516,39.02,1.6892352104187012,81,294483,0.012847589328885078,5450,294382,0.91,3602,0.001
-7.79433528,39.61,1.544386625289917,81,294897,0.00242563895881176,5460,294796,0.93,3607,0.001
-7.664172679999999,38.39,1.6687366962432861,81,295254,0.0031579378992319107,5470,295153,0.91,3611,0.001
-7.668235659999999,38.79,1.5826008319854736,81,295693,0.002972933929413557,5480,295592,0.92,3617,0.001
-7.587829360000001,39.2,1.5511219501495361,81,296106,0.003714589634910226,5490,296005,0.92,3622,0.001
-7.574779469999999,39.32,1.5362435579299927,81,296465,0.008941828273236752,5500,296364,0.92,3626,0.001
-7.920726439999999,40.15,1.5668190717697144,81,296884,0.010128593072295189,5510,296783,0.93,3631,0.001
-7.868677739999999,40.75,1.506195068359375,81,297359,0.015450934879481792,5520,297258,0.94,3637,0.001
-7.8507522199999995,41.69,1.8254553079605103,81,297817,0.029547179117798805,5530,297716,0.96,3643,0.001
-7.957896750000001,42.13,1.504419207572937,81,298247,0.010925106704235077,5540,298146,0.95,3648,0.001
-8.140215640000001,42.6,1.5636909008026123,81,298743,0.002110190223902464,5550,298642,0.95,3654,0.001
-8.43084013,42.63,1.7060546875,81,299160,0.004468656610697508,5560,299059,0.95,3659,0.001
-8.496221639999998,42.91,1.4574317932128906,81,299545,0.004984230734407902,5570,299444,0.97,3664,0.001
-8.555017829999999,42.76,1.6436517238616943,81,299969,0.007841085083782673,5580,299868,0.96,3669,0.001
-8.56221098,42.26,1.7576533555984497,81,300332,0.008538426831364632,5590,300231,0.96,3674,0.001
-8.77181549,42.51,1.5705333948135376,81,300716,0.005740624852478504,5600,300615,0.96,3679,0.001
-8.6800871,42.28,1.559429407119751,81,301112,0.005723447538912296,5610,301011,0.96,3684,0.001
-8.78085729,42.35,1.6689989566802979,81,301594,0.0031639388762414455,5620,301493,0.94,3689,0.001
-8.91340526,42.16,1.6169517040252686,81,302033,0.0034850584343075752,5630,301932,0.94,3695,0.001
-8.868880529999998,41.67,1.5664317607879639,81,302414,0.005432147532701492,5640,302313,0.94,3700,0.001
-8.678825549999999,41.58,1.5448079109191895,81,302901,0.008931651711463928,5650,302800,0.94,3706,0.001
-8.54084001,41.49,1.4630045890808105,81,303309,0.015314383432269096,5660,303208,0.94,3711,0.001
-8.75790373,42.33,1.4873656034469604,81,303778,0.010168822482228279,5670,303677,0.93,3717,0.001
-8.853253819999999,42.51,1.4936368465423584,81,304220,0.007950300350785255,5680,304119,0.94,3722,0.001
-9.00237764,43.53,1.5441348552703857,81,304685,0.0029885030817240477,5690,304584,0.95,3728,0.001
-9.07391363,44.63,1.5767168998718262,81,305179,0.0035743126645684242,5700,305078,0.96,3734,0.001
-9.109824880000001,44.98,1.6010878086090088,81,305610,0.003120279870927334,5710,305509,0.93,3739,0.001
-8.7225545,43.18,1.5245178937911987,81,305912,0.006944793276488781,5720,305811,0.95,3743,0.001
-8.66938513,42.84,1.4607000350952148,81,306317,0.008700973354279995,5730,306216,0.94,3748,0.001
-8.64814805,44.13,1.3977100849151611,81,306827,0.0036758093629032373,5740,306726,0.95,3754,0.001
-8.69525882,44.35,1.6701459884643555,81,307336,0.004717111587524414,5750,307235,0.94,3760,0.001
-8.70755601,46.11,1.531630039215088,81,307920,0.003553615417331457,5760,307819,0.93,3767,0.001
-8.699493539999999,45.88,1.7753403186798096,81,308366,0.003681840840727091,5770,308265,0.94,3773,0.001
-8.676951809999998,45.77,1.5944256782531738,81,308797,0.005772601813077927,5780,308696,0.94,3778,0.001
-8.721859459999997,46.07,1.6753530502319336,81,309292,0.0036788322031497955,5790,309191,0.94,3784,0.001
-8.61278305,45.76,1.695507526397705,81,309755,0.01241939328610897,5800,309654,0.93,3790,0.001
-8.614971910000001,45.3,1.3476656675338745,81,310140,0.003132177982479334,5810,310039,0.95,3795,0.001
-9.14577221,47.49,1.7033345699310303,81,310661,0.006692186463624239,5820,310560,0.94,3801,0.001
-9.26884957,48.2,1.7233285903930664,81,311137,0.0029722778126597404,5830,311036,0.94,3807,0.001
-9.30075874,47.07,1.6409696340560913,81,311534,0.007271370850503445,5840,311433,0.94,3812,0.001
-9.210554369999999,46.92,1.553067922592163,81,312028,0.002194603206589818,5850,311927,0.94,3818,0.001
-9.013596960000001,44.8,1.319509744644165,81,312400,0.002663426101207733,5860,312299,0.95,3822,0.001
-8.7745387,44.36,1.717183232307434,81,312802,0.015926796942949295,5870,312701,0.95,3827,0.001
-8.6372785,43.68,1.517770528793335,81,313165,0.006380916573107243,5880,313064,0.95,3832,0.001
-8.39723844,42.12,1.5971812009811401,81,313504,0.00751873105764389,5890,313403,0.95,3836,0.001
-8.35476586,41.19,1.6224582195281982,81,313874,0.004104824736714363,5900,313773,0.95,3841,0.001
-8.165666270000001,40.66,1.7658603191375732,81,314206,0.004237535409629345,5910,314105,0.96,3845,0.001
-7.85851402,39.41,1.745365858078003,81,314602,0.006424246355891228,5920,314501,0.96,3850,0.001
-7.78483877,38.45,1.4882322549819946,81,314982,0.0022671965416520834,5930,314881,0.96,3854,0.001
-7.769544840000001,38.27,1.6967263221740723,81,315361,0.005973280407488346,5940,315260,0.96,3859,0.001
-7.700596969999999,37.36,1.5628407001495361,81,315764,0.0029200678691267967,5950,315663,0.97,3864,0.001
-7.9611791499999995,37.62,1.6401628255844116,81,316162,0.0045581781305372715,5960,316061,0.96,3869,0.001
-8.119638819999999,37.88,1.688901662826538,81,316590,0.004178984090685844,5970,316489,0.96,3874,0.001
-8.09966519,37.77,1.636790156364441,81,316942,0.0069605764001607895,5980,316841,0.93,3878,0.001
-8.132249049999999,37.83,1.517193078994751,81,317287,0.0037964212242513895,5990,317186,0.93,3882,0.001
-8.01318912,37.48,1.628867506980896,81,317622,0.01113612949848175,6000,317521,0.93,3887,0.001
-8.17102847,38.19,1.5348005294799805,81,318025,0.005927667487412691,6010,317924,0.93,3892,0.001
-8.32623696,38.32,1.7095005512237549,81,318434,0.004243426490575075,6020,318333,0.92,3897,0.001
-8.10408251,37.88,1.639258861541748,81,318770,0.004401111509650946,6030,318669,0.92,3901,0.001
-8.16452555,38.07,1.5395691394805908,81,319168,0.014347223564982414,6040,319067,0.9,3906,0.001
-8.23359109,37.95,1.61365807056427,81,319559,0.004436329938471317,6050,319458,0.9,3910,0.001
-8.044654750000001,37.63,1.6169650554656982,81,319925,0.005313954781740904,6060,319824,0.91,3915,0.001
-7.978796690000001,37.16,1.7116827964782715,81,320306,0.002318461425602436,6070,320205,0.91,3920,0.001
-8.131197380000001,37.99,1.7134464979171753,81,320741,0.004029484465718269,6080,320640,0.93,3925,0.001
-8.161681289999999,39.13,1.6732662916183472,81,321200,0.007393218111246824,6090,321099,0.92,3930,0.001
-8.166336110000001,39.46,1.5621565580368042,81,321568,0.002738738665357232,6100,321467,0.92,3935,0.001
-8.478712739999999,41.72,1.672447919845581,81,322197,0.002160873031243682,6110,322096,0.92,3943,0.001
-8.44490222,41.91,1.5772359371185303,81,322625,0.004256692714989185,6120,322524,0.94,3948,0.001
-8.49303406,42.33,1.628764033317566,81,323003,0.0031768172048032284,6130,322902,0.94,3953,0.001
-8.63799117,42.73,1.5314269065856934,81,323441,0.006598893087357283,6140,323340,0.96,3958,0.001
-8.68053171,42.8,1.5576517581939697,81,323839,0.00897208508104086,6150,323738,0.96,3963,0.001
-8.67438381,42.41,1.6574304103851318,81,324166,0.007073379121720791,6160,324065,0.95,3967,0.001
-8.50348387,42.25,1.509574294090271,81,324531,0.004449232015758753,6170,324430,0.95,3971,0.001
-8.481707870000001,42.2,1.8171998262405396,81,324961,0.0036789695732295513,6180,324860,0.95,3977,0.001
-8.43333729,41.22,1.6379598379135132,81,325322,0.0044458662159740925,6190,325221,0.96,3981,0.001
-8.662624679999999,41.73,1.6585434675216675,81,325741,0.005179083906114101,6200,325640,0.96,3986,0.001
-8.154702270000001,39.09,1.470874547958374,81,326106,0.008580325171351433,6210,326005,0.96,3991,0.001
-8.194824939999998,39.2,1.6639562845230103,81,326545,0.004953343421220779,6220,326444,0.96,3996,0.001
-8.274700150000001,39.3,1.505128026008606,81,326933,0.0019350833026692271,6230,326832,0.97,4001,0.001
-7.992362020000001,38.77,1.6554710865020752,81,327318,0.008022177964448929,6240,327217,0.95,4006,0.001
-7.9865607999999995,39.04,1.6303799152374268,81,327743,0.005235828459262848,6250,327642,0.95,4011,0.001
-8.1958938,41.82,1.508400559425354,81,328348,0.0076152184046804905,6260,328247,0.94,4018,0.001
-8.516967569999998,44.89,1.735003113746643,81,329020,0.005226948764175177,6270,328919,0.92,4027,0.001
-8.57761562,44.97,1.5140957832336426,81,329458,0.006368598900735378,6280,329357,0.93,4032,0.001
-8.584589309999998,45.32,1.6276752948760986,81,329854,0.0045213038101792336,6290,329753,0.93,4037,0.001
-8.66937126,46.15,1.5495092868804932,81,330356,0.004962418228387833,6300,330255,0.94,4043,0.001
-8.883769840000001,46.8,1.7303824424743652,81,330786,0.004583157133311033,6310,330685,0.93,4048,0.001
-8.508193839999999,45.87,1.5183943510055542,81,331132,0.006183653138577938,6320,331031,0.93,4052,0.001
-8.754399700000002,47.86,1.7300198078155518,81,331719,0.00521148182451725,6330,331618,0.92,4060,0.001
-8.852087160000002,48.25,1.4769041538238525,81,332143,0.0029661711305379868,6340,332042,0.94,4065,0.001
-8.76743772,48.05,1.557474136352539,81,332548,0.002582504414021969,6350,332447,0.93,4070,0.001
-8.7779424,46.31,1.63253915309906,81,332979,0.0025072169955819845,6360,332878,0.95,4075,0.001
-8.47931153,43.17,1.652764081954956,81,333337,0.003151953686028719,6370,333236,0.97,4079,0.001
-8.173805779999999,42.44,1.4964125156402588,81,333702,0.008065169677138329,6380,333601,0.97,4084,0.001
-8.130391809999999,41.74,1.6827805042266846,81,334028,0.006365054287016392,6390,333927,0.97,4088,0.001
-8.1062882,41.64,1.6324845552444458,81,334520,0.0041715893894433975,6400,334419,0.97,4094,0.001
-8.27734367,41.95,1.5582818984985352,81,334981,0.00287914602085948,6410,334880,0.96,4099,0.001
-8.575455629999999,42.95,1.5774465799331665,81,335427,0.002774315420538187,6420,335326,0.95,4104,0.001
-8.38480905,41.24,1.631557822227478,81,335843,0.0041696010157465935,6430,335742,0.96,4109,0.001
-8.47025402,41.36,1.5251950025558472,81,336279,0.012099397368729115,6440,336178,0.95,4115,0.001
-8.31907614,40.86,1.6695008277893066,81,336634,0.003980967216193676,6450,336533,0.95,4119,0.001
-8.373413520000001,41.15,1.4859747886657715,81,337094,0.00483150826767087,6460,336993,0.94,4125,0.001
-8.56473849,41.67,1.6024913787841797,81,337504,0.00959996972233057,6470,337403,0.94,4130,0.001
-8.63174203,41.65,1.4408824443817139,81,337867,0.008631821721792221,6480,337766,0.94,4134,0.001
-8.79848218,42.09,1.6297863721847534,81,338237,0.0031862822361290455,6490,338136,0.94,4139,0.001
-8.576523850000001,40.81,1.6288450956344604,81,338601,0.011293959803879261,6500,338500,0.94,4143,0.001
-8.305548489999998,40.27,1.654026746749878,81,339008,0.004439422395080328,6510,338907,0.96,4148,0.001
-8.28838864,39.72,1.475015640258789,81,339399,0.003201067680492997,6520,339298,0.96,4153,0.001
-8.44351597,40.44,1.5379080772399902,81,339887,0.0034949788823723793,6530,339786,0.95,4159,0.001
-8.25615863,39.75,1.6043130159378052,81,340254,0.006656772457063198,6540,340153,0.95,4164,0.001
-8.629395970000001,43.02,1.6756675243377686,81,340936,0.004496043082326651,6550,340835,0.95,4172,0.001
-8.350963369999999,42.26,1.6208412647247314,81,341320,0.010756280273199081,6560,341219,0.96,4177,0.001
-8.287301059999999,42.07,1.6227905750274658,81,341711,0.0032668225467205048,6570,341610,0.95,4182,0.001
-8.413543270000002,43.16,1.504928469657898,81,342183,0.002505696378648281,6580,342082,0.95,4187,0.001
-8.318996049999999,43.21,1.648219108581543,81,342558,0.00256994622759521,6590,342457,0.95,4192,0.001
-8.40986169,43.99,1.6007497310638428,81,343000,0.003517936449497938,6600,342899,0.94,4198,0.001
-8.478503540000002,44.4,1.57843816280365,81,343448,0.003844726597890258,6610,343347,0.94,4203,0.001
-8.339689499999999,44.27,1.6630104780197144,81,343826,0.003468002425506711,6620,343725,0.94,4208,0.001
-8.14090106,43.46,1.7801475524902344,81,344233,0.004962937440723181,6630,344132,0.95,4213,0.001
-8.23002598,43.78,1.6482003927230835,81,344632,0.003126528114080429,6640,344531,0.96,4218,0.001
-8.16566281,42.65,1.6467688083648682,81,345201,0.004238831344991922,6650,345100,0.97,4225,0.001
-8.444779439999998,43.26,1.5874594449996948,81,345646,0.005964931566268206,6660,345545,0.96,4230,0.001
-8.464750879999999,43.51,1.6261916160583496,81,346062,0.0056609646417200565,6670,345961,0.97,4235,0.001
-8.312902509999999,42.05,1.5143498182296753,81,346388,0.00465569831430912,6680,346287,0.96,4239,0.001
-8.44200987,42.41,1.6365795135498047,81,346799,0.00230944505892694,6690,346698,0.95,4244,0.001
-8.493656869999999,42.8,1.7448052167892456,81,347280,0.030398035421967506,6700,347179,0.96,4250,0.001
-8.662236049999999,42.89,1.598818063735962,81,347737,0.013101264834403992,6710,347636,0.96,4256,0.001
-8.932527690000002,45.22,1.5907049179077148,81,348348,0.002733491826802492,6720,348247,0.97,4264,0.001
-8.9588915,45.18,1.5716030597686768,81,348751,0.004182654432952404,6730,348650,0.97,4269,0.001
-9.01000913,45.45,1.7691123485565186,81,349177,0.008944573812186718,6740,349076,0.97,4274,0.001
-8.83789501,43.71,1.5711572170257568,81,349572,0.004203772637993097,6750,349471,0.97,4279,0.001
-8.941943320000002,46.63,1.589483618736267,81,350309,0.00917304027825594,6760,350208,0.97,4288,0.001
-8.87060727,46.79,1.7163090705871582,81,350741,0.006375736091285944,6770,350640,0.97,4293,0.001
-9.029908739999998,47.68,1.5664353370666504,81,351156,0.005021828692406416,6780,351055,0.98,4298,0.001
-9.068125570000001,48.2,1.6493070125579834,81,351619,0.0055597200989723206,6790,351518,0.98,4304,0.001
-9.045665730000001,47.89,1.4740396738052368,81,352069,0.004269178491085768,6800,351968,0.98,4310,0.001
-8.82636564,47.22,1.5902854204177856,81,352459,0.00435623899102211,6810,352358,0.98,4314,0.001
-8.487345229999999,44.71,1.6698825359344482,81,352819,0.009223873727023602,6820,352718,0.98,4319,0.001
-8.261878009999998,43.9,1.5345051288604736,81,353141,0.006511636544018984,6830,353040,0.97,4323,0.001
-8.2114327,43.93,1.5872490406036377,81,353570,0.007804806809872389,6840,353469,0.96,4328,0.001
-8.28167702,43.99,1.5260109901428223,81,353971,0.006518869195133448,6850,353870,0.96,4333,0.001
-8.12761382,40.79,1.519206166267395,81,354388,0.0034563110675662756,6860,354287,0.97,4338,0.001
-8.59316594,44.4,1.7199294567108154,81,355181,0.0056349304504692554,6870,355080,0.95,4348,0.001
-8.48690705,44.19,1.3073205947875977,81,355575,0.003656296990811825,6880,355474,0.94,4353,0.001
-8.637643959999998,48.43,1.4004584550857544,81,356462,0.007003329694271088,6890,356361,0.94,4364,0.001
-8.99261521,50.47,1.7634518146514893,81,357116,0.0046578929759562016,6900,357015,0.92,4372,0.001
-9.3075105,52.43,1.4007952213287354,81,357702,0.004125683102756739,6910,357601,0.92,4379,0.001
-9.479453,53.0,1.5305113792419434,81,358119,0.0037407102063298225,6920,358018,0.92,4384,0.001
-10.065219720000002,56.98,1.6360270977020264,81,358839,0.0033150683157145977,6930,358738,0.92,4393,0.001
-10.1157225,56.88,1.3901000022888184,81,359258,0.003286950755864382,6940,359157,0.92,4398,0.001
-10.44512779,59.93,1.6150801181793213,81,359964,0.0033431309275329113,6950,359863,0.92,4407,0.001
-10.569551719999998,61.12,1.4452919960021973,81,360500,0.004094379022717476,6960,360399,0.9,4413,0.001
-10.14369426,57.49,1.4549400806427002,81,360930,0.0034146709367632866,6970,360829,0.92,4419,0.001
-10.33384124,60.29,1.6421537399291992,81,361604,0.004499797709286213,6980,361503,0.92,4427,0.001
-10.32368431,55.89,1.403157353401184,81,362051,0.00403042696416378,6990,361950,0.9,4433,0.001
-9.78386513,52.68,1.6365071535110474,81,362384,0.01689166948199272,7000,362283,0.92,4437,0.001
-9.33016397,49.98,1.659456491470337,81,362700,0.006777871400117874,7010,362599,0.91,4441,0.001
-9.29719582,49.88,1.6395667791366577,81,363107,0.024185802787542343,7020,363006,0.91,4446,0.001
-9.016516670000001,48.95,1.5148859024047852,81,363734,0.002818901091814041,7030,363633,0.92,4453,0.001
-9.21203365,49.77,1.5064074993133545,81,364235,0.005677222274243832,7040,364134,0.92,4459,0.001
-8.77357739,46.65,1.4895970821380615,81,364629,0.008963408879935741,7050,364528,0.91,4464,0.001
-9.070561269999999,48.92,1.585911750793457,81,365392,0.007750895339995623,7060,365291,0.93,4474,0.001
-9.37778462,49.36,1.5612995624542236,81,365866,0.004112604074180126,7070,365765,0.93,4480,0.001
-9.153807409999999,47.05,1.6458649635314941,81,366309,0.01864182949066162,7080,366208,0.94,4485,0.001
-9.03116819,47.63,1.7482548952102661,81,366814,0.005550806876271963,7090,366713,0.96,4492,0.001
-9.2150923,48.11,1.6675431728363037,81,367195,0.007214168552309275,7100,367094,0.96,4497,0.001
-9.501106630000002,50.05,1.6230900287628174,81,367705,0.006975472439080477,7110,367604,0.96,4503,0.001
-9.63800289,50.4,1.638861060142517,81,368147,0.006117797456681728,7120,368046,0.95,4509,0.001
-9.484634380000001,48.25,1.6905782222747803,81,368559,0.004013882949948311,7130,368458,0.95,4514,0.001
-9.426022840000002,48.8,1.5069327354431152,81,369115,0.0032226084731519222,7140,369014,0.95,4521,0.001
-9.65308838,51.99,1.5245966911315918,81,369828,0.007127850316464901,7150,369727,0.96,4529,0.001
-9.62970558,59.14,1.622395634651184,81,371306,0.0067732855677604675,7160,371205,0.92,4548,0.001
-9.519906659999998,59.09,1.5776617527008057,81,371775,0.010343318805098534,7170,371674,0.91,4553,0.001
-9.70202498,60.31,1.696185827255249,81,372340,0.007562573999166489,7180,372239,0.91,4560,0.001
-9.6849046,60.17,1.6475032567977905,81,372831,0.005092944949865341,7190,372730,0.92,4566,0.001
-9.53954564,60.52,1.515802025794983,81,373247,0.003073904663324356,7200,373146,0.92,4571,0.001
-9.337180080000001,59.24,1.5716876983642578,81,373629,0.003658838337287307,7210,373528,0.93,4576,0.001
-9.468834939999999,62.06,1.529939889907837,81,374353,0.008411253802478313,7220,374252,0.92,4585,0.001
-9.58762317,64.26,1.4549108743667603,81,374985,0.005417605862021446,7230,374884,0.92,4593,0.001
-9.579456819999999,63.07,1.5734145641326904,81,375422,0.00584498280659318,7240,375321,0.92,4598,0.001
-9.47509152,60.24,1.443992257118225,81,375852,0.0038162008859217167,7250,375751,0.92,4603,0.001
-9.144243869999999,51.64,1.5577764511108398,81,376470,0.008510074578225613,7260,376369,0.94,4611,0.001
-9.074375409999998,51.54,1.5182905197143555,81,376929,0.005679767578840256,7270,376828,0.95,4617,0.001
-9.06158848,49.9,1.6428782939910889,81,377330,0.006298270542174578,7280,377229,0.95,4622,0.001
-9.047716659999999,49.54,1.6966432332992554,81,377785,0.0019510785350576043,7290,377684,0.94,4627,0.001
-9.19148646,49.44,1.413344383239746,81,378191,0.00637204572558403,7300,378090,0.93,4632,0.001
-9.38596805,52.22,1.7045289278030396,81,378851,0.010525308549404144,7310,378750,0.92,4640,0.001
-9.281973449999999,49.31,1.5720393657684326,81,379284,0.0023266817443072796,7320,379183,0.94,4646,0.001
-9.35733632,47.17,1.7376552820205688,81,379702,0.007155499886721373,7330,379601,0.93,4651,0.001
-9.0604344,46.84,1.557072639465332,81,380106,0.003873977577313781,7340,380005,0.94,4656,0.001
-9.024348999999999,47.1,1.418222188949585,81,380562,0.01327934768050909,7350,380461,0.92,4661,0.001
-8.91610034,45.62,1.5406913757324219,81,381032,0.004614486824721098,7360,380931,0.93,4667,0.001
-9.18424125,46.45,1.8032925128936768,81,381574,0.0037626742850989103,7370,381473,0.9,4674,0.001
-9.262049820000001,48.97,1.5425453186035156,81,382227,0.010792996734380722,7380,382126,0.88,4682,0.001
-9.57783993,51.46,1.5028730630874634,81,382931,0.0037266728468239307,7390,382830,0.88,4691,0.001
-9.89090143,52.51,1.5377966165542603,81,383442,0.013346204534173012,7400,383341,0.89,4697,0.001
-9.80991038,49.88,1.6874430179595947,81,383839,0.017130548134446144,7410,383738,0.9,4702,0.001
-9.774579910000002,50.28,1.6307201385498047,81,384312,0.0028730928897857666,7420,384211,0.9,4708,0.001
-9.78665295,52.89,1.6761776208877563,81,384991,0.0022882316261529922,7430,384890,0.9,4716,0.001
-9.973981380000003,53.15,1.4178838729858398,81,385421,0.014066183008253574,7440,385320,0.9,4721,0.001
-9.874973390000001,52.41,1.4363503456115723,81,385803,0.0065453373827040195,7450,385702,0.92,4726,0.001
-9.73299018,51.37,1.4829427003860474,81,386169,0.010347951203584671,7460,386068,0.93,4731,0.001
-9.398305270000002,50.31,1.4963228702545166,81,386605,0.00375630846247077,7470,386504,0.94,4736,0.001
-9.31713856,47.91,1.7411514520645142,81,387018,0.0041110459715127945,7480,386917,0.96,4741,0.001
-8.72104623,44.43,1.8103036880493164,81,387374,0.008650985546410084,7490,387273,0.96,4745,0.001
-8.244581010000001,43.32,1.683488130569458,81,387774,0.0065712351351976395,7500,387673,0.96,4750,0.001
-8.17124121,43.21,1.5207319259643555,81,388160,0.005336998961865902,7510,388059,0.96,4755,0.001
-8.38772505,45.32,1.5134694576263428,81,388844,0.0036502950824797153,7520,388743,0.94,4763,0.001
-8.185726260000001,42.42,1.5157816410064697,81,389233,0.003760913386940956,7530,389132,0.95,4768,0.001
-8.52350777,48.38,1.4697604179382324,81,390259,0.008948346599936485,7540,390158,0.92,4781,0.001
-8.8384264,52.13,1.7478339672088623,81,391016,0.003952967934310436,7550,390915,0.92,4790,0.001
-8.98591882,54.34,1.7134788036346436,81,391603,0.006756656803190708,7560,391502,0.91,4797,0.001
-9.070364000000001,56.14,1.563253402709961,81,392219,0.012417576275765896,7570,392118,0.92,4804,0.001
-8.82308982,55.32,1.6153916120529175,81,392550,0.006130572408437729,7580,392449,0.92,4808,0.001
-9.52611706,60.22,1.6672579050064087,81,393396,0.0029284830670803785,7590,393295,0.91,4819,0.001
-9.79323195,60.47,1.7590808868408203,81,393821,0.0025447625666856766,7600,393720,0.89,4824,0.001
-9.86931757,61.05,1.5933386087417603,81,394265,0.012783979997038841,7610,394164,0.89,4829,0.001
-9.364493390000002,57.68,1.7680842876434326,81,394612,0.0061516896821558475,7620,394511,0.9,4833,0.001
-9.645559089999999,60.42,1.6877855062484741,81,395275,0.007030656095594168,7630,395174,0.87,4841,0.001
-9.19201423,54.47,1.5105252265930176,81,395706,0.0056341481395065784,7640,395605,0.9,4847,0.001
-9.04543441,53.1,1.6451984643936157,81,396326,0.004007627721875906,7650,396225,0.89,4854,0.001
-9.40610945,55.17,1.5156909227371216,81,397120,0.07585356384515762,7660,397019,0.86,4864,0.001
-9.329585710000002,53.04,1.5908747911453247,81,397523,0.004865474067628384,7670,397422,0.87,4869,0.001
-9.444142089999998,53.63,1.619509220123291,81,397913,0.0043111396953463554,7680,397812,0.87,4873,0.001
-8.74545195,48.47,1.668919324874878,81,398243,0.006371659692376852,7690,398142,0.89,4877,0.001
-8.473565989999999,47.99,1.6414451599121094,81,398620,0.005773198790848255,7700,398519,0.91,4882,0.001
-9.08707476,53.52,1.6503239870071411,81,399617,0.004848141223192215,7710,399516,0.88,4894,0.001
-9.41517746,56.11,1.5282132625579834,81,400223,0.002101107034832239,7720,400122,0.88,4902,0.001
-9.25399404,53.55,1.454014539718628,81,400630,0.007491348776966333,7730,400529,0.9,4907,0.001
-9.271015960000001,53.65,1.6838340759277344,81,401071,0.0042592003010213375,7740,400970,0.9,4913,0.001
-9.15407409,51.53,1.6881742477416992,81,401479,0.008887620642781258,7750,401378,0.91,4918,0.001
-8.92382134,48.65,1.5684475898742676,81,401985,0.008976857177913189,7760,401884,0.93,4924,0.001
-8.977267259999998,48.93,1.5809398889541626,81,402416,0.009624972939491272,7770,402315,0.92,4929,0.001
-9.01183831,49.06,1.5854594707489014,81,402819,0.007737011648714542,7780,402718,0.92,4934,0.001
-9.183540040000002,50.27,1.5904700756072998,81,403270,0.007034154608845711,7790,403169,0.92,4939,0.001
-9.51862112,51.22,1.6514666080474854,81,403742,0.003991296980530024,7800,403641,0.91,4945,0.001
-9.177465980000001,45.87,1.4161127805709839,81,404204,0.014806530438363552,7810,404103,0.91,4951,0.001
-9.200741309999998,44.74,1.668249249458313,81,404697,0.0212605781853199,7820,404596,0.92,4957,0.001
-9.18462596,45.2,1.6325831413269043,81,405150,0.010158943012356758,7830,405049,0.93,4962,0.001
-9.42274204,48.36,1.5196092128753662,81,405907,0.03069760836660862,7840,405806,0.9,4971,0.001
-9.76287497,51.58,1.691353678703308,81,406637,0.019672859460115433,7850,406536,0.89,4980,0.001
-9.769634530000001,51.58,1.614007830619812,81,407143,0.019593873992562294,7860,407042,0.91,4986,0.001
-9.98499267,52.38,1.479621410369873,81,407654,0.002387846354395151,7870,407553,0.9,4992,0.001
-10.176782390000001,55.52,1.6658387184143066,81,408371,0.0037519014440476894,7880,408270,0.89,5001,0.001
-10.443181090000001,58.07,1.7395405769348145,81,409077,0.008348004892468452,7890,408976,0.87,5010,0.001
-10.190046210000002,56.89,1.5640830993652344,81,409431,0.01787479966878891,7900,409330,0.88,5014,0.001
-10.066399590000001,56.84,1.5985013246536255,81,409888,0.00801826547831297,7910,409787,0.91,5019,0.001
-9.919240400000001,56.17,1.7333941459655762,81,410314,0.0043434156104922295,7920,410213,0.91,5025,0.001
-9.79509815,55.24,1.5330531597137451,81,410674,0.004189522936940193,7930,410573,0.91,5029,0.001
-9.710967960000003,51.9,1.6464660167694092,81,411097,0.003839078126475215,7940,410996,0.94,5034,0.001
-9.406923639999999,48.99,1.4979923963546753,81,411536,0.00688448129221797,7950,411435,0.94,5039,0.001
-9.15045266,47.85,1.6767759323120117,81,411928,0.003972599282860756,7960,411827,0.94,5044,0.001
-8.75341566,46.29,1.5792454481124878,81,412283,0.016885017976164818,7970,412182,0.96,5048,0.001
-8.589350660000001,43.05,1.4350306987762451,81,412676,0.003728178096935153,7980,412575,0.97,5053,0.001
-8.53918118,41.35,1.478337049484253,81,413212,0.01238221675157547,7990,413111,0.98,5060,0.001
-8.806462640000001,42.17,1.518289566040039,81,413648,0.0029451397713273764,8000,413547,0.97,5065,0.001
-8.66133786,42.91,1.644353985786438,81,414179,0.005335962399840355,8010,414078,0.97,5071,0.001
-8.82154688,44.95,1.4141831398010254,81,414809,0.00935987289994955,8020,414708,0.97,5079,0.001
-8.80543502,45.54,1.5837328433990479,81,415228,0.00898344162851572,8030,415127,0.97,5084,0.001
-8.66646202,45.17,1.4826807975769043,81,415614,0.008976326324045658,8040,415513,0.97,5089,0.001
-8.875083490000002,45.91,1.4432947635650635,81,416127,0.0036907813046127558,8050,416026,0.98,5095,0.001
-9.154374709999999,48.84,1.6145488023757935,81,416812,0.004917846992611885,8060,416711,0.98,5103,0.001
-9.291612699999996,51.3,1.508156418800354,81,417413,0.0067196255549788475,8070,417312,0.98,5110,0.001
-9.60760065,55.67,1.7981107234954834,81,418243,0.00653056800365448,8080,418142,0.97,5120,0.001
-9.53408808,55.0,1.653749942779541,81,418712,0.004024076275527477,8090,418611,0.98,5126,0.001
-9.38537692,55.72,1.6490273475646973,81,419220,0.03236810490489006,8100,419119,0.99,5132,0.001
-9.7341408,58.16,1.630465030670166,81,419995,0.0038141573313623667,8110,419894,0.97,5142,0.001
-9.63977695,56.01,1.6146528720855713,81,420410,0.008226769044995308,8120,420309,0.97,5147,0.001
-9.887960859999998,58.62,1.6269044876098633,81,421090,0.004089885391294956,8130,420989,0.96,5155,0.001
-9.8710894,59.36,1.6011087894439697,81,421550,0.0046492889523506165,8140,421449,0.96,5161,0.001
-9.82419894,59.03,1.6886036396026611,81,422030,0.004382987506687641,8150,421929,0.94,5166,0.001
-10.15435437,61.73,1.437973976135254,81,422985,0.006209718529134989,8160,422884,0.92,5178,0.001
-10.188751499999999,60.59,1.6016439199447632,81,423472,0.007124314550310373,8170,423371,0.91,5184,0.001
-10.434430639999999,64.79,1.6220495700836182,81,424722,0.003942479379475117,8180,424621,0.89,5199,0.001
-10.53864977,69.51,1.5434350967407227,81,425663,0.004243945237249136,8190,425562,0.88,5210,0.001
-11.58929517,79.78,1.7450716495513916,81,427198,0.0038415351882576942,8200,427097,0.83,5229,0.001
-11.385805150000001,78.06,1.5783188343048096,81,427801,0.011011594906449318,8210,427700,0.83,5236,0.001
-11.317359969999998,78.03,1.822203278541565,81,428213,0.00954718329012394,8220,428112,0.83,5241,0.001
-11.021511700000003,74.86,1.5934207439422607,81,428576,0.005092928186058998,8230,428475,0.84,5245,0.001
-10.907352300000003,74.04,1.515156626701355,81,428954,0.049288712441921234,8240,428853,0.84,5250,0.001
-10.788851819999998,73.79,1.4428282976150513,81,429409,0.006551753263920546,8250,429308,0.86,5256,0.001
-10.33337139,68.93,1.5732686519622803,81,429878,0.005648368038237095,8260,429777,0.86,5261,0.001
-10.40750826,73.5,1.6199499368667603,81,430822,0.006797811947762966,8270,430721,0.86,5273,0.001
-10.122500570000001,68.77,1.6656136512756348,81,431599,0.00479920394718647,8280,431498,0.87,5282,0.001
-9.90301634,63.9,1.6131339073181152,81,432053,0.0028300490230321884,8290,431952,0.88,5287,0.001
-8.782791010000002,52.64,1.513101577758789,81,432462,0.004175528883934021,8300,432361,0.92,5292,0.001
-8.84757267,53.56,1.5273431539535522,81,433157,0.006834687665104866,8310,433056,0.93,5301,0.001
-8.77053167,53.49,1.4736225605010986,81,433562,0.00794591661542654,8320,433461,0.93,5306,0.001
-8.94184565,54.63,1.689892053604126,81,434039,0.0024689212441444397,8330,433938,0.93,5311,0.001
-8.965381619999999,54.53,1.6362271308898926,81,434407,0.004835698753595352,8340,434306,0.93,5316,0.001
-8.9588886,54.33,1.6251220703125,81,434842,0.024917801842093468,8350,434741,0.93,5321,0.001
-8.718494660000001,53.37,1.576175570487976,81,435215,0.0015134213026612997,8360,435114,0.95,5326,0.001
-8.66779951,48.65,1.6044063568115234,81,435687,0.0245607178658247,8370,435586,0.95,5331,0.001
-8.56256647,45.64,1.715067982673645,81,436163,0.009483613073825836,8380,436062,0.97,5337,0.001
-8.6574729,46.26,1.5184885263442993,81,436679,0.010822510346770287,8390,436578,0.94,5343,0.001
-8.884814200000001,48.92,1.576693058013916,81,437354,0.018825536593794823,8400,437253,0.94,5352,0.001
-8.82880081,51.44,1.479710578918457,81,438301,0.028728783130645752,8410,438200,0.93,5363,0.001
-9.345837769999997,59.09,1.721716046333313,81,439471,0.00810847245156765,8420,439370,0.91,5378,0.001
-9.613596289999998,63.69,1.5377016067504883,81,440408,0.015394741669297218,8430,440307,0.89,5389,0.001
-9.50772146,63.93,1.5262222290039062,81,440800,0.0037854963447898626,8440,440699,0.89,5394,0.001
-9.70970415,64.09,1.5499887466430664,81,441251,0.0021928022615611553,8450,441150,0.89,5400,0.001
-10.05215195,67.49,1.5644567012786865,81,441964,0.0037462497130036354,8460,441863,0.88,5408,0.001
-9.99628976,66.95,1.579197645187378,81,442382,0.005199115723371506,8470,442281,0.89,5413,0.001
-9.7674116,66.55,1.638431191444397,81,442818,0.006787932477891445,8480,442717,0.89,5419,0.001
-9.931118559999998,68.82,1.530447244644165,81,443561,0.010344966314733028,8490,443460,0.91,5428,0.001
-10.079775829999999,71.97,1.4926981925964355,81,444551,0.003648711834102869,8500,444450,0.89,5440,0.001
-9.88467923,66.46,1.4814116954803467,81,444947,0.003637726651504636,8510,444846,0.89,5444,0.001
-9.36880153,59.25,1.6119486093521118,81,445396,0.022057512775063515,8520,445295,0.89,5450,0.001
-9.28573647,55.44,1.5902161598205566,81,445952,0.007873116061091423,8530,445851,0.88,5457,0.001
-9.652260349999999,56.41,1.4984976053237915,81,446441,0.008698757737874985,8540,446340,0.87,5462,0.001
-9.368714279999999,57.3,1.5634915828704834,81,446981,0.005189273040741682,8550,446880,0.87,5469,0.001
-9.12619354,54.07,1.5719764232635498,81,447371,0.03765372186899185,8560,447270,0.88,5474,0.001
-9.12973517,54.53,1.5357120037078857,81,447835,0.0042679812759160995,8570,447734,0.87,5479,0.001
-9.147764189999998,54.49,1.5616220235824585,81,448267,0.009423050098121166,8580,448166,0.85,5485,0.001
-8.969419239999999,53.65,1.7248846292495728,81,448926,0.022699691355228424,8590,448825,0.84,5493,0.001
-9.01399013,51.98,1.5429294109344482,81,449749,0.009419457986950874,8600,449648,0.86,5502,0.001
-8.89765287,51.63,1.7730960845947266,81,450110,0.005755753722041845,8610,450009,0.88,5507,0.001
-8.85366733,50.78,1.4819011688232422,81,450474,0.0029458007775247097,8620,450373,0.9,5511,0.001
-8.82541016,52.04,1.48348069190979,81,451156,0.00731569854542613,8630,451055,0.93,5519,0.001
-8.606223660000001,51.26,1.6327743530273438,81,451567,0.012884244322776794,8640,451466,0.93,5525,0.001
-9.095651279999998,55.04,1.4895002841949463,81,452485,0.013187377713620663,8650,452384,0.91,5536,0.001
-9.106779770000001,55.17,1.419172763824463,81,452888,0.032946325838565826,8660,452787,0.9,5540,0.001
-8.94394469,54.08,1.3920851945877075,81,453243,0.0215288158506155,8670,453142,0.88,5545,0.001
-9.229813839999998,55.33,1.3200321197509766,81,453800,0.09033027291297913,8680,453699,0.87,5551,0.001
-9.054578499999998,51.99,0.9435418844223022,81,454125,0.06572811305522919,8690,454024,0.84,5555,0.001
-8.49945303,48.14,0.7859015464782715,81,454563,0.07850868254899979,8700,454462,0.82,5561,0.001
-8.489395539999999,47.55,0.9684042930603027,81,454865,0.1329275667667389,8710,454764,0.78,5564,0.001
-8.345306919999999,47.32,0.20884081721305847,81,455206,0.0661633089184761,8720,455105,0.74,5568,0.001
-8.057310229999999,43.82,0.406602680683136,81,455538,0.09210357069969177,8730,455437,0.69,5572,0.001
-8.548244009999998,52.65,-0.5924657583236694,81,456832,0.16561463475227356,8740,456731,0.64,5588,0.001
-7.927811290000001,46.02,-0.32082444429397583,81,457087,0.11532182991504669,8750,456986,0.57,5591,0.001
-8.36861993,47.0,-0.731486439704895,81,457588,0.0842408537864685,8760,457487,0.51,5597,0.001
-8.707133480000001,49.72,-0.9225389957427979,81,458215,0.16771915555000305,8770,458114,0.47,5605,0.001
-8.58488615,50.29,-0.8184254169464111,81,458829,0.13752472400665283,8780,458728,0.45,5612,0.001
-8.95255967,57.43,-0.8746575117111206,81,459868,0.306249737739563,8790,459767,0.44,5625,0.001
-9.45633291,59.83,-0.7432248592376709,81,460546,0.18578794598579407,8800,460445,0.41,5633,0.001
-9.881643639999998,61.23,-0.556715726852417,81,460988,0.37961453199386597,8810,460887,0.38,5638,0.001
-11.247335940000001,70.3,-0.6641113758087158,81,462236,0.05090484023094177,8820,462135,0.37,5653,0.001
-12.773575279999998,79.74,-0.2902652621269226,81,463512,0.07234637439250946,8830,463411,0.33,5669,0.001
-13.378276060000003,84.56,0.24118265509605408,81,465288,0.03444817289710045,8840,465187,0.29,5691,0.001
-15.28651288,101.31,0.5989450216293335,81,467218,0.009779492393136024,8850,467117,0.28,5714,0.001
-16.23945371,114.99,0.8381955623626709,81,469087,0.016637347638607025,8860,468986,0.27,5737,0.001
-17.60149939,127.56,1.0570521354675293,81,470971,0.014541077427566051,8870,470870,0.26,5761,0.001
-18.46021289,131.98,1.137416124343872,81,472027,0.019408058375120163,8880,471926,0.25,5774,0.001
-18.681815819999997,134.43,1.1744019985198975,81,473311,0.010562453418970108,8890,473210,0.23,5789,0.001
-19.11442561,144.16,1.305760383605957,81,474962,0.015443893149495125,8900,474861,0.23,5810,0.001
-19.43956383,151.35,1.4235835075378418,81,476123,0.011474862694740295,8910,476022,0.24,5824,0.001
-18.927448809999998,151.24,1.2038549184799194,81,477360,0.01124587282538414,8920,477259,0.26,5840,0.001
-18.23454229,151.25,1.3679862022399902,81,478637,0.0489310696721077,8930,478536,0.3,5856,0.001
-17.423125229999997,141.27,1.484196662902832,81,479415,0.05184874311089516,8940,479314,0.36,5866,0.001
-16.72373874,135.18,1.5334358215332031,81,480736,0.011057499796152115,8950,480635,0.42,5882,0.001
-16.05532302,127.46,1.486559271812439,81,481833,0.0063714198768138885,8960,481732,0.45,5896,0.001
-15.07119065,120.82,1.687978744506836,81,483053,0.0075493925251066685,8970,482952,0.5,5911,0.001
-14.256119100000001,118.32,1.5563592910766602,81,483859,0.02292693220078945,8980,483758,0.53,5921,0.001
-14.188996640000001,113.34,1.554581642150879,81,484645,0.011615050956606865,8990,484544,0.58,5932,0.001
-13.559249819999998,102.05,1.54831862449646,81,485167,0.007188298273831606,9000,485066,0.63,5938,0.001
-13.500026680000003,100.38,1.3518463373184204,81,486161,0.004593733698129654,9010,486060,0.66,5950,0.001
-13.168680470000002,97.88,1.3076493740081787,81,487148,0.011457865126430988,9020,487047,0.66,5963,0.001
-12.875482350000002,92.68,1.4134759902954102,81,487905,0.011846520937979221,9030,487804,0.69,5972,0.001
-13.075718870000001,93.95,1.4364724159240723,81,488810,0.014388305135071278,9040,488709,0.71,5983,0.001
-12.135452349999998,85.94,1.3328295946121216,81,489330,0.012804243713617325,9050,489229,0.72,5990,0.001
-11.827391709999997,84.93,1.4990850687026978,81,490326,0.004888850264251232,9060,490225,0.74,6002,0.001
-11.25786795,78.04,1.4952702522277832,81,490857,0.007676383480429649,9070,490756,0.77,6008,0.001
-11.25337182,74.68,1.4364914894104004,81,491327,0.021828925237059593,9080,491226,0.77,6014,0.001
-10.85950256,73.59,1.550377368927002,81,492004,0.01681569218635559,9090,491903,0.79,6023,0.001
-10.770379899999998,75.0,1.400169849395752,81,492667,0.010651839897036552,9100,492566,0.79,6031,0.001
-10.383732649999999,70.11,1.5009511709213257,81,493172,0.01068488322198391,9110,493071,0.82,6037,0.001
-10.269282750000002,64.44,1.5162861347198486,81,493592,0.00641530891880393,9120,493491,0.84,6042,0.001
-9.784566219999999,61.15,1.5632164478302002,81,494020,0.004713174421340227,9130,493919,0.86,6048,0.001
-9.48976013,56.75,1.5804288387298584,81,494485,0.024512838572263718,9140,494384,0.87,6053,0.001
-9.539048450000001,57.07,1.6524091958999634,81,495037,0.011967450380325317,9150,494936,0.9,6060,0.001
-8.98556123,51.59,1.612877607345581,81,495485,0.015215747058391571,9160,495384,0.93,6066,0.001
-9.120204390000001,51.18,1.4878787994384766,81,495975,0.012319609522819519,9170,495874,0.93,6072,0.001
-9.10467499,50.59,1.6333138942718506,81,496386,0.004409892484545708,9180,496285,0.94,6077,0.001
-8.8095806,47.74,1.586774468421936,81,496778,0.010517669841647148,9190,496677,0.95,6082,0.001
-8.76782134,45.87,1.5252912044525146,81,497254,0.013081190176308155,9200,497153,0.95,6087,0.001
-8.83243638,45.39,1.6703705787658691,81,497711,0.0072712074033916,9210,497610,0.95,6093,0.001
-8.901594260000001,47.73,1.5662002563476562,81,498365,0.015372482128441334,9220,498264,0.96,6101,0.001
-8.89294295,47.74,1.497346043586731,81,498794,0.005530836991965771,9230,498693,0.96,6106,0.001
-9.081030109999999,50.37,1.5679543018341064,81,499522,0.006656859535723925,9240,499421,0.95,6115,0.001
-9.14759018,53.75,1.5572720766067505,81,500412,0.005609177518635988,9250,500311,0.94,6126,0.001
-9.734252649999998,57.14,1.6121262311935425,81,501199,0.00758958887308836,9260,501098,0.93,6136,0.001
-9.580912849999999,57.92,1.5459315776824951,81,501767,0.006321595050394535,9270,501666,0.93,6143,0.001
-9.35423337,58.11,1.5221092700958252,81,502197,0.0041689081117510796,9280,502096,0.94,6148,0.001
-9.56058356,57.73,1.5794625282287598,81,502551,0.00559917651116848,9290,502450,0.92,6153,0.001
-9.77920748,57.53,1.6553202867507935,81,503007,0.005406885873526335,9300,502906,0.92,6158,0.001
-9.78200988,57.62,1.6209940910339355,81,503473,0.01788959838449955,9310,503372,0.91,6164,0.001
-9.70143288,58.15,1.35296630859375,81,504180,0.0057849399745464325,9320,504079,0.9,6173,0.001
-10.26263345,61.29,1.4434880018234253,81,504923,0.006699062883853912,9330,504822,0.88,6182,0.001
-9.81987062,56.96,1.5308276414871216,81,505218,0.016861088573932648,9340,505117,0.87,6185,0.001
-9.46517218,51.88,1.4368191957473755,81,505600,0.016672048717737198,9350,505499,0.86,6190,0.001
-9.316639480000001,50.57,1.6662771701812744,81,506256,0.0331883430480957,9360,506155,0.87,6198,0.001
-9.30916568,49.85,1.5929343700408936,81,506752,0.018085306510329247,9370,506651,0.87,6204,0.001
-9.437137550000001,50.88,1.7438583374023438,81,507285,0.021100793033838272,9380,507184,0.88,6211,0.001
-9.49824973,50.91,1.688692331314087,81,507642,0.012397094629704952,9390,507541,0.88,6215,0.001
-9.33497634,50.15,1.5877048969268799,81,508022,0.012156268581748009,9400,507921,0.86,6220,0.001
-9.174336259999999,51.46,1.5656392574310303,81,508619,0.009713461622595787,9410,508518,0.86,6227,0.001
-9.17670772,50.07,1.4323608875274658,81,509187,0.016894947737455368,9420,509086,0.86,6234,0.001
-8.92874015,50.38,1.625364065170288,81,509961,0.0030774539336562157,9430,509860,0.86,6244,0.001
-9.39368666,52.81,1.5686606168746948,81,510499,0.026364978402853012,9440,510398,0.88,6250,0.001
-9.89194955,58.23,1.510766625404358,81,511423,0.007311748340725899,9450,511322,0.86,6262,0.001
-9.963616620000002,58.36,1.4739949703216553,81,512092,0.023762542754411697,9460,511991,0.84,6270,0.001
-9.98038509,57.76,1.607863187789917,81,512528,0.005264401435852051,9470,512427,0.84,6275,0.001
-9.885391519999999,55.95,1.563096046447754,81,512880,0.003732748795300722,9480,512779,0.81,6280,0.001
-10.056009949999998,58.53,1.7596161365509033,81,513495,0.025420695543289185,9490,513394,0.81,6287,0.001
-10.130433550000001,59.45,1.618464469909668,81,513967,0.011509545147418976,9500,513866,0.83,6293,0.001
-10.06745793,57.84,1.4597644805908203,81,514403,0.020200185477733612,9510,514302,0.84,6299,0.001
-10.13340141,57.88,1.5081026554107666,81,514975,0.0046873874962329865,9520,514874,0.83,6306,0.001
-9.94143105,57.12,1.459453821182251,81,515673,0.029388872906565666,9530,515572,0.82,6314,0.001
-9.80065119,56.97,1.5738862752914429,81,516196,0.01249030139297247,9540,516095,0.82,6321,0.001
-9.60797476,53.74,1.5285873413085938,81,516797,0.015200896188616753,9550,516696,0.84,6328,0.001
-9.24309399,51.17,1.4275023937225342,81,517209,0.00796649232506752,9560,517108,0.82,6333,0.001
-9.291690810000002,51.7,1.555973768234253,81,517698,0.01409821305423975,9570,517597,0.77,6339,0.001
-9.31770656,52.08,1.3542428016662598,81,518088,0.007039163261651993,9580,517987,0.77,6344,0.001
-9.3209015,51.29,1.6046253442764282,81,518624,0.0031065286602824926,9590,518523,0.75,6351,0.001
-9.14633394,51.82,1.498826026916504,81,519149,0.010894231498241425,9600,519048,0.74,6357,0.001
-9.32229318,56.02,1.5504001379013062,81,520005,0.008254876360297203,9610,519904,0.71,6368,0.001
-9.132865679999998,55.25,1.7541346549987793,81,520500,0.00948648527264595,9620,520399,0.73,6374,0.001
-9.091581849999999,53.54,1.5290710926055908,81,521027,0.007863135077059269,9630,520926,0.76,6380,0.001
-9.338542630000001,57.51,1.625810146331787,81,521947,0.01366601511836052,9640,521846,0.76,6392,0.001
-9.23721165,57.51,1.5738632678985596,81,522548,0.005848166532814503,9650,522447,0.77,6399,0.001
-9.53164844,60.8,1.4321824312210083,81,523289,0.00753264594823122,9660,523188,0.77,6409,0.001
-9.811419269999998,67.32,1.3689093589782715,81,524430,0.03366287052631378,9670,524329,0.78,6423,0.001
-10.055007,68.67,1.362754225730896,81,524955,0.009374704211950302,9680,524854,0.8,6429,0.001
-9.99831377,68.42,1.6061062812805176,81,525466,0.008549821563065052,9690,525365,0.83,6435,0.001
-10.449171789999998,72.23,1.5714031457901,81,526372,0.017185598611831665,9700,526271,0.8,6445,0.001
-10.73286644,74.18,1.5498402118682861,81,527423,0.0061457231640815735,9710,527322,0.79,6457,0.001
-11.04719306,78.26,1.3893721103668213,81,528326,0.008321445435285568,9720,528225,0.78,6467,0.001
-11.14340907,77.48,1.3654851913452148,81,528775,0.014927301555871964,9730,528674,0.76,6472,0.001
-10.589396709999999,71.88,1.6505521535873413,81,529135,0.03718690946698189,9740,529034,0.75,6476,0.001
-10.945930370000001,72.84,1.7058473825454712,81,529832,0.041560448706150055,9750,529731,0.76,6484,0.001
-10.61342668,68.91,1.4833331108093262,81,530180,0.019843105226755142,9760,530079,0.77,6488,0.001
-10.642233760000002,65.4,1.5601046085357666,81,530970,0.007111008279025555,9770,530869,0.78,6497,0.001
-10.529862469999998,66.76,1.367229700088501,81,531631,0.008462402038276196,9780,531530,0.75,6505,0.001
-10.786178190000003,70.1,1.586961030960083,81,532476,0.00937682669609785,9790,532375,0.74,6514,0.001
-10.25126352,64.61,1.627040982246399,81,532833,0.012482326477766037,9800,532732,0.78,6518,0.001
-9.85133711,58.29,1.5830316543579102,81,533252,0.027229169383645058,9810,533151,0.81,6523,0.001
-9.74699891,58.78,1.616347312927246,81,534204,0.004974796436727047,9820,534103,0.79,6534,0.001
-9.70320408,58.61,1.5130655765533447,81,534636,0.007523464970290661,9830,534535,0.79,6539,0.001
-9.83086539,61.75,1.5466715097427368,81,535310,0.02309395559132099,9840,535209,0.8,6546,0.001
-9.689301970000002,61.53,1.5938923358917236,81,535985,0.008094489574432373,9850,535884,0.78,6554,0.001
-10.02649061,64.67,1.4725112915039062,81,536647,0.0066236406564712524,9860,536546,0.77,6562,0.001
-10.27004791,65.08,1.5058505535125732,81,537478,0.020414240658283234,9870,537377,0.77,6571,0.001
-10.231836529999999,62.47,1.4135303497314453,81,537878,0.009755104780197144,9880,537777,0.78,6575,0.001
-10.02593532,60.53,1.60612154006958,81,538529,0.08910486847162247,9890,538428,0.75,6583,0.001
-10.500461999999997,65.13,1.3031342029571533,81,539346,0.006527889519929886,9900,539245,0.73,6592,0.001
-10.478165610000001,66.06,1.354093313217163,81,539858,0.006390825845301151,9910,539757,0.73,6598,0.001
-10.487072179999998,62.17,1.406546950340271,81,540421,0.020925607532262802,9920,540320,0.75,6604,0.001
-10.378674340000002,61.61,1.516069769859314,81,540797,0.004992194008082151,9930,540696,0.77,6609,0.001
-10.991789399999998,64.69,1.5757958889007568,81,541779,0.019330065697431564,9940,541678,0.76,6620,0.001
-10.9706208,63.7,1.5076344013214111,81,542355,0.011232842691242695,9950,542254,0.76,6626,0.001
-10.650029670000002,60.44,1.312683343887329,81,542691,0.008828578516840935,9960,542590,0.77,6630,0.001
-9.985208110000002,56.1,1.7191510200500488,81,543088,0.01295402180403471,9970,542987,0.79,6634,0.001
-10.09189407,57.43,1.4259203672409058,81,543621,0.010756658390164375,9980,543520,0.79,6641,0.001
-9.81389772,54.44,1.6293587684631348,81,543973,0.011952846311032772,9990,543872,0.82,6645,0.001
-9.26631609,49.68,1.6358801126480103,81,544314,0.0076737962663173676,10000,544213,0.83,6648,0.001
-9.425389710000001,51.38,1.5141634941101074,81,544996,0.014090608805418015,10010,544895,0.81,6656,0.001
-9.120843220000001,49.79,1.4468393325805664,81,545400,0.0161779522895813,10020,545299,0.81,6661,0.001
-9.27404118,52.28,1.4872428178787231,81,546025,0.014163532294332981,10030,545924,0.79,6668,0.001
-8.62661121,46.88,1.8182992935180664,81,546467,0.011758942157030106,10040,546366,0.81,6673,0.001
-8.232508419999998,44.54,1.3788628578186035,81,546809,0.013022017665207386,10050,546708,0.8,6677,0.001
-8.46082861,46.5,1.579301357269287,81,547341,0.006649168208241463,10060,547240,0.82,6683,0.001
-8.503287010000001,46.84,1.4570987224578857,81,547772,0.011091007851064205,10070,547671,0.83,6688,0.001
-8.59880954,46.76,1.546181559562683,81,548297,0.010087372735142708,10080,548196,0.84,6694,0.001
-9.051186729999998,50.22,1.507096767425537,81,548995,0.015086287632584572,10090,548894,0.82,6702,0.001
-9.21415777,50.57,1.6218303442001343,81,549371,0.018901780247688293,10100,549270,0.82,6706,0.001
-9.16547884,51.13,1.4423606395721436,81,550109,0.055708449333906174,10110,550008,0.83,6714,0.001
-9.292372250000001,51.01,1.6151423454284668,81,550501,0.008546125143766403,10120,550400,0.82,6719,0.001
-9.20701021,49.53,1.815142035484314,81,550978,0.014566738158464432,10130,550877,0.82,6724,0.001
-9.353539119999999,50.13,1.692948818206787,81,551480,0.008713388815522194,10140,551379,0.8,6730,0.001
-9.47664135,50.17,1.477508783340454,81,551826,0.008626680821180344,10150,551725,0.79,6734,0.001
-9.30728073,50.16,1.43818998336792,81,552357,0.007665357552468777,10160,552256,0.79,6740,0.001
-9.61392958,51.21,1.6436206102371216,81,552893,0.014224222861230373,10170,552792,0.76,6746,0.001
-9.333927950000001,50.78,1.3878822326660156,81,553375,0.012490902096033096,10180,553274,0.77,6751,0.001
-8.98544822,47.97,1.4530584812164307,81,553792,0.004610625095665455,10190,553691,0.79,6756,0.001
-9.09852661,49.63,1.6183719635009766,81,554334,0.019189130514860153,10200,554233,0.78,6762,0.001
-8.968241630000001,47.74,1.444051742553711,81,554883,0.032845672219991684,10210,554782,0.79,6769,0.001
-8.78704694,46.83,1.5817148685455322,81,555184,0.05184665694832802,10220,555083,0.76,6772,0.001
-8.7734699,46.29,1.698296308517456,81,555607,0.04314493015408516,10230,555506,0.78,6777,0.001
-8.68796664,45.87,1.5771254301071167,81,556067,0.020450612530112267,10240,555966,0.79,6782,0.001
-8.96328251,47.06,1.587458610534668,81,556532,0.022699857130646706,10250,556431,0.81,6787,0.001
-9.00439527,45.44,1.498349666595459,81,556901,0.025130528956651688,10260,556800,0.79,6791,0.001
-8.83041837,44.69,1.5446250438690186,81,557362,0.01220011804252863,10270,557261,0.81,6797,0.001
-8.89270674,44.12,1.6115283966064453,82,557787,0.04870133101940155,10280,557686,0.81,6801,0.001
-8.9652084,43.88,1.4668045043945312,82,558180,0.007653343491256237,10290,558079,0.79,6806,0.001
-8.87955869,43.07,1.5384713411331177,82,558641,0.017744187265634537,10300,558540,0.8,6811,0.001
-9.01955965,44.18,1.6220729351043701,82,559301,0.022141844034194946,10310,559200,0.79,6819,0.001
-9.390488860000001,47.88,1.6307728290557861,82,559972,0.023571744561195374,10320,559871,0.82,6826,0.001
-9.369372850000001,47.46,1.5146955251693726,82,560353,0.01884102262556553,10330,560252,0.8,6830,0.001
-9.784628159999999,50.51,1.7503560781478882,82,561118,0.014759252779185772,10340,561017,0.8,6839,0.001
-9.68715021,50.08,1.4893269538879395,82,561540,0.005137232132256031,10350,561439,0.81,6844,0.001
-9.62056896,51.57,1.679852843284607,82,562058,0.007652864791452885,10360,561957,0.82,6850,0.001
-9.508892150000001,52.19,1.3605332374572754,82,562581,0.004491847474128008,10370,562480,0.83,6856,0.001
-9.576607139999998,52.66,1.3499412536621094,82,563053,0.005563497543334961,10380,562952,0.81,6861,0.001
-9.716492169999999,53.72,1.5032098293304443,82,563552,0.025892874225974083,10390,563451,0.82,6867,0.001
-9.880656850000001,53.41,1.5350686311721802,82,563982,0.006108044646680355,10400,563881,0.83,6872,0.001
-9.97836012,52.49,1.69386625289917,82,564550,0.03189488872885704,10410,564449,0.84,6879,0.001
-9.810929450000001,50.67,1.409991979598999,82,565039,0.017438549548387527,10420,564938,0.86,6884,0.001
-9.911621420000001,53.45,1.3847403526306152,82,565698,0.010465161874890327,10430,565597,0.88,6892,0.001
-9.72651737,52.23,1.5710045099258423,82,566341,0.006346098147332668,10440,566240,0.88,6899,0.001
-9.53590595,51.63,1.4119775295257568,82,566703,0.014455050230026245,10450,566602,0.86,6903,0.001
-9.997761090000001,53.65,1.7356584072113037,82,567423,0.014684705063700676,10460,567322,0.87,6912,0.001
-9.909558969999999,52.14,1.5947984457015991,82,567795,0.024633511900901794,10470,567694,0.87,6916,0.001
-9.8731686,51.42,1.539987564086914,82,568195,0.006441091187298298,10480,568094,0.9,6920,0.001
-9.54721173,49.88,1.5890965461730957,82,568540,0.005324639845639467,10490,568439,0.92,6924,0.001
-9.434418670000001,50.3,1.5340349674224854,82,569012,0.012747356668114662,10500,568911,0.92,6930,0.001
-9.3319382,50.3,1.4077857732772827,82,569580,0.006386973895132542,10510,569479,0.91,6936,0.001
-9.57652306,51.77,1.55925452709198,82,570216,0.07578924298286438,10520,570115,0.89,6943,0.001
-9.51496343,50.14,1.5209041833877563,82,570712,0.018092263489961624,10530,570611,0.89,6949,0.001
-9.44489815,48.04,1.4785313606262207,82,571145,0.03040892630815506,10540,571044,0.88,6954,0.001
-9.529276189999997,48.7,1.5392122268676758,82,571573,0.021926717832684517,10550,571472,0.91,6959,0.001
-9.41505681,48.64,1.481178879737854,82,572287,0.050519075244665146,10560,572186,0.91,6967,0.001
-9.38017539,49.47,1.2298550605773926,82,572742,0.015617444179952145,10570,572641,0.89,6972,0.001
-9.358435779999999,50.3,1.5250940322875977,82,573225,0.06355594098567963,10580,573124,0.87,6978,0.001
-9.336169720000001,50.75,1.4275758266448975,82,573615,0.011502431705594063,10590,573514,0.87,6982,0.001
-9.193374500000001,50.44,1.6011196374893188,82,574056,0.019719211384654045,10600,573955,0.88,6987,0.001
-9.16169611,49.62,1.6135025024414062,82,574542,0.043512165546417236,10610,574441,0.9,6992,0.001
-8.7879234,47.06,1.5749850273132324,82,574922,0.0040383911691606045,10620,574821,0.92,6997,0.001
-8.81597345,47.75,1.3577911853790283,82,575487,0.007620863150805235,10630,575386,0.9,7003,0.001
-8.83015719,48.4,1.506689190864563,82,575985,0.004002113826572895,10640,575884,0.91,7009,0.001
-8.806098630000001,48.92,1.484384298324585,82,576465,0.016592450439929962,10650,576364,0.91,7014,0.001
-8.55891473,47.33,1.5473471879959106,82,577020,0.025883078575134277,10660,576919,0.92,7021,0.001
-8.909344010000002,48.0,1.5323798656463623,82,577542,0.021730350330471992,10670,577441,0.93,7027,0.001
-8.71430189,46.58,1.4949132204055786,82,577883,0.02610492706298828,10680,577782,0.95,7030,0.001
-9.00792122,49.84,1.4186663627624512,82,578599,0.017322411760687828,10690,578498,0.93,7038,0.001
-9.3712027,50.58,1.5537207126617432,82,579114,0.019930057227611542,10700,579013,0.91,7044,0.001
-9.41809021,50.65,1.6422834396362305,82,579607,0.03916403651237488,10710,579506,0.9,7050,0.001
-9.71256558,51.61,1.4260776042938232,82,580083,0.010512879118323326,10720,579982,0.89,7055,0.001
-9.831631190000001,51.06,1.706521987915039,82,580593,0.04257417842745781,10730,580492,0.91,7061,0.001
-9.73306853,50.66,1.4663547277450562,82,581051,0.02012054994702339,10740,580950,0.91,7066,0.001
-9.727031349999999,49.63,1.4375839233398438,82,581428,0.04322822391986847,10750,581327,0.9,7070,0.001
-9.883434580000001,49.06,1.574453353881836,82,581926,0.009561456739902496,10760,581825,0.9,7076,0.001
-9.86284616,48.96,1.53229558467865,82,582438,0.030744869261980057,10770,582337,0.89,7082,0.001
-10.361483119999997,50.62,1.5997716188430786,82,582945,0.06916888058185577,10780,582844,0.87,7088,0.001
-10.421093039999999,50.91,1.6898820400238037,82,583690,0.017726615071296692,10790,583589,0.89,7096,0.001
-9.97017782,49.68,1.5257625579833984,82,584082,0.018423017114400864,10800,583981,0.9,7100,0.001
-10.059463820000001,49.18,1.6504464149475098,82,584525,0.023111438378691673,10810,584424,0.89,7105,0.001
-9.85403996,48.64,1.446129560470581,82,584947,0.008387353271245956,10820,584846,0.9,7110,0.001
-9.835725709999998,48.76,1.6666078567504883,82,585469,0.0831560268998146,10830,585368,0.87,7116,0.001
-9.90507953,49.75,1.5472276210784912,82,586026,0.005023425444960594,10840,585925,0.87,7122,0.001
-10.11167913,51.11,1.6317977905273438,82,586539,0.008106707595288754,10850,586438,0.87,7128,0.001
-9.96349322,50.59,1.4377623796463013,82,586985,0.009971357882022858,10860,586884,0.86,7133,0.001
-9.8107095,49.65,1.513572335243225,82,587403,0.0224289633333683,10870,587302,0.88,7138,0.001
-9.365520579999998,49.07,1.6024894714355469,82,587852,0.016783203929662704,10880,587751,0.89,7143,0.001
-9.40986949,47.17,1.4609442949295044,82,588407,0.03631836175918579,10890,588306,0.88,7149,0.001
-9.85330092,48.27,1.4814951419830322,82,588909,0.011063119396567345,10900,588808,0.87,7155,0.001
-9.714170609999998,48.09,1.5064774751663208,82,589334,0.038885004818439484,10910,589233,0.89,7160,0.001
-9.859212059999999,48.27,1.5861282348632812,82,589774,0.03148700296878815,10920,589673,0.89,7165,0.001
-10.0299124,50.64,1.6132413148880005,82,590533,0.007410205900669098,10930,590432,0.9,7173,0.001
-10.16223397,53.33,1.8082247972488403,82,591359,0.014073560014367104,10940,591258,0.9,7183,0.001
-10.322108049999999,57.14,1.6759217977523804,82,592253,0.021921120584011078,10950,592152,0.89,7193,0.001
-10.610321669999998,61.32,1.5336400270462036,82,593117,0.0063287122175097466,10960,593016,0.89,7202,0.001
-11.076197439999998,65.85,1.42794930934906,82,593988,0.009775133803486824,10970,593887,0.87,7212,0.001
-11.314975909999998,67.5,1.6945159435272217,82,594602,0.013141244649887085,10980,594501,0.87,7219,0.001
-11.467848870000005,70.69,1.486379623413086,82,595476,0.05265263840556145,10990,595375,0.88,7229,0.001
-11.360065389999999,72.55,1.5456440448760986,82,596164,0.011974925175309181,11000,596063,0.87,7237,0.001
-11.623769960000002,74.5,1.5301661491394043,82,596784,0.008666958659887314,11010,596683,0.83,7244,0.001
-11.51203157,74.42,1.4042829275131226,82,597216,0.013700682669878006,11020,597115,0.81,7249,0.001
-11.249439349999998,71.68,1.5096944570541382,82,597701,0.013840971514582634,11030,597600,0.82,7254,0.001
-11.11349139,69.94,1.551633358001709,82,598353,0.013698557391762733,11040,598252,0.82,7261,0.001
-10.73146388,65.34,1.6228771209716797,82,598787,0.007297603879123926,11050,598686,0.83,7266,0.001
-10.533129220000001,63.39,1.599636435508728,82,599456,0.0043154568411409855,11060,599355,0.82,7274,0.001
-9.89660091,59.07,1.6430871486663818,82,599895,0.0181970726698637,11070,599794,0.83,7279,0.001
-10.07596646,62.56,1.4079339504241943,82,600858,0.04540920630097389,11080,600757,0.82,7290,0.001
-9.86766424,58.63,1.528193712234497,82,601339,0.02694696933031082,11090,601238,0.81,7295,0.001
-9.91240341,58.7,1.5908873081207275,82,602034,0.010749571956694126,11100,601933,0.83,7303,0.001
-9.491207359999999,56.53,1.5485804080963135,82,602437,0.015072865411639214,11110,602336,0.87,7308,0.001
-9.52821444,56.68,1.5942533016204834,82,602884,0.01666673645377159,11120,602783,0.89,7313,0.001
-9.518447430000002,57.02,1.6615204811096191,82,603403,0.013323117047548294,11130,603302,0.88,7319,0.001
-9.39826128,55.71,1.6490631103515625,82,603924,0.03192199021577835,11140,603823,0.88,7325,0.001
-9.73355311,56.87,1.7203311920166016,82,604474,0.015608470886945724,11150,604373,0.88,7331,0.001
-9.49528267,55.04,1.5463992357254028,82,604960,0.07179150730371475,11160,604859,0.89,7336,0.001
-9.615126429999998,54.84,1.5811020135879517,82,605379,0.011493239551782608,11170,605278,0.88,7341,0.001
-9.3443191,49.75,1.5627315044403076,82,605833,0.022699231281876564,11180,605732,0.89,7346,0.001
-9.2330647,50.61,1.689905047416687,82,606400,0.017949195578694344,11190,606299,0.9,7353,0.001
-9.0913697,48.0,1.5669386386871338,82,606834,0.06396278738975525,11200,606733,0.9,7357,0.001
-9.325101590000001,49.07,1.518502950668335,82,607344,0.009564974345266819,11210,607243,0.9,7363,0.001
-9.27571165,49.36,1.5600314140319824,82,607820,0.007591606583446264,11220,607719,0.9,7369,0.001
-9.181754439999999,48.18,1.5365750789642334,82,608221,0.008074800483882427,11230,608120,0.92,7374,0.001
-9.27378109,47.78,1.6073262691497803,82,608702,0.007835370488464832,11240,608601,0.9,7379,0.001
-8.89858925,46.96,1.6164560317993164,82,609170,0.02971496991813183,11250,609069,0.91,7384,0.001
-9.116661,47.39,1.5587944984436035,82,609699,0.02900451421737671,11260,609598,0.91,7390,0.001
-9.20449099,47.86,1.5010240077972412,82,610165,0.017092842608690262,11270,610064,0.93,7396,0.001
-9.37605138,48.47,1.5044488906860352,82,610680,0.016620231792330742,11280,610579,0.94,7401,0.001
-9.831141749999999,53.44,1.475306749343872,82,611744,0.01562652178108692,11290,611643,0.91,7413,0.001
-9.65168806,53.11,1.7679551839828491,82,612145,0.00869910791516304,11300,612044,0.92,7418,0.001
-9.33304364,51.81,1.6982300281524658,82,612525,0.009362717159092426,11310,612424,0.91,7422,0.001
-9.267186200000001,51.81,1.4803694486618042,82,613001,0.00875241681933403,11320,612900,0.91,7428,0.001
-9.41039643,52.64,1.6190941333770752,82,613485,0.013238886371254921,11330,613384,0.91,7433,0.001
-9.41172171,53.12,1.4034916162490845,82,614014,0.015231147408485413,11340,613913,0.93,7439,0.001
-9.54444417,53.25,1.5420408248901367,82,614495,0.004979726392775774,11350,614394,0.92,7445,0.001
-9.730628509999999,53.38,1.4562236070632935,82,615037,0.029762398451566696,11360,614936,0.91,7451,0.001
-9.83674418,54.01,1.6300764083862305,82,615566,0.0065254829823970795,11370,615465,0.9,7457,0.001
-9.82857825,54.28,1.659228801727295,82,616108,0.0242157019674778,11380,616007,0.9,7463,0.001
-9.51527963,50.35,1.4537837505340576,82,616779,0.008997281081974506,11390,616678,0.92,7470,0.001
-9.846593230000002,53.81,1.6405915021896362,82,617526,0.013639463111758232,11400,617425,0.9,7479,0.001
-9.900540939999999,53.91,1.624786138534546,82,617916,0.011558185331523418,11410,617815,0.89,7483,0.001
-10.249495999999999,54.77,1.4594745635986328,82,618478,0.042282719165086746,11420,618377,0.87,7490,0.001
-10.02088476,53.91,1.671613335609436,82,618876,0.02285143733024597,11430,618775,0.86,7494,0.001
-9.92526394,53.23,1.5165297985076904,82,619337,0.004947911947965622,11440,619236,0.86,7499,0.001
-10.058889330000001,53.49,1.5960772037506104,82,619844,0.011984470300376415,11450,619743,0.86,7505,0.001
-9.81062276,52.94,1.547074317932129,82,620331,0.012474093586206436,11460,620230,0.85,7510,0.001
-9.75464627,52.35,1.5882618427276611,82,620801,0.0364067517220974,11470,620700,0.86,7516,0.001
-9.3039889,50.49,1.4289194345474243,82,621157,0.006444916594773531,11480,621056,0.86,7520,0.001
-9.31753207,49.41,1.4657390117645264,82,621720,0.005381503142416477,11490,621619,0.88,7526,0.001
-9.196833210000001,46.81,1.6161166429519653,82,622207,0.010888898745179176,11500,622106,0.88,7532,0.001
-9.4117951,47.67,1.508247971534729,82,622683,0.012458724901080132,11510,622582,0.88,7537,0.001
-9.088579059999999,46.65,1.5469069480895996,82,623143,0.012250902131199837,11520,623042,0.89,7543,0.001
-9.381449029999999,47.52,1.5840002298355103,82,623628,0.02118822932243347,11530,623527,0.88,7548,0.001
-9.531448819999998,49.48,1.7563084363937378,82,624285,0.030697034671902657,11540,624184,0.87,7556,0.001
-9.217722900000002,48.26,1.3353826999664307,82,624670,0.0201030932366848,11550,624569,0.88,7560,0.001
-9.03088247,47.49,1.675149917602539,82,625080,0.043923016637563705,11560,624979,0.91,7565,0.001
-9.091167500000001,50.02,1.4897476434707642,82,625803,0.02388431876897812,11570,625702,0.89,7573,0.001
-9.74845762,54.6,1.5648152828216553,82,626617,0.013656564056873322,11580,626516,0.88,7582,0.001
-9.39514225,52.79,1.5776739120483398,82,626999,0.03465597704052925,11590,626898,0.88,7587,0.001
-9.45275602,52.73,1.7444777488708496,82,627480,0.013718787580728531,11600,627379,0.89,7592,0.001
-9.37278054,51.96,1.7613152265548706,82,627879,0.02958754636347294,11610,627778,0.91,7597,0.001
-9.490272249999999,53.72,1.4499826431274414,82,628515,0.01657480001449585,11620,628414,0.91,7604,0.001
-9.407443259999999,54.15,1.5474385023117065,82,629043,0.004471530206501484,11630,628942,0.93,7610,0.001
-9.21776981,51.83,1.456766128540039,82,629468,0.008939425460994244,11640,629367,0.95,7615,0.001
-9.302109290000002,52.63,1.4635926485061646,82,629933,0.006485586520284414,11650,629832,0.95,7620,0.001
-9.34843017,52.84,1.5793709754943848,82,630364,0.007704528048634529,11660,630263,0.95,7625,0.001
-9.306018299999998,50.32,1.6478207111358643,82,630835,0.022660210728645325,11670,630734,0.96,7630,0.001
-9.283374950000002,51.18,1.5436179637908936,82,631735,0.0078416857868433,11680,631634,0.96,7640,0.001
-9.877538410000001,57.51,1.5147159099578857,82,632750,0.006315034814178944,11690,632649,0.95,7652,0.001
-9.716918069999998,57.11,1.4747132062911987,82,633191,0.006014338228851557,11700,633090,0.93,7657,0.001
-9.671516859999999,57.35,1.5336840152740479,82,633614,0.03950577974319458,11710,633513,0.91,7661,0.001
-9.41747256,54.87,1.4885656833648682,82,634002,0.022000424563884735,11720,633901,0.92,7666,0.001
-9.37998701,53.85,1.5828218460083008,82,634428,0.007870351895689964,11730,634327,0.92,7671,0.001
-9.70367653,55.87,1.591378927230835,82,635055,0.006054154597222805,11740,634954,0.9,7678,0.001
-9.781591189999999,55.91,1.606201410293579,82,635524,0.005398239009082317,11750,635423,0.9,7683,0.001
-9.821442840000001,56.13,1.482208251953125,82,635977,0.03129727765917778,11760,635876,0.9,7688,0.001
-10.58956601,65.84,1.6026759147644043,82,637419,0.023150064051151276,11770,637318,0.88,7704,0.001
-10.156163170000001,60.71,1.4227862358093262,82,637806,0.01015714555978775,11780,637705,0.86,7709,0.001
-9.788368299999998,57.57,1.499914526939392,82,638507,0.011642873287200928,11790,638406,0.86,7717,0.001
-10.01035479,58.33,1.480897068977356,82,639024,0.02674500271677971,11800,638923,0.86,7722,0.001
-10.367629520000001,62.18,1.6857357025146484,82,639832,0.02620488405227661,11810,639731,0.85,7732,0.001
-10.295268440000003,63.32,1.652645468711853,82,640334,0.055503472685813904,11820,640233,0.85,7737,0.001
-10.179414819999998,64.24,1.4458286762237549,82,640852,0.006244942080229521,11830,640751,0.85,7743,0.001
-10.541885389999997,70.64,1.5904369354248047,82,642119,0.04212569445371628,11840,642018,0.83,7757,0.001
-10.635678559999999,75.27,1.526050329208374,82,643051,0.017391813918948174,11850,642950,0.81,7768,0.001
-11.06332529,80.73,1.618117332458496,82,644050,0.021329376846551895,11860,643949,0.77,7779,0.001
-10.43342332,74.5,1.6226611137390137,82,644869,0.026925327256321907,11870,644768,0.78,7789,0.001
-10.556653650000001,76.42,1.4806466102600098,82,645448,0.01895947940647602,11880,645347,0.79,7795,0.001
-10.868361750000002,75.51,1.4279496669769287,82,646058,0.038876719772815704,11890,645957,0.76,7802,0.001
-11.65290162,79.4,1.630422592163086,82,646964,0.011539403349161148,11900,646863,0.76,7812,0.001
-11.39083696,77.06,1.4563708305358887,82,647538,0.006345572881400585,11910,647437,0.77,7819,0.001
-11.972617080000003,79.79,1.610451340675354,82,648313,0.011612679809331894,11920,648212,0.76,7827,0.001
-12.133643240000003,79.34,1.55157470703125,82,648786,0.03588145971298218,11930,648685,0.73,7833,0.001
-11.50032884,71.67,1.455771803855896,82,649286,0.0160512775182724,11940,649185,0.76,7838,0.001
-11.516563180000002,68.88,1.7099940776824951,82,649939,0.01557996030896902,11950,649838,0.78,7846,0.001
-11.117667660000002,64.07,1.4551397562026978,82,650457,0.007088018115609884,11960,650356,0.81,7852,0.001
-11.224223949999999,63.08,1.5196462869644165,82,651177,0.03145769611001015,11970,651076,0.8,7860,0.001
-11.321639800000003,63.19,1.542260766029358,82,651767,0.016842076554894447,11980,651666,0.82,7866,0.001
-11.493191760000002,66.19,1.5851820707321167,82,652677,0.024335021153092384,11990,652576,0.83,7877,0.001
-10.5598331,61.79,1.5500221252441406,82,653143,0.018586590886116028,12000,653042,0.85,7882,0.001
-10.618510980000002,62.54,1.629884958267212,82,653792,0.05737008899450302,12010,653691,0.87,7889,0.001
-10.378105120000003,59.64,1.4139635562896729,82,654277,0.00599219324067235,12020,654176,0.85,7896,0.001
-10.34697197,59.56,1.4503405094146729,82,654742,0.011691546067595482,12030,654641,0.86,7901,0.001
-10.39078083,61.21,1.66163969039917,82,655407,0.00780282448977232,12040,655306,0.86,7910,0.001
-10.13859117,60.0,1.6648666858673096,82,655939,0.017570436000823975,12050,655838,0.84,7916,0.001
-10.34984798,59.61,1.6747894287109375,82,656418,0.010721731930971146,12060,656317,0.82,7922,0.001
-10.017432969999998,57.01,1.5139880180358887,82,656878,0.03486901894211769,12070,656777,0.84,7928,0.001
-10.235498630000002,58.4,1.5120123624801636,82,657607,0.012101227417588234,12080,657506,0.82,7937,0.001
-9.7641713,54.33,1.5298848152160645,82,658110,0.02063313126564026,12090,658009,0.83,7943,0.001
-9.810887389999998,55.93,1.519627332687378,82,658736,0.0503605455160141,12100,658635,0.83,7951,0.001
-9.67851764,54.78,1.5114177465438843,82,659270,0.01832663267850876,12110,659169,0.8,7957,0.001
-9.718548979999998,58.73,1.585817575454712,82,660150,0.06614792346954346,12120,660049,0.81,7968,0.001
-9.766392839999998,59.87,1.5393660068511963,82,660729,0.012218051590025425,12130,660628,0.82,7976,0.001
-10.02503708,60.02,1.8451203107833862,82,661409,0.011121907271444798,12140,661308,0.82,7984,0.001
-10.654868429999999,64.65,1.525418758392334,82,662404,0.01846998929977417,12150,662303,0.83,7997,0.001
-10.62884908,64.91,1.7289756536483765,82,662909,0.012402661144733429,12160,662808,0.84,8003,0.001
-10.800418459999998,66.14,1.5311672687530518,82,663492,0.042933061718940735,12170,663391,0.84,8010,0.001
-10.64820595,64.04,1.5317528247833252,82,664011,0.015378606505692005,12180,663910,0.83,8017,0.001
-10.683411600000001,64.32,1.559858798980713,82,664542,0.06738340109586716,12190,664441,0.84,8023,0.001
-10.53858839,62.38,1.3908233642578125,82,664974,0.07548947632312775,12200,664873,0.84,8029,0.001
-10.893545519999998,62.81,1.6191655397415161,82,665551,0.004451693035662174,12210,665450,0.85,8036,0.001
-10.726041139999998,59.89,1.7267634868621826,82,666139,0.0404345765709877,12220,666038,0.86,8044,0.001
-10.645033660000001,58.34,1.6945037841796875,82,666563,0.006584987509995699,12230,666462,0.85,8049,0.001
-10.522217379999999,56.7,1.573396921157837,82,667079,0.01379172969609499,12240,666978,0.84,8056,0.001
-9.995108759999999,50.68,1.5866503715515137,82,667472,0.005588569678366184,12250,667371,0.85,8060,0.001
-10.01986979,51.01,1.6645845174789429,82,668010,0.008950889110565186,12260,667909,0.86,8067,0.001
-9.88640549,49.59,1.4856078624725342,82,668451,0.05397462099790573,12270,668350,0.86,8072,0.001
-9.61207937,48.6,1.6660332679748535,82,668871,0.006868504919111729,12280,668770,0.89,8078,0.001
-9.41944679,47.87,1.7061197757720947,82,669329,0.016642853617668152,12290,669228,0.88,8084,0.001
-9.354072689999999,47.26,1.5286459922790527,82,669700,0.007532255258411169,12300,669599,0.89,8089,0.001
-9.30984842,47.1,1.809507131576538,82,670261,0.009046688675880432,12310,670160,0.9,8096,0.001
-9.46892034,46.63,1.4396088123321533,82,670802,0.008614505641162395,12320,670701,0.9,8103,0.001
-9.430405550000001,46.4,1.8421177864074707,82,671203,0.0082260612398386,12330,671102,0.9,8108,0.001
-9.321132270000001,46.66,1.5729749202728271,82,671745,0.01999795250594616,12340,671644,0.9,8115,0.001
-9.315265850000001,47.01,1.505713701248169,82,672173,0.052400749176740646,12350,672072,0.89,8121,0.001
-9.26414383,47.45,1.6912696361541748,82,672755,0.053420476615428925,12360,672654,0.9,8128,0.001
-9.39599669,51.87,1.5644400119781494,82,673638,0.00623338483273983,12370,673537,0.86,8139,0.001
-9.344201049999999,51.37,1.4668841361999512,82,674008,0.011987769044935703,12380,673907,0.82,8143,0.001
-9.400093349999999,51.89,1.5855355262756348,82,674518,0.0192079059779644,12390,674417,0.84,8150,0.001
-9.788915139999999,55.75,1.4499107599258423,82,675275,0.010863440111279488,12400,675174,0.84,8159,0.001
-9.50675405,54.22,1.621541142463684,82,675683,0.01729973591864109,12410,675582,0.84,8164,0.001
-9.525942140000002,55.07,1.5976698398590088,82,676309,0.01047857291996479,12420,676208,0.85,8172,0.001
-9.43229501,54.87,1.5587892532348633,82,676690,0.009183518588542938,12430,676589,0.86,8177,0.001
-9.469199150000001,54.68,1.6070518493652344,82,677213,0.01726723089814186,12440,677112,0.87,8183,0.001
-9.632071250000001,57.21,1.5673112869262695,82,677894,0.012451952323317528,12450,677793,0.85,8191,0.001
-9.430116479999999,55.3,1.5215153694152832,82,678285,0.016833286732435226,12460,678184,0.83,8196,0.001
-9.560047039999999,54.35,1.456375241279602,82,679073,0.014997185207903385,12470,678972,0.87,8206,0.001
-9.838223329999998,56.45,1.5893018245697021,82,679653,0.006860488560050726,12480,679552,0.9,8213,0.001
-10.402084749999998,59.28,1.5285308361053467,82,680446,0.008450392633676529,12490,680345,0.87,8223,0.001
-10.222145260000001,56.2,1.5638115406036377,82,680895,0.024104921147227287,12500,680794,0.86,8228,0.001
-10.22868999,56.67,1.6182482242584229,82,681350,0.013664279133081436,12510,681249,0.86,8234,0.001
-10.047680110000002,55.98,1.6931072473526,82,681907,0.016888704150915146,12520,681806,0.84,8241,0.001
-10.27550239,57.17,1.5059559345245361,82,682407,0.02094287797808647,12530,682306,0.84,8247,0.001
-10.41215013,60.89,1.5392383337020874,82,683302,0.008429443463683128,12540,683201,0.85,8258,0.001
-10.103467889999997,58.63,1.5961158275604248,82,683757,0.019009148702025414,12550,683656,0.87,8264,0.001
-10.53533421,62.89,1.5077877044677734,82,684574,0.012421989813446999,12560,684473,0.86,8274,0.001
-10.43597339,62.76,1.4439297914505005,82,685349,0.03110504522919655,12570,685248,0.85,8283,0.001
-10.476916090000001,63.88,1.3407586812973022,82,686041,0.019291508942842484,12580,685940,0.84,8292,0.001
-10.276536100000003,64.43,1.5604453086853027,82,686889,0.00832622591406107,12590,686788,0.84,8303,0.001
-10.35717993,69.08,1.6729271411895752,82,687803,0.022586068138480186,12600,687702,0.83,8314,0.001
-10.55317399,71.9,1.5145342350006104,82,688540,0.03212318569421768,12610,688439,0.82,8323,0.001
-10.925107619999999,72.57,1.5230839252471924,82,689164,0.040867313742637634,12620,689063,0.82,8331,0.001
-11.176184780000002,78.38,1.6229634284973145,82,690245,0.028120551258325577,12630,690144,0.81,8345,0.001
-11.03517214,75.68,1.5168797969818115,82,690870,0.042614180594682693,12640,690769,0.77,8353,0.001
-11.42314045,80.26,1.6222970485687256,82,691783,0.010610178112983704,12650,691682,0.74,8364,0.001
-11.331197,79.54,1.45625638961792,82,692528,0.013441416434943676,12660,692427,0.74,8373,0.001
-11.666286210000003,82.81,1.7056140899658203,82,693630,0.015325875952839851,12670,693529,0.72,8388,0.001
-11.66760324,83.93,1.4280039072036743,82,694434,0.016775058582425117,12680,694333,0.72,8398,0.001
-11.633005350000001,84.88,1.6676490306854248,82,695377,0.0043525705114007,12690,695276,0.73,8410,0.001
-11.549844019999998,80.55,1.6543562412261963,82,695858,0.027101444080471992,12700,695757,0.73,8416,0.001
-11.41465003,78.47,1.466059923171997,82,696387,0.013634687289595604,12710,696286,0.74,8422,0.001
-11.237445859999998,77.88,1.5807584524154663,82,696952,0.06399165838956833,12720,696851,0.74,8429,0.001
-10.925762429999999,71.89,1.6437125205993652,82,697434,0.05171133577823639,12730,697333,0.75,8435,0.001
-11.178335779999998,73.84,1.67500638961792,82,698254,0.0180886872112751,12740,698153,0.76,8446,0.001
-11.130989190000001,69.74,1.5650513172149658,82,698757,0.025829140096902847,12750,698656,0.76,8452,0.001
-11.318711639999998,71.92,1.551931381225586,82,699720,0.015787772834300995,12760,699619,0.76,8464,0.001
-11.39549797,75.07,1.573537826538086,82,701137,0.014187229797244072,12770,701036,0.76,8482,0.001
-11.447996019999998,72.1,1.4717622995376587,82,701644,0.005714784376323223,12780,701543,0.76,8488,0.001
-11.249773869999999,68.11,1.5875115394592285,82,702188,0.07084686309099197,12790,702087,0.75,8495,0.001
-11.33501121,68.03,1.7721823453903198,82,702661,0.020412158221006393,12800,702560,0.73,8501,0.001
-11.441191550000003,69.76,1.5766791105270386,82,703363,0.028006237000226974,12810,703262,0.7,8509,0.001
-11.897174549999999,74.79,1.413313865661621,82,704431,0.022237762808799744,12820,704330,0.69,8523,0.001
-11.961160029999998,77.32,1.4424772262573242,82,705166,0.010391744785010815,12830,705065,0.68,8532,0.001
-12.24709855,82.0,1.388559103012085,82,706454,0.00789419561624527,12840,706353,0.65,8548,0.001
-12.383956519999996,84.98,1.588687777519226,82,707255,0.04893745481967926,12850,707154,0.67,8558,0.001
-12.137151539999998,82.15,1.697999358177185,82,707935,0.011160059832036495,12860,707834,0.67,8567,0.001
-11.44292271,74.45,1.5981190204620361,82,708582,0.015804952010512352,12870,708481,0.69,8575,0.001
-11.54390071,79.09,1.5499539375305176,82,709553,0.010210086591541767,12880,709452,0.68,8587,0.001
-11.51739169,79.36,1.4649239778518677,82,710124,0.09778854995965958,12890,710023,0.7,8594,0.001
-11.707560979999998,84.56,1.5811686515808105,82,711117,0.008575180545449257,12900,711016,0.71,8606,0.001
-11.820111070000001,85.61,1.4212967157363892,82,711924,0.013876339420676231,12910,711823,0.72,8617,0.001
-11.110553640000001,78.79,1.4917056560516357,82,712310,0.008541654795408249,12920,712209,0.75,8621,0.001
-10.868271960000001,75.54,1.4796947240829468,82,712720,0.006007945630699396,12930,712619,0.76,8626,0.001
-10.372826329999999,68.9,1.5676019191741943,82,713344,0.03318841755390167,12940,713243,0.8,8634,0.001
-9.96680239,65.09,1.5629225969314575,82,713764,0.014126994647085667,12950,713663,0.81,8639,0.001
-10.2270741,67.49,1.5200436115264893,82,714684,0.011294973082840443,12960,714583,0.82,8651,0.001
-10.57828782,69.01,1.4935719966888428,82,715483,0.011411771178245544,12970,715382,0.83,8661,0.001
-10.341660579999997,64.66,1.6518356800079346,82,716019,0.009532827883958817,12980,715918,0.84,8668,0.001
-10.443423160000002,67.4,1.5570520162582397,82,716864,0.006389394402503967,12990,716763,0.83,8678,0.001
-10.092784369999999,62.76,1.7145580053329468,82,717393,0.009906952269375324,13000,717292,0.83,8685,0.001
-9.79355096,61.06,1.5667729377746582,82,718030,0.013917671516537666,13010,717929,0.85,8693,0.001
-10.138649460000002,66.49,1.3935418128967285,82,718959,0.02917821705341339,13020,718858,0.84,8705,0.001
-10.4250816,70.67,1.547226905822754,82,719787,0.05503665655851364,13030,719686,0.84,8716,0.001
-10.082346530000002,69.44,1.5894309282302856,82,720288,0.010501120239496231,13040,720187,0.84,8722,0.001
-10.135450310000001,71.24,1.48402738571167,82,720888,0.00686101708561182,13050,720787,0.83,8730,0.001
-9.907826060000001,68.41,1.4810402393341064,82,721525,0.03994590789079666,13060,721424,0.85,8738,0.001
-9.64593011,65.31,1.2549227476119995,82,722014,0.016285309568047523,13070,721913,0.85,8744,0.001
-9.67261224,65.55,1.4229631423950195,82,722574,0.025878267362713814,13080,722473,0.85,8751,0.001
-9.676661970000001,67.01,1.3112850189208984,82,723565,0.008954075165092945,13090,723464,0.84,8764,0.001
-9.759890840000002,68.17,1.4702084064483643,82,724210,0.018341928720474243,13100,724109,0.85,8772,0.001
-10.303357620000002,70.92,1.528989315032959,82,725122,0.02408768981695175,13110,725021,0.83,8783,0.001
-10.167588599999998,66.76,1.2196811437606812,82,725635,0.024335544556379318,13120,725534,0.82,8790,0.001
-10.641269340000001,71.47,1.447125792503357,82,726934,0.012995358556509018,13130,726833,0.78,8806,0.001
-11.36141695,76.2,1.48527193069458,82,727908,0.016449429094791412,13140,727807,0.77,8818,0.001
-11.527332059999999,77.17,1.3667545318603516,82,728605,0.015687990933656693,13150,728504,0.77,8827,0.001
-11.782856859999999,84.81,1.5627442598342896,82,730006,0.010916017927229404,13160,729905,0.74,8844,0.001
-12.235637699999998,92.03,1.404688835144043,82,731217,0.12270303070545197,13170,731116,0.71,8859,0.001
-12.608252400000001,97.0,1.557713270187378,82,732274,0.012349882163107395,13180,732173,0.72,8872,0.001
-12.598754610000004,93.98,1.4966275691986084,82,732963,0.013809652999043465,13190,732862,0.73,8880,0.001
-12.65865197,94.12,1.556808590888977,82,733622,0.013893185183405876,13200,733521,0.73,8889,0.001
-12.356583319999997,90.75,1.5402806997299194,82,734197,0.00954632181674242,13210,734096,0.75,8896,0.001
-12.40231692,90.63,1.5377991199493408,82,734698,0.04157926142215729,13220,734597,0.73,8902,0.001
-11.978186899999995,85.89,1.4839396476745605,82,735523,0.01833215355873108,13230,735422,0.75,8912,0.001
-11.566351129999997,81.35,1.717018961906433,82,736043,0.011832969263195992,13240,735942,0.77,8918,0.001
-11.63504399,79.86,1.5794322490692139,82,736591,0.01109369844198227,13250,736490,0.77,8925,0.001
-11.221908149999997,73.13,1.6685150861740112,82,737319,0.018698833882808685,13260,737218,0.79,8934,0.001
-10.667733539999999,65.98,1.8077847957611084,82,737815,0.05185430496931076,13270,737714,0.83,8940,0.001
-10.18222871,64.03,1.5741560459136963,82,738677,0.03459770977497101,13280,738576,0.81,8951,0.001
-10.12674763,62.95,1.507015585899353,82,739258,0.11624422669410706,13290,739157,0.81,8958,0.001
-10.03669747,61.07,1.579025387763977,82,739729,0.018287964165210724,13300,739628,0.81,8964,0.001
-9.78838883,60.95,1.4704822301864624,82,740292,0.07805189490318298,13310,740191,0.8,8971,0.001
-9.94023472,62.09,1.7630048990249634,82,740907,0.051865819841623306,13320,740806,0.81,8979,0.001
-9.937795090000002,59.28,1.6929028034210205,82,741451,0.013023920357227325,13330,741350,0.83,8986,0.001
-9.890577539999999,62.06,1.6339266300201416,82,742249,0.01422082632780075,13340,742148,0.82,8996,0.001
-9.750258939999998,62.2,1.627953290939331,82,742811,0.02594614028930664,13350,742710,0.83,9003,0.001
-9.70592541,60.43,1.6415654420852661,82,743362,0.02768552675843239,13360,743261,0.83,9010,0.001
-9.885867350000002,60.86,1.4102661609649658,82,743901,0.011194922029972076,13370,743800,0.81,9016,0.001
-9.947472690000001,59.66,1.6880828142166138,82,744643,0.01533021405339241,13380,744542,0.83,9026,0.001
-10.2322236,60.75,1.5001202821731567,82,745333,0.015917427837848663,13390,745232,0.84,9034,0.001
-10.40462939,62.32,1.6031728982925415,82,745961,0.010494519956409931,13400,745860,0.84,9042,0.001
-10.584688250000001,63.67,1.6216096878051758,82,746659,0.01097099483013153,13410,746558,0.83,9051,0.001
-10.344703379999999,62.64,1.654642105102539,82,747171,0.023956414312124252,13420,747070,0.84,9057,0.001
-10.390400369999998,62.14,1.5126765966415405,82,747665,0.008956016972661018,13430,747564,0.85,9063,0.001
-10.325055500000001,61.39,1.7492634057998657,82,748388,0.013849275186657906,13440,748287,0.85,9072,0.001
-10.564256929999999,64.69,1.7000901699066162,82,749280,0.027356784790754318,13450,749179,0.85,9084,0.001
-10.82798219,64.58,1.6534030437469482,82,749820,0.05277247726917267,13460,749719,0.85,9090,0.001
-11.10689602,66.83,1.7643166780471802,82,750584,0.005462566390633583,13470,750483,0.84,9100,0.001
-10.989454579999999,63.77,1.4106318950653076,82,751020,0.03472317010164261,13480,750919,0.85,9105,0.001
-10.770620280000001,63.06,1.4926491975784302,82,751639,0.007003758102655411,13490,751538,0.86,9113,0.001
-10.69968901,63.26,1.4922869205474854,82,752287,0.036171600222587585,13500,752186,0.87,9121,0.001
-10.654183459999999,62.57,1.4870102405548096,82,752916,0.015190656296908855,13510,752815,0.89,9129,0.001
-10.858694970000002,64.21,1.62236750125885,82,753592,0.012658070772886276,13520,753491,0.9,9137,0.001
-10.59713252,64.36,1.5032225847244263,82,754101,0.009102743119001389,13530,754000,0.9,9144,0.001
-10.88630261,62.67,1.71064031124115,82,754655,0.029188893735408783,13540,754554,0.91,9151,0.001
-10.747816010000001,58.85,1.6975302696228027,82,755165,0.02185678854584694,13550,755064,0.92,9157,0.001
-10.37821483,57.81,1.6745834350585938,82,755601,0.010538928210735321,13560,755500,0.91,9162,0.001
-9.9004296,54.36,1.5153405666351318,82,756020,0.014011716470122337,13570,755919,0.94,9167,0.001
-9.863663330000001,54.52,1.7147654294967651,82,756472,0.025843294337391853,13580,756371,0.94,9173,0.001
-9.898206250000001,53.69,1.5966734886169434,82,757008,0.004166427068412304,13590,756907,0.93,9180,0.001
-9.675707520000001,53.88,1.5695604085922241,82,757675,0.008776256814599037,13600,757574,0.93,9188,0.001
-9.5054638,52.83,1.4701602458953857,82,758199,0.013004032894968987,13610,758098,0.93,9195,0.001
-9.322942399999999,50.79,1.6676316261291504,82,758671,0.009090866893529892,13620,758570,0.94,9201,0.001
-9.70373823,54.33,1.714932918548584,82,759534,0.02510695904493332,13630,759433,0.92,9212,0.001
-9.48178221,54.06,1.767935872077942,82,760061,0.010494627058506012,13640,759960,0.93,9218,0.001
-9.348068410000002,53.94,1.7634094953536987,82,760559,0.009928595274686813,13650,760458,0.93,9225,0.001
-9.45186763,54.09,1.4883100986480713,82,761010,0.01716805063188076,13660,760909,0.95,9230,0.001
-9.446935200000002,54.81,1.5909286737442017,82,761501,0.012616858817636967,13670,761400,0.95,9237,0.001
-9.653403019999999,60.85,1.6170694828033447,82,762557,0.027545396238565445,13680,762456,0.93,9250,0.001
-9.32071523,59.4,1.4942134618759155,82,762948,0.01116499025374651,13690,762847,0.93,9255,0.001
-9.626795000000001,61.13,1.5600461959838867,82,763788,0.010444022715091705,13700,763687,0.92,9265,0.001
-9.82681057,60.95,1.7620010375976562,82,764294,0.06597871333360672,13710,764193,0.92,9271,0.001
-9.74209267,60.77,1.6039453744888306,82,764748,0.006492075510323048,13720,764647,0.92,9277,0.001
-9.397187529999998,57.63,1.6539616584777832,82,765297,0.02413998357951641,13730,765196,0.94,9284,0.001
-9.82352603,62.3,1.5089622735977173,82,766291,0.026821115985512733,13740,766190,0.93,9296,0.001
-10.040934249999998,63.34,1.5307440757751465,82,766893,0.011227624490857124,13750,766792,0.93,9304,0.001
-10.27903705,66.85,1.6758294105529785,82,767695,0.0034731030464172363,13760,767594,0.93,9314,0.001
-10.501756689999997,68.85,1.4180562496185303,82,768386,0.011958254501223564,13770,768285,0.91,9322,0.001
-10.419225509999999,63.04,1.6320624351501465,82,768861,0.011611396446824074,13780,768760,0.93,9328,0.001
-10.487989209999999,63.67,1.4690618515014648,82,769315,0.016943691298365593,13790,769214,0.92,9333,0.001
-10.39765004,61.43,1.632152795791626,82,769931,0.014581574127078056,13800,769830,0.92,9341,0.001
-10.28964761,61.42,1.7936638593673706,82,770436,0.01231827400624752,13810,770335,0.91,9347,0.001
-10.144847989999999,60.65,1.4640580415725708,82,770813,0.006692502181977034,13820,770712,0.89,9352,0.001
-10.30635986,60.4,1.5038526058197021,82,771337,0.03344617411494255,13830,771236,0.89,9358,0.001
-9.678034429999999,54.41,1.4796197414398193,82,771732,0.007675658445805311,13840,771631,0.9,9363,0.001
-9.27559341,53.69,1.4760677814483643,82,772262,0.028013158589601517,13850,772161,0.9,9370,0.001
-9.267760149999999,51.33,1.4981588125228882,82,772828,0.014822530560195446,13860,772727,0.87,9377,0.001
-9.17141081,48.91,1.4288707971572876,82,773277,0.014049755409359932,13870,773176,0.87,9382,0.001
-9.27425111,50.66,1.6107633113861084,82,773927,0.008054913021624088,13880,773826,0.84,9390,0.001
-9.80862276,55.87,1.5609469413757324,82,774902,0.021814893931150436,13890,774801,0.83,9402,0.001
-10.255702770000001,59.34,1.3985792398452759,82,775865,0.04981242120265961,13900,775764,0.84,9415,0.001
-10.220550990000001,59.72,1.6008871793746948,82,776408,0.017128977924585342,13910,776307,0.86,9421,0.001
-10.986415999999997,67.4,1.4779229164123535,82,777553,0.031102193519473076,13920,777452,0.84,9436,0.001
-10.98701345,67.13,1.4574315547943115,82,778050,0.01678493432700634,13930,777949,0.83,9442,0.001
-11.846760279999998,74.34,1.3877742290496826,82,779166,0.007418216671794653,13940,779065,0.81,9456,0.001
-12.50808005,78.52,1.5042389631271362,82,780114,0.012525364756584167,13950,780013,0.79,9469,0.001
-12.1985688,77.19,1.3281209468841553,82,780547,0.007209893316030502,13960,780446,0.81,9474,0.001
-12.466059290000002,80.96,1.5929110050201416,82,781373,0.021834388375282288,13970,781272,0.79,9484,0.001
-12.651991570000002,83.46,1.4187369346618652,82,782273,0.015523897483944893,13980,782172,0.79,9495,0.001
-12.19783959,78.34,1.3769407272338867,82,782736,0.033740293234586716,13990,782635,0.8,9501,0.001
-11.726121369999998,77.89,1.5152217149734497,82,783654,0.01692311465740204,14000,783553,0.79,9513,0.001
-11.845446990000001,78.15,1.535125494003296,82,784223,0.03690023720264435,14010,784122,0.75,9520,0.001
-11.528355980000004,76.89,1.5506089925765991,82,785242,0.02540479227900505,14020,785141,0.75,9532,0.001
-11.51907069,79.32,1.3471096754074097,82,785982,0.018405094742774963,14030,785881,0.74,9541,0.001
-10.915526759999995,73.99,1.5215952396392822,82,786565,0.01666112057864666,14040,786464,0.76,9548,0.001
-10.782424390000001,72.71,1.424532175064087,82,787385,0.011079957708716393,14050,787284,0.76,9559,0.001
-11.27754278,77.58,1.5429681539535522,82,788305,0.08757568150758743,14060,788204,0.74,9570,0.001
-11.30208838,78.66,1.4517126083374023,82,789239,0.01599610410630703,14070,789138,0.76,9581,0.001
-11.056256669999998,74.6,1.357680082321167,82,789733,0.012402882799506187,14080,789632,0.78,9588,0.001
-11.385828269999998,82.48,1.6120028495788574,82,790984,0.02695290744304657,14090,790883,0.75,9603,0.001
-11.971330870000001,87.01,1.2648234367370605,82,792355,0.014490623958408833,14100,792254,0.72,9620,0.001
-12.313682150000004,89.08,1.458351492881775,82,793131,0.012414557859301567,14110,793030,0.74,9629,0.001
-12.10686994,84.34,1.5608515739440918,82,793676,0.020544443279504776,14120,793575,0.77,9636,0.001
-12.099936759999999,84.36,1.6373932361602783,82,794418,0.11526758968830109,14130,794317,0.79,9645,0.001
-11.969045919999996,83.51,1.5365185737609863,82,794916,0.012307346798479557,14140,794815,0.79,9652,0.001
-12.080547619999999,85.28,1.5782716274261475,82,795913,0.009307264350354671,14150,795812,0.79,9664,0.001
-12.01940661,84.01,1.5765773057937622,82,796706,0.02054746448993683,14160,796605,0.81,9674,0.001
-12.040498359999999,84.51,1.7038555145263672,82,797690,0.009731234051287174,14170,797589,0.81,9686,0.001
-12.221299350000002,84.99,1.7063348293304443,82,798232,0.026110928505659103,14180,798131,0.77,9692,0.001
-12.36316062,80.28,1.4919096231460571,82,799012,0.009426727890968323,14190,798911,0.78,9702,0.001
-11.718899600000002,72.34,1.5524101257324219,82,799589,0.01662672683596611,14200,799488,0.83,9709,0.001
-11.618995759999997,72.37,1.627091884613037,82,800368,0.02465123124420643,14210,800267,0.81,9719,0.001
-12.040163889999997,75.04,1.5266486406326294,82,801180,0.028674336150288582,14220,801079,0.8,9729,0.001
-12.153852389999999,73.08,1.5066176652908325,82,801726,0.030712956562638283,14230,801625,0.77,9736,0.001
-12.402145719999998,75.58,1.4452379941940308,82,802474,0.008465146645903587,14240,802373,0.76,9745,0.001
-12.369481390000002,76.46,1.5908355712890625,82,803559,0.006906541995704174,14250,803458,0.76,9758,0.001
-12.51933216,77.47,1.423476219177246,82,804453,0.016208436340093613,14260,804352,0.74,9769,0.001
-12.961996700000002,80.61,1.6369960308074951,82,805751,0.009159018285572529,14270,805650,0.7,9786,0.001
-12.880951650000002,81.49,1.5031718015670776,82,806381,0.011672776192426682,14280,806280,0.75,9794,0.001
-12.344240020000003,78.63,1.418670892715454,82,806875,0.03765634074807167,14290,806774,0.79,9800,0.001
-12.201782109999996,79.12,1.454797625541687,82,807501,0.012194999493658543,14300,807400,0.77,9808,0.001
-12.17825942,78.58,1.4544621706008911,82,808226,0.016719168052077293,14310,808125,0.8,9817,0.001
-12.583212979999999,82.61,1.4049773216247559,82,809441,0.040246568620204926,14320,809340,0.8,9833,0.001
-12.541947989999999,84.81,1.5075886249542236,82,810207,0.011735616251826286,14330,810106,0.8,9843,0.001
-12.327327140000001,82.75,1.5092076063156128,82,810749,0.007373169530183077,14340,810648,0.8,9850,0.001
-12.503035869999998,81.44,1.627478837966919,82,811703,0.0065046027302742004,14350,811602,0.8,9862,0.001
-12.616827989999999,82.96,1.4961955547332764,82,812749,0.013396966271102428,14360,812648,0.78,9875,0.001
-12.197032109999999,78.11,1.5033464431762695,82,813562,0.014323873445391655,14370,813461,0.83,9885,0.001
-12.058437790000001,76.47,1.4266083240509033,82,814028,0.00992567278444767,14380,813927,0.82,9891,0.001
-12.4008175,79.44,1.5436272621154785,82,814819,0.018275689333677292,14390,814718,0.8,9901,0.001
-12.45351673,80.86,1.3443965911865234,82,815587,0.007440096698701382,14400,815486,0.8,9911,0.001
-12.062453499999998,77.83,1.3871949911117554,82,816009,0.023673715069890022,14410,815908,0.77,9916,0.001
-11.647476139999997,75.63,1.456421136856079,82,817004,0.015031933784484863,14420,816903,0.77,9929,0.001
-11.453545239999999,73.21,1.4163422584533691,82,817528,0.014193872921168804,14430,817427,0.8,9935,0.001
-11.632594180000002,72.8,1.3073036670684814,82,818029,0.016486480832099915,14440,817928,0.8,9942,0.001
-11.09563271,69.98,1.44793701171875,82,818701,0.022058261558413506,14450,818600,0.8,9950,0.001
-10.62830373,64.73,1.5871000289916992,82,819222,0.02941776067018509,14460,819121,0.84,9957,0.001
-10.665119409999997,66.47,1.2130448818206787,82,820209,0.07422085106372833,14470,820108,0.82,9969,0.001
-10.6691562,66.48,1.6596448421478271,82,820676,0.03156915307044983,14480,820575,0.81,9975,0.001
-10.69098148,67.34,1.4437423944473267,82,821553,0.007857091724872589,14490,821452,0.82,9986,0.001
-10.725973740000002,64.34,1.527375340461731,82,822021,0.012061355635523796,14500,821920,0.83,9992,0.001
-10.826544379999998,65.9,1.4942326545715332,82,822599,0.029750552028417587,14510,822498,0.86,9999,0.001
-10.813998360000001,66.02,1.5054113864898682,82,823606,0.011392876505851746,14520,823505,0.87,10011,0.001
-10.829785470000001,66.33,1.55485200881958,82,824161,0.019794661551713943,14530,824060,0.87,10018,0.001
-10.80725245,66.98,1.4073363542556763,82,824727,0.026099730283021927,14540,824626,0.85,10025,0.001
-10.77785573,65.13,1.6125839948654175,82,825214,0.048439737409353256,14550,825113,0.85,10031,0.001
-11.345872280000002,73.35,1.328930377960205,82,826557,0.021507518365979195,14560,826456,0.84,10048,0.001
-11.225345829999998,71.91,1.4138214588165283,82,827400,0.0064118532463908195,14570,827299,0.86,10058,0.001
-11.350658580000001,72.86,1.4273338317871094,82,827962,0.026296988129615784,14580,827861,0.86,10066,0.001
-11.09647274,70.7,1.4100006818771362,82,828623,0.021445922553539276,14590,828522,0.86,10074,0.001
-11.108373409999999,71.1,1.3199076652526855,82,829131,0.020068973302841187,14600,829030,0.86,10080,0.001
-11.389201070000002,73.51,1.4469012022018433,82,829950,0.006361873354762793,14610,829849,0.85,10090,0.001
-11.331039419999998,71.61,1.4867522716522217,82,830767,0.009625044651329517,14620,830666,0.84,10100,0.001
-11.14411056,70.55,1.534096360206604,82,831216,0.00632752338424325,14630,831115,0.82,10106,0.001
-10.924379799999999,69.88,1.3043015003204346,82,831715,0.010764412581920624,14640,831614,0.83,10112,0.001
-11.235325699999999,74.79,1.5479016304016113,82,832693,0.26051175594329834,14650,832592,0.82,10125,0.001
-10.624414569999999,66.44,1.685756802558899,82,833201,0.027156073600053787,14660,833100,0.82,10131,0.001
-10.516723379999998,63.8,1.5647377967834473,82,833780,0.034332044422626495,14670,833679,0.81,10138,0.001
-10.42468418,64.88,1.3464301824569702,82,834450,0.03122897446155548,14680,834349,0.8,10147,0.001
-10.812482319999999,66.87,1.688295841217041,82,835310,0.011643039993941784,14690,835209,0.79,10158,0.001
-11.042929199999998,70.89,1.5563291311264038,82,836220,0.011232038959860802,14700,836119,0.77,10169,0.001
-10.80833887,70.14,1.535456895828247,82,836964,0.03160388395190239,14710,836863,0.77,10178,0.001
-11.0329075,75.93,1.4625658988952637,82,838360,0.014505879022181034,14720,838259,0.76,10196,0.001
-11.228051400000002,78.28,1.4724812507629395,82,839044,0.019643791019916534,14730,838943,0.76,10204,0.001
-11.27488498,78.02,1.5187971591949463,82,839517,0.007421649526804686,14740,839416,0.74,10210,0.001
-10.94625752,72.52,1.4571046829223633,82,839945,0.12399430572986603,14750,839844,0.75,10216,0.001
-10.977940180000001,74.27,1.4960473775863647,82,840628,0.00702371820807457,14760,840527,0.77,10225,0.001
-11.226324150000003,76.14,1.4949944019317627,82,841394,0.09373369812965393,14770,841293,0.77,10234,0.001
-11.33070616,76.01,1.518951177597046,82,842051,0.011699365451931953,14780,841950,0.79,10242,0.001
-11.536811829999998,79.06,1.450413703918457,82,843216,0.008431704714894295,14790,843115,0.78,10257,0.001
-11.900510939999998,77.63,1.7712198495864868,82,843983,0.010705557651817799,14800,843882,0.78,10267,0.001
-11.796455060000001,75.79,1.6829960346221924,82,844543,0.02028742805123329,14810,844442,0.8,10274,0.001
-11.39729335,69.14,1.4850242137908936,82,845274,0.012627155520021915,14820,845173,0.82,10283,0.001
-11.31464771,68.07,1.6062021255493164,82,845851,0.0064706760458648205,14830,845750,0.84,10290,0.001
-11.40354543,68.14,1.484203577041626,82,846331,0.026823721826076508,14840,846230,0.86,10296,0.001
-11.45707701,70.29,1.625415325164795,82,846974,0.020770497620105743,14850,846873,0.88,10305,0.001
-11.172824600000002,67.3,1.5251634120941162,82,847358,0.023012086749076843,14860,847257,0.88,10309,0.001
-10.7686273,64.47,1.5111260414123535,82,847841,0.02156340330839157,14870,847740,0.88,10316,0.001
-10.551561499999998,61.95,1.5682246685028076,82,848246,0.010200131684541702,14880,848145,0.89,10321,0.001
-10.174747360000001,57.65,1.5627241134643555,82,848981,0.006568910088390112,14890,848880,0.9,10330,0.001
-9.669140510000002,58.03,1.501678466796875,82,849786,0.012296028435230255,14900,849685,0.92,10340,0.001
-9.832593580000001,58.04,1.534623622894287,82,850347,0.06100466102361679,14910,850246,0.92,10347,0.001
-9.53498675,55.7,1.2849366664886475,82,850844,0.01274662185460329,14920,850743,0.91,10353,0.001
-9.460631859999998,53.65,1.5674593448638916,82,851216,0.019518759101629257,14930,851115,0.91,10358,0.001
-9.46281147,54.1,1.5195425748825073,82,851741,0.01091802679002285,14940,851640,0.91,10364,0.001
-9.358717780000001,51.87,1.6287882328033447,82,852161,0.02000599168241024,14950,852060,0.91,10370,0.001
-9.68316652,52.7,1.800060749053955,82,852628,0.013259327039122581,14960,852527,0.9,10375,0.001
-10.12956505,56.29,1.560636281967163,82,853470,0.009075978770852089,14970,853369,0.9,10386,0.001
-10.410469820000001,59.84,1.4346911907196045,82,854230,0.013629201799631119,14980,854129,0.88,10396,0.001
-10.26430345,59.1,1.430310845375061,82,854891,0.05235239863395691,14990,854790,0.89,10404,0.001
-10.447586730000001,59.63,1.6067426204681396,82,855749,0.008828705176711082,15000,855648,0.88,10415,0.001
-10.045836190000001,57.9,1.5055630207061768,82,856137,0.008888112381100655,15010,856036,0.87,10419,0.001
-10.22024923,60.34,1.4010283946990967,82,856878,0.013008253648877144,15020,856777,0.88,10429,0.001
-10.39149255,61.09,1.4176596403121948,82,857325,0.014331814832985401,15030,857224,0.88,10434,0.001
-10.294835319999999,61.31,1.525829792022705,82,857872,0.010911435820162296,15040,857771,0.9,10441,0.001
-10.3888399,63.91,1.7512423992156982,82,858552,0.01963503658771515,15050,858451,0.9,10450,0.001
-10.218861200000001,64.43,1.594806432723999,82,859071,0.13898947834968567,15060,858970,0.9,10456,0.001
-9.75467535,61.23,1.591698408126831,82,859593,0.01054321601986885,15070,859492,0.92,10463,0.001
-9.340297679999999,56.99,1.306113600730896,82,859929,0.005790348164737225,15080,859828,0.93,10467,0.001
-9.21656872,54.51,1.6317986249923706,82,860342,0.006053955759853125,15090,860241,0.93,10472,0.001
-8.96012699,50.74,1.590897798538208,82,860823,0.011756256222724915,15100,860722,0.94,10478,0.001
-9.292933499999998,52.47,1.3730838298797607,82,861384,0.010754306800663471,15110,861283,0.94,10485,0.001
-9.143196809999997,49.67,1.6630117893218994,82,861845,0.05203230679035187,15120,861744,0.94,10491,0.001
-8.983777169999998,49.67,1.3037471771240234,82,862292,0.013353623449802399,15130,862191,0.92,10496,0.001
-9.375934430000001,52.74,1.5748461484909058,82,863146,0.00938355177640915,15140,863045,0.89,10507,0.001
-9.469310370000002,50.55,1.4722754955291748,82,863607,0.0324191115796566,15150,863506,0.89,10513,0.001
-9.7069372,52.89,1.7050702571868896,82,864360,0.018804319202899933,15160,864259,0.89,10522,0.001
-9.75123494,54.44,1.3974061012268066,82,865037,0.014809557236731052,15170,864936,0.88,10531,0.001
-10.077519,58.74,1.1779531240463257,82,865803,0.005484589375555515,15180,865702,0.88,10540,0.001
-10.37215688,60.37,1.511115550994873,82,866379,0.01217934861779213,15190,866278,0.87,10548,0.001
-10.379012260000001,60.49,1.6941139698028564,82,866872,0.02457933872938156,15200,866771,0.88,10554,0.001
-10.660306899999998,62.59,1.7359461784362793,82,867643,0.019437193870544434,15210,867542,0.88,10564,0.001
-10.582492160000001,61.98,1.4979273080825806,82,868043,0.008371829055249691,15220,867942,0.88,10569,0.001
-10.779586909999999,62.62,1.3132884502410889,82,868554,0.0255602914839983,15230,868453,0.89,10575,0.001
-10.524848149999999,58.98,1.6323297023773193,82,869044,0.019969146698713303,15240,868943,0.9,10581,0.001
-10.5564954,59.21,1.5044338703155518,82,869528,0.019674742594361305,15250,869427,0.9,10588,0.001
-10.42811565,56.49,1.5607155561447144,82,870009,0.007661495357751846,15260,869908,0.89,10594,0.001
-10.542075520000003,56.38,1.5083354711532593,82,870675,0.009317800402641296,15270,870574,0.9,10602,0.001
-10.29783442,52.9,1.5631023645401,82,871093,0.012027015909552574,15280,870992,0.91,10607,0.001
-9.80679888,51.32,1.6322176456451416,82,871511,0.011238460429012775,15290,871410,0.92,10612,0.001
-9.63860795,50.38,1.4318299293518066,82,871910,0.009816363453865051,15300,871809,0.92,10617,0.001
-9.405178999999999,49.03,1.4781074523925781,82,872546,0.014308697544038296,15310,872445,0.91,10625,0.001
-9.510611280000001,51.48,1.6360440254211426,82,873191,0.03730388358235359,15320,873090,0.91,10634,0.001
-9.23302994,49.93,1.6294598579406738,82,873547,0.017130330204963684,15330,873446,0.9,10638,0.001
-9.343080879999999,50.34,1.5756210088729858,82,874078,0.004512219689786434,15340,873977,0.91,10645,0.001
-8.997906729999999,50.07,1.5824209451675415,82,874535,0.03693445771932602,15350,874434,0.91,10651,0.001
-8.97549991,50.38,1.4936326742172241,82,875047,0.008652123622596264,15360,874946,0.92,10657,0.001
-8.7169639,48.01,1.631772756576538,82,875476,0.03171103447675705,15370,875375,0.92,10663,0.001
-8.84731209,48.85,1.6046453714370728,82,875978,0.024606965482234955,15380,875877,0.92,10669,0.001
-9.005873639999997,50.92,1.504834532737732,82,876603,0.008431054651737213,15390,876502,0.92,10677,0.001
-9.093972249999998,51.39,1.6297348737716675,82,877049,0.006556778214871883,15400,876948,0.92,10683,0.001
-8.99723119,53.65,1.4836465120315552,82,877911,0.004875226877629757,15410,877810,0.94,10694,0.001
-9.12897235,52.43,1.4663852453231812,82,878434,0.008922509849071503,15420,878333,0.94,10700,0.001
-9.40513733,53.89,1.4704158306121826,82,878936,0.03425056114792824,15430,878835,0.94,10706,0.001
-9.26708652,53.71,1.553952932357788,82,879449,0.01025778241455555,15440,879348,0.93,10713,0.001
-9.77381241,56.47,1.4513782262802124,82,880182,0.00942948181182146,15450,880081,0.93,10722,0.001
-9.747864950000002,56.26,1.6736388206481934,82,880673,0.006021843757480383,15460,880572,0.93,10728,0.001
-9.645779089999998,55.82,1.4331581592559814,82,881058,0.00943000428378582,15470,880957,0.93,10733,0.001
-9.568459650000001,57.03,1.6116907596588135,82,881681,0.09847281128168106,15480,881580,0.9,10741,0.001
-9.90896218,57.52,1.6333339214324951,82,882355,0.014094295911490917,15490,882254,0.89,10750,0.001
-9.778779499999999,58.48,1.4818940162658691,82,882897,0.010462206788361073,15500,882796,0.88,10756,0.001
-9.65365437,54.13,1.535477638244629,82,883324,0.005351707339286804,15510,883223,0.87,10762,0.001
-9.69150043,54.31,1.6625945568084717,82,883865,0.02152033895254135,15520,883764,0.87,10769,0.001
-9.75549376,54.68,1.564012885093689,82,884404,0.023513320833444595,15530,884303,0.89,10775,0.001
-9.36916302,53.11,1.6378518342971802,82,884760,0.021681176498532295,15540,884659,0.91,10780,0.001
-9.36506318,50.77,1.461564540863037,82,885259,0.03478069603443146,15550,885158,0.9,10786,0.001
-9.49221531,51.49,1.6746877431869507,82,885822,0.012261525727808475,15560,885721,0.9,10793,0.001
-9.81423454,53.13,1.6418988704681396,82,886371,0.03520449995994568,15570,886270,0.89,10800,0.001
-9.865803059999998,51.67,1.3291637897491455,82,886848,0.007759653031826019,15580,886747,0.9,10807,0.001
-9.55953349,49.87,1.6498634815216064,82,887342,0.06189467012882233,15590,887241,0.92,10813,0.001
-9.97303116,52.72,1.5092346668243408,82,888169,0.011920863762497902,15600,888068,0.92,10823,0.001
-10.116389860000002,52.98,1.512209177017212,82,888622,0.011859774589538574,15610,888521,0.92,10829,0.001
-9.845079299999998,52.26,1.6337792873382568,82,889091,0.013816342689096928,15620,888990,0.93,10835,0.001
-9.66330838,51.04,1.6456480026245117,82,889508,0.02463390864431858,15630,889407,0.93,10840,0.001
-9.99051189,51.86,1.5350873470306396,82,889946,0.02365059405565262,15640,889845,0.93,10845,0.001
-9.968044339999999,52.89,1.5712403059005737,82,890548,0.0199806597083807,15650,890447,0.91,10853,0.001
-9.83881435,52.19,1.5230265855789185,82,891041,0.011075076647102833,15660,890940,0.92,10859,0.001
-10.17324022,55.72,1.6933331489562988,82,891943,0.011351995170116425,15670,891842,0.92,10870,0.001
-10.54701598,57.12,1.5676203966140747,82,892560,0.012336503714323044,15680,892459,0.94,10878,0.001
-10.678026819999998,57.79,1.548616886138916,82,893121,0.00981389544904232,15690,893020,0.94,10885,0.001
-10.560324260000002,54.3,1.522984266281128,82,893599,0.024484841153025627,15700,893498,0.94,10891,0.001
-10.39314136,54.21,1.4809156656265259,82,894043,0.015926005318760872,15710,893942,0.95,10896,0.001
-10.748983709999997,55.47,1.5268404483795166,82,894638,0.01700434461236,15720,894537,0.95,10904,0.001
-10.955017560000002,58.08,1.5516724586486816,82,895316,0.013803727924823761,15730,895215,0.94,10912,0.001
-11.07069282,58.64,1.491380214691162,82,895810,0.026091450825333595,15740,895709,0.93,10918,0.001
-10.786139109999999,57.0,1.6121265888214111,82,896248,0.02599208429455757,15750,896147,0.95,10924,0.001
-10.521857200000001,56.08,1.6526378393173218,82,896649,0.022851239889860153,15760,896548,0.95,10929,0.001
-10.667499560000001,57.0,1.5192198753356934,82,897643,0.011092323809862137,15770,897542,0.93,10941,0.001
-10.30860366,55.69,1.6942583322525024,82,898129,0.049406498670578,15780,898028,0.91,10947,0.001
-9.980414459999999,53.96,1.4580432176589966,82,898517,0.027658825740218163,15790,898416,0.91,10952,0.001
-10.14667446,55.98,1.4999052286148071,82,899197,0.019252460449934006,15800,899096,0.92,10961,0.001
-10.332223550000002,57.2,1.3598237037658691,82,899763,0.0037485151551663876,15810,899662,0.91,10968,0.001
-10.28267057,58.22,1.587587594985962,82,900460,0.015483139082789421,15820,900359,0.91,10977,0.001
-10.27653709,58.28,1.4682083129882812,82,901144,0.0168021097779274,15830,901043,0.9,10986,0.001
-10.184206080000001,58.37,1.5022284984588623,82,901647,0.01191280409693718,15840,901546,0.91,10992,0.001
-10.549132579999998,61.85,1.5293402671813965,82,902433,0.01840510591864586,15850,902332,0.91,11002,0.001
-10.565379029999999,61.52,1.5408540964126587,82,902801,0.0071980152279138565,15860,902700,0.91,11007,0.001
-10.011750090000001,56.52,1.5118478536605835,82,903295,0.0116122430190444,15870,903194,0.93,11013,0.001
-10.20554425,56.49,1.6693015098571777,82,903778,0.028463078662753105,15880,903677,0.93,11019,0.001
-10.33462992,57.28,1.6554337739944458,82,904245,0.013174652121961117,15890,904144,0.92,11025,0.001
-10.31571552,57.51,1.392533779144287,82,904948,0.00803220085799694,15900,904847,0.9,11034,0.001
-10.688535240000004,59.86,1.4506778717041016,82,905749,0.022137107327580452,15910,905648,0.89,11044,0.001
-10.88016584,61.53,1.5085129737854004,82,906613,0.018948907032608986,15920,906512,0.86,11055,0.001
-11.048548640000002,61.49,1.5219590663909912,82,907293,0.01918119378387928,15930,907192,0.87,11064,0.001
-11.12917149,63.38,1.6661100387573242,82,907985,0.01532704196870327,15940,907884,0.85,11072,0.001
-10.720013020000001,60.37,1.580161213874817,82,908470,0.00898607075214386,15950,908369,0.86,11078,0.001
-11.021181299999999,61.65,1.496764898300171,82,908966,0.04587160423398018,15960,908865,0.85,11084,0.001
-10.975036119999997,62.14,1.6135399341583252,81,909509,0.015578844584524632,15970,909408,0.86,11091,0.001
-10.61418362,62.19,1.3096084594726562,81,909997,0.009036002680659294,15980,909896,0.88,11097,0.001
-10.826760590000001,63.86,1.6155052185058594,81,910631,0.0177115760743618,15990,910530,0.88,11105,0.001
-10.653378229999998,62.49,1.8928401470184326,81,911197,0.0045348224230110645,16000,911096,0.9,11112,0.001
-9.969432099999999,58.39,1.550433874130249,81,911588,0.024329960346221924,16010,911487,0.92,11117,0.001
-9.78087854,57.49,1.6083260774612427,81,912362,0.010530409403145313,16020,912261,0.95,11126,0.001
-9.57416948,55.22,1.4790451526641846,81,912815,0.008210379630327225,16030,912714,0.93,11132,0.001
-9.605306429999999,55.25,1.4968534708023071,81,913510,0.009428327903151512,16040,913409,0.95,11141,0.001
-9.40750809,54.54,1.5582067966461182,81,913924,0.013390390202403069,16050,913823,0.95,11146,0.001
-9.359312290000002,55.12,1.4899048805236816,81,914478,0.01184554398059845,16060,914377,0.96,11153,0.001
-9.46765016,54.71,1.5725882053375244,81,914980,0.006360590923577547,16070,914879,0.96,11159,0.001
-9.49824885,53.98,1.3833839893341064,81,915395,0.007472179364413023,16080,915294,0.95,11164,0.001
-9.10362048,51.43,1.6707489490509033,81,915774,0.02260052226483822,16090,915673,0.96,11169,0.001
-9.23696799,54.55,1.460871934890747,81,916652,0.008830862119793892,16100,916551,0.95,11180,0.001
-9.710277130000001,58.41,1.5463840961456299,81,917429,0.029146291315555573,16110,917328,0.92,11189,0.001
-9.52558937,56.37,1.530124545097351,81,917999,0.01735573634505272,16120,917898,0.92,11196,0.001
-9.464306870000001,58.34,1.4787864685058594,81,918649,0.029526203870773315,16130,918548,0.95,11204,0.001
-9.36335003,57.12,1.390385389328003,81,919222,0.037514008581638336,16140,919121,0.94,11211,0.001
-9.52776227,57.82,1.4676250219345093,81,919706,0.011338477954268456,16150,919605,0.94,11217,0.001
-9.39241335,56.6,1.4672613143920898,81,920138,0.08773697167634964,16160,920037,0.93,11223,0.001
-9.1140663,55.91,1.6050821542739868,81,920571,0.014371555298566818,16170,920470,0.93,11228,0.001
-9.347826229999999,57.62,1.5679199695587158,81,921157,0.015362068079411983,16180,921056,0.94,11235,0.001
-9.561952840000002,58.66,1.4858801364898682,81,921640,0.016614694148302078,16190,921539,0.94,11241,0.001
-9.488425060000003,56.13,1.5396889448165894,81,922265,0.061870235949754715,16200,922164,0.95,11249,0.001
-9.34826862,54.24,1.5559747219085693,81,922853,0.01938997581601143,16210,922752,0.97,11256,0.001
-9.390106579999998,54.24,1.4589464664459229,81,923423,0.034523747861385345,16220,923322,0.96,11263,0.001
-9.30250779,52.13,1.297756552696228,81,923862,0.014665689319372177,16230,923761,0.96,11269,0.001
-9.31188462,53.59,1.4665675163269043,81,924581,0.13428547978401184,16240,924480,0.96,11278,0.001
-9.16604944,52.17,1.6408162117004395,81,924923,0.004911467432975769,16250,924822,0.94,11282,0.001
-9.27744099,52.13,1.5054062604904175,81,925351,0.022416209802031517,16260,925250,0.93,11287,0.001
-9.60860202,54.53,1.5094654560089111,81,926024,0.018806517124176025,16270,925923,0.92,11295,0.001
-9.44206956,53.46,1.6617426872253418,81,926503,0.019784284755587578,16280,926402,0.91,11301,0.001
-9.585777499999999,55.51,1.5092918872833252,81,927191,0.0091461893171072,16290,927090,0.89,11310,0.001
-9.392854419999999,53.81,1.5343079566955566,81,927646,0.026398949325084686,16300,927545,0.89,11315,0.001
-9.365958229999999,52.43,1.5587800741195679,81,928096,0.020069822669029236,16310,927995,0.89,11321,0.001
-9.33410548,51.5,1.5792776346206665,81,928573,0.022580336779356003,16320,928472,0.89,11327,0.001
-9.36033833,51.23,1.4205234050750732,81,928985,0.014827550388872623,16330,928884,0.89,11332,0.001
-9.24436284,48.42,1.3186075687408447,81,929423,0.01260187104344368,16340,929322,0.9,11338,0.001
-9.316796219999999,49.66,1.5620758533477783,81,929889,0.008604247123003006,16350,929788,0.89,11343,0.001
-9.505430319999999,52.27,1.7277638912200928,81,930578,0.011531544849276543,16360,930477,0.89,11352,0.001
-9.31952375,50.16,1.66086745262146,81,931040,0.007490022107958794,16370,930939,0.9,11358,0.001
-9.355312790000001,50.53,1.2170817852020264,81,931556,0.005034036934375763,16380,931455,0.91,11364,0.001
-9.130882459999999,48.0,1.585842251777649,81,931991,0.011056567542254925,16390,931890,0.93,11369,0.001
-9.0216228,48.27,1.5236018896102905,81,932473,0.008445950224995613,16400,932372,0.93,11375,0.001
-8.99170428,48.72,1.4243583679199219,81,932968,0.00982589740306139,16410,932867,0.93,11382,0.001
-8.67632846,47.52,1.4758999347686768,81,933325,0.019570283591747284,16420,933224,0.94,11386,0.001
-8.932264659999998,49.19,1.4926356077194214,81,933904,0.07242260873317719,16430,933803,0.92,11393,0.001
-8.961472570000002,51.62,1.634105920791626,81,934585,0.013170728459954262,16440,934484,0.91,11402,0.001
-9.021384570000002,51.37,1.607236385345459,81,935026,0.036794859915971756,16450,934925,0.93,11407,0.001
-8.737903260000001,49.47,1.5215325355529785,81,935525,0.010089599527418613,16460,935424,0.94,11413,0.001
-8.802761859999999,49.59,1.572801113128662,81,935999,0.007992025464773178,16470,935898,0.93,11420,0.001
-8.791867459999999,48.96,1.5924272537231445,81,936452,0.011835552752017975,16480,936351,0.93,11425,0.001
-8.75591621,48.7,1.4957020282745361,81,936861,0.005519255064427853,16490,936760,0.92,11431,0.001
-8.71079094,49.0,1.608430027961731,81,937373,0.027627933770418167,16500,937272,0.91,11437,0.001
-8.74448741,48.85,1.631584644317627,81,937853,0.010610974393785,16510,937752,0.9,11443,0.001
-9.066666,51.25,1.6795244216918945,81,938450,0.012335017323493958,16520,938349,0.9,11450,0.001
-9.236566309999999,54.96,1.6762688159942627,81,939400,0.01387372799217701,16530,939299,0.89,11462,0.001
-9.10444291,52.57,1.7348873615264893,81,939842,0.011575534008443356,16540,939741,0.9,11468,0.001
-9.47229826,53.92,1.6117050647735596,81,940418,0.01594477705657482,16550,940317,0.9,11475,0.001
-9.71442375,54.99,1.23649001121521,81,941024,0.006915559526532888,16560,940923,0.9,11483,0.001
-9.811537349999998,55.2,1.3826183080673218,81,941519,0.007550342939794064,16570,941418,0.89,11489,0.001
-10.03483617,58.57,1.6687562465667725,81,942309,0.011655639857053757,16580,942208,0.88,11499,0.001
-10.086012790000002,58.78,1.5372061729431152,81,942739,0.038732487708330154,16590,942638,0.89,11504,0.001
-10.33636131,58.28,1.520984172821045,81,943201,0.02061261236667633,16600,943100,0.9,11510,0.001
-10.157718619999999,57.31,1.6191108226776123,81,943584,0.006749522872269154,16610,943483,0.92,11515,0.001
-10.55209138,59.14,1.488985300064087,81,944364,0.005647729150950909,16620,944263,0.88,11525,0.001
-10.11691703,54.45,1.5680088996887207,81,944845,0.00894310511648655,16630,944744,0.9,11531,0.001
-10.16744972,54.11,1.5421204566955566,81,945253,0.019531790167093277,16640,945152,0.89,11536,0.001
-10.0408905,54.93,1.5467045307159424,81,945911,0.025536902248859406,16650,945810,0.9,11544,0.001
-9.998282829999999,56.41,1.566230297088623,81,946665,0.006303699221462011,16660,946564,0.89,11553,0.001
-9.87423097,55.75,1.5400948524475098,81,947094,0.042346835136413574,16670,946993,0.91,11559,0.001
-9.992998179999999,56.46,1.7289366722106934,81,947955,0.011862583458423615,16680,947854,0.91,11569,0.001
-9.99020101,56.88,1.4556329250335693,81,948427,0.024055100977420807,16690,948326,0.9,11575,0.001
-9.873913979999998,56.35,1.5317438840866089,81,948836,0.005708582699298859,16700,948735,0.87,11581,0.001
-9.94446264,57.32,1.5889358520507812,81,949316,0.005675982218235731,16710,949215,0.87,11587,0.001
-9.2879078,53.91,1.592378854751587,81,949755,0.011547586880624294,16720,949654,0.91,11593,0.001
-9.32293788,54.46,1.4735994338989258,81,950291,0.008125469088554382,16730,950190,0.91,11599,0.001
-9.50204096,55.1,1.4685533046722412,81,950763,0.02336125634610653,16740,950662,0.92,11605,0.001
-9.72616197,56.74,1.5427899360656738,81,951585,0.01691571995615959,16750,951484,0.91,11616,0.001
-9.620903989999999,55.3,1.3461803197860718,81,952195,0.013151872903108597,16760,952094,0.93,11623,0.001
-9.57224299,55.63,1.584092378616333,81,952657,0.013665026053786278,16770,952556,0.92,11629,0.001
-9.3555208,52.63,1.679343581199646,81,953218,0.012529978528618813,16780,953117,0.92,11636,0.001
-9.64867907,53.12,1.5939366817474365,81,953739,0.025117702782154083,16790,953638,0.93,11643,0.001
-10.38652083,59.24,1.4485290050506592,81,954760,0.013276377692818642,16800,954659,0.93,11656,0.001
-10.704754370000003,60.82,1.4844369888305664,81,955398,0.013509467244148254,16810,955297,0.93,11664,0.001
-10.752904269999998,61.91,1.610776662826538,81,955946,0.011287274770438671,16820,955845,0.93,11671,0.001
-10.63726348,60.96,1.5774080753326416,81,956387,0.014454584568738937,16830,956286,0.93,11676,0.001
-10.692427309999998,62.87,1.6217396259307861,81,957050,0.006156113930046558,16840,956949,0.93,11685,0.001
-10.13697209,60.3,1.607541561126709,81,957615,0.010642686858773232,16850,957514,0.94,11692,0.001
-10.15455624,59.22,1.6703155040740967,81,958117,0.013735895976424217,16860,958016,0.94,11699,0.001
-10.223218650000002,61.38,1.5062272548675537,81,958795,0.007501379586756229,16870,958694,0.95,11707,0.001
-10.179108310000002,60.31,1.663362979888916,81,959249,0.016774022951722145,16880,959148,0.95,11713,0.001
-9.902647439999999,60.04,1.7520620822906494,81,959743,0.007855317555367947,16890,959642,0.95,11719,0.001
-9.081814979999999,54.57,1.3868646621704102,81,960217,0.008383551612496376,16900,960116,0.98,11725,0.001
-8.88748498,53.4,1.4571149349212646,81,960738,0.007286085747182369,16910,960637,0.98,11731,0.001
-9.41939478,55.13,1.4429333209991455,81,961459,0.020802687853574753,16920,961358,0.95,11740,0.001
-9.40913804,55.1,1.5371350049972534,81,961897,0.006287887692451477,16930,961796,0.96,11746,0.001
-9.134648599999998,52.74,1.6179840564727783,81,962324,0.017112353816628456,16940,962223,0.96,11751,0.001
-9.12420342,51.46,1.5391145944595337,81,962761,0.013798965141177177,16950,962660,0.96,11756,0.001
-9.27322318,53.15,1.741949200630188,81,963432,0.014052675105631351,16960,963331,0.96,11765,0.001
-9.194927810000001,50.6,1.5555644035339355,81,963855,0.0059011587873101234,16970,963754,0.96,11770,0.001
-9.00193269,50.25,1.5956525802612305,81,964274,0.015508553013205528,16980,964173,0.96,11775,0.001
-9.0481972,49.78,1.512925148010254,81,964721,0.04848119989037514,16990,964620,0.95,11781,0.001
-8.969942470000001,49.11,1.8193824291229248,81,965128,0.007758420892059803,17000,965027,0.93,11786,0.001
-8.98786327,48.72,1.4179584980010986,81,965610,0.01390139665454626,17010,965509,0.93,11792,0.001
-8.53983458,46.35,1.5566186904907227,81,966094,0.014674307778477669,17020,965993,0.96,11798,0.001
-8.59604951,46.95,1.4565908908843994,81,966592,0.016230545938014984,17030,966491,0.96,11804,0.001
-8.675804820000002,48.1,1.9000520706176758,81,967134,0.012100975960493088,17040,967033,0.95,11811,0.001
-8.7673405,48.4,1.6203691959381104,81,967601,0.020785773172974586,17050,967500,0.95,11816,0.001
-8.824353069999999,47.3,1.5608232021331787,81,968162,0.00557883083820343,17060,968061,0.94,11823,0.001
-8.99850916,48.57,1.3812938928604126,81,968712,0.010516414418816566,17070,968611,0.94,11830,0.001
-9.07172824,48.49,1.5390018224716187,81,969123,0.020683540031313896,17080,969022,0.95,11835,0.001
-8.951977849999999,48.89,1.6408987045288086,81,969610,0.004877801518887281,17090,969509,0.96,11841,0.001
-9.37553243,51.53,1.6331243515014648,81,970281,0.021322565153241158,17100,970180,0.97,11850,0.001
-9.345293439999999,51.67,1.5696933269500732,81,970777,0.01126296166330576,17110,970676,0.95,11856,0.001
-9.45536633,51.41,1.4698123931884766,81,971235,0.01626618765294552,17120,971134,0.94,11861,0.001
-9.618771080000002,51.81,1.4574792385101318,81,971773,0.008634936064481735,17130,971672,0.92,11868,0.001
-9.89522185,57.57,1.722507119178772,81,972891,0.03565999120473862,17140,972790,0.91,11882,0.001
-10.044124380000001,57.58,1.588587760925293,81,973359,0.016819452866911888,17150,973258,0.89,11888,0.001
-9.818242930000002,57.45,1.5580837726593018,81,973907,0.007154038641601801,17160,973806,0.88,11894,0.001
-9.829522769999999,56.61,1.547323226928711,81,974373,0.009872975759208202,17170,974272,0.87,11900,0.001
-10.13488815,60.15,1.604264259338379,81,975138,0.012593879364430904,17180,975037,0.84,11910,0.001
-10.79813435,65.38,1.7011501789093018,81,976148,0.006238820496946573,17190,976047,0.81,11922,0.001
-10.600869579999996,63.35,1.5486286878585815,81,976616,0.008461244404315948,17200,976515,0.81,11928,0.001
-10.3610563,62.0,1.474994421005249,81,976977,0.007299168035387993,17210,976876,0.82,11932,0.001
-10.567380149999998,63.53,1.5534634590148926,81,977588,0.012293722480535507,17220,977487,0.81,11940,0.001
-10.2506747,62.56,1.6049636602401733,81,978029,0.00687155406922102,17230,977928,0.82,11945,0.001
-9.90497079,55.47,1.5831780433654785,81,978438,0.01287747360765934,17240,978337,0.83,11950,0.001
-9.79823434,55.21,1.3115744590759277,81,978880,0.012362722307443619,17250,978779,0.85,11956,0.001
-10.03624291,56.15,1.533913016319275,81,979522,0.010830105282366276,17260,979421,0.87,11964,0.001
-9.84194414,55.67,1.6267648935317993,81,979940,0.09020163118839264,17270,979839,0.88,11969,0.001
-9.58847251,53.38,1.6524657011032104,81,980476,0.016474150121212006,17280,980375,0.91,11976,0.001
-9.28125628,50.18,1.5982346534729004,81,981166,0.01938716322183609,17290,981065,0.93,11984,0.001
-9.500336249999998,51.97,1.6178677082061768,81,981813,0.011606765910983086,17300,981712,0.91,11992,0.001
-9.80869719,53.39,1.459171175956726,81,982316,0.006843475624918938,17310,982215,0.91,11998,0.001
-9.88750819,54.27,1.611371636390686,81,983015,0.015574166551232338,17320,982914,0.91,12007,0.001
-10.33702189,57.36,1.4521254301071167,81,983765,0.009642967954277992,17330,983664,0.9,12016,0.001
-10.68606291,59.4,1.5252230167388916,81,984378,0.008735954761505127,17340,984277,0.91,12024,0.001
-10.844612130000003,61.07,1.4486712217330933,81,984987,0.009882215410470963,17350,984886,0.91,12031,0.001
-10.768658680000001,61.22,1.6323350667953491,81,985644,0.009069034829735756,17360,985543,0.9,12039,0.001
-10.931651080000002,62.44,1.6795377731323242,81,986184,0.008605904877185822,17370,986083,0.88,12046,0.001
-11.00923659,63.18,1.5548133850097656,81,986794,0.00962343905121088,17380,986693,0.87,12054,0.001
-10.83860787,61.04,1.5830968618392944,81,987270,0.026349632069468498,17390,987169,0.87,12059,0.001
-10.87992406,60.83,1.463442087173462,81,987896,0.048303164541721344,17400,987795,0.89,12067,0.001
-10.851210960000001,61.97,1.4255859851837158,81,988513,0.020462334156036377,17410,988412,0.89,12075,0.001
-10.55936442,60.05,1.409001350402832,81,989020,0.012010306119918823,17420,988919,0.88,12081,0.001
-10.474645589999998,60.87,1.4449083805084229,81,989852,0.010638642124831676,17430,989751,0.9,12091,0.001
-10.26379797,60.31,1.666830062866211,81,990409,0.008969150483608246,17440,990308,0.9,12098,0.001
-10.301053069999998,59.83,1.5835627317428589,81,990970,0.012048502452671528,17450,990869,0.9,12105,0.001
-10.22887763,58.97,1.5117499828338623,81,991541,0.011860271915793419,17460,991440,0.91,12112,0.001
-10.26001505,57.94,1.5440993309020996,81,991978,0.01340728159993887,17470,991877,0.91,12118,0.001
-10.65941671,62.29,1.5578200817108154,81,993023,0.015189377591013908,17480,992922,0.91,12131,0.001
-11.03954317,65.14,1.5111185312271118,81,993784,0.022192327305674553,17490,993683,0.92,12140,0.001
-11.025057910000001,64.56,1.4950555562973022,81,994352,0.012666757218539715,17500,994251,0.91,12147,0.001
-11.50846694,67.39,1.6921722888946533,81,995252,0.023612674325704575,17510,995151,0.9,12158,0.001
-11.451411710000002,66.76,1.644976019859314,81,995696,0.026553859934210777,17520,995595,0.92,12164,0.001
-11.35742465,63.33,1.5387308597564697,81,996185,0.015915658324956894,17530,996084,0.89,12170,0.001
-11.48139896,63.75,1.5514795780181885,81,996784,0.012471966445446014,17540,996683,0.87,12177,0.001
-11.471079339999996,65.37,1.4861791133880615,81,997507,0.010616963729262352,17550,997406,0.86,12186,0.001
-11.54530847,67.09,1.4386613368988037,81,998250,0.005756511352956295,17560,998149,0.84,12195,0.001
-11.61850786,68.44,1.6507534980773926,81,998822,0.008226454257965088,17570,998721,0.86,12202,0.001
-11.336978259999999,63.2,1.5353214740753174,81,999343,0.04699404165148735,17580,999242,0.83,12209,0.001
-10.73685765,60.32,1.72294282913208,81,999816,0.011853259056806564,17590,999715,0.81,12215,0.001
