#{"t_start": 1778086532.8526413, "env_id": "YaskawaGP7ReachPyBullet-Collision-Free-v0"}
r,l,t
-17.663885,43,1.825529
-16.675209,36,2.017271
-18.285995,39,2.589151
-13.024068,49,3.345104
-15.163125,45,3.90036
-22.299833,55,4.535124
-16.536786,52,5.133324
-12.735297,28,5.458252
-20.594236,51,6.036559
-18.431711,45,6.548603
-15.347191,46,7.091153
-16.035067,43,7.584857
-19.599412,48,8.161315
-16.706911,46,8.752604
-19.563742,46,9.359694
-13.666359,50,9.984024
-72.734489,359,14.402579
-28.725157,55,15.085069
-33.178519,83,16.099138
-25.505662,69,16.937761
-87.192643,317,20.821635
-11.755927,48,21.387545
-5.490498,18,21.607889
-4.736086,8,21.702634
-12.220007,47,22.268123
-10.074807,35,22.680918
-14.342464,28,23.024
-6.900325,28,23.357109
-16.182569,32,23.752391
-15.042348,29,24.104935
-41.02033,124,25.639123
-27.777376,128,27.20721
-39.509952,88,28.255719
-37.904343,153,30.101932
-27.001409,100,31.340562
-28.801486,58,32.046426
-7.144133,12,32.190042
-7.997585,15,32.359589
-27.602254,68,33.17441
-118.901764,500,39.243775
-95.332805,256,42.496908
-30.8715,159,44.460042
-22.727245,46,45.022512
-29.961059,138,46.69561
-47.368041,162,48.690569
-14.215896,34,49.100249
-24.682384,132,50.653367
-92.020543,411,55.60889
-78.007999,431,60.879679
-6.243506,13,61.038375
-18.616862,56,61.744239
-21.050448,96,75.484702
-58.801998,500,81.300789
-21.583624,59,81.989454
-14.08064,41,82.467507
-18.499029,53,83.075402
-91.965966,500,89.08597
-58.48729,259,92.271893
-59.101346,264,95.540611
-90.4058,453,101.049097
-10.977481,48,101.638545
-92.105567,354,105.927604
-40.551699,500,112.029474
-11.824543,30,112.3935
-13.125348,39,112.860623
-8.711203,16,113.050117
-11.82549,35,113.477973
-12.900418,45,114.025483
-11.294898,33,114.4246
-28.978816,93,115.550275
-64.507605,500,121.691006
-77.36376,500,127.835517
-12.908685,46,128.38804
-7.036388,14,128.555592
-43.228626,500,134.642029
-60.92425,500,157.725116
-12.38102,39,158.181925
-7.834142,13,158.332493
-33.846976,374,162.695087
-24.871885,213,165.15816
-14.081401,61,165.866266
-49.846034,290,169.221004
-18.159819,166,171.184088
-52.568046,500,177.002973
-73.476083,500,182.801866
-12.398048,50,183.392918
-74.982481,500,189.452529
-48.446797,394,194.312662
-14.683316,62,195.067616
-11.137259,42,195.574261
-8.777235,30,195.952281
-8.532035,27,196.27439
-18.408536,58,196.965565
-17.55483,66,197.766476
-43.123165,500,203.878988
-41.045008,399,208.777351
-9.872841,86,209.809334
-13.086927,44,210.331048
-15.871875,35,210.7499
-17.518469,117,225.934564
-75.051462,500,231.819841
-43.406064,497,237.611799
-38.533654,500,243.460612
-13.832519,47,244.004543
-13.452531,50,244.591237
-9.008149,40,245.062974
-9.668665,44,245.570594
-8.960184,43,246.070757
-92.274422,500,251.97235
-9.049579,39,252.434144
-91.672388,500,258.248603
-16.925041,42,258.725326
-15.233931,44,259.229951
-45.49959,499,265.123154
-13.450906,95,266.292302
-20.863749,182,268.627536
-8.342485,39,269.097129
-25.545994,142,270.781115
-24.387269,159,272.777713
-35.491456,314,276.666627
-10.918025,68,277.50824
-35.413037,378,282.14874
-45.116856,500,303.611211
-8.123993,43,304.146888
-18.00908,112,305.533556
-13.813004,92,306.689494
-14.250795,59,307.43143
-9.805163,29,307.786481
-14.028117,124,309.315385
-14.392265,67,310.138203
-9.022568,71,311.04722
-26.73265,234,314.085286
-14.162679,52,314.719644
-17.855153,68,315.554741
-9.60028,36,316.000108
-9.975872,41,316.491822
-12.113974,46,317.063754
-9.893192,64,317.874567
-9.673418,55,318.547734
-21.61717,114,320.008548
-17.415485,56,320.707485
-26.952754,217,323.424788
-34.169133,188,325.808489
-23.709297,122,327.344022
-8.533517,28,327.704449
-6.024149,43,328.230043
-17.584587,86,329.230368
-9.283655,37,329.669495
-10.570048,112,331.119282
-17.538256,58,331.829353
-56.140894,500,338.410381
-18.257429,153,340.329465
-7.879049,55,341.043448
-14.809069,82,342.057719
-17.9403,108,343.409566
-18.974182,67,344.212419
-15.301957,54,344.858103
-19.089306,98,346.2027
-11.541261,71,347.094054
-40.515862,500,353.42345
-20.430482,104,354.78919
-12.360176,48,355.336872
-19.458061,242,358.277251
-31.254986,373,362.863601
-14.060178,96,372.0958
-14.897697,49,372.669265
-14.432617,95,373.796262
-6.66771,37,374.234094
-34.910725,500,380.385352
-15.246773,67,381.179347
-10.579969,41,381.701008
-13.851523,49,382.280204
-23.980454,205,384.712271
-14.788176,49,385.311421
-13.011111,52,385.922182
-16.561996,54,386.605686
-14.841258,58,387.335235
-13.442248,116,388.937948
-36.41455,500,395.26314
-14.955851,65,396.055268
-9.928451,46,396.646819
-14.013209,48,397.262283
-13.783007,72,398.139938
-41.309768,500,404.296425
-23.696332,132,406.195318
-22.361848,335,410.223198
-33.378357,500,416.364372
-27.920626,332,420.603402
-36.952285,460,426.249038
-10.974103,49,426.826769
-6.048708,32,427.202734
-20.162086,131,428.787769
-7.40978,39,429.267487
-7.897907,77,430.237449
-8.174367,37,430.669819
-22.114143,123,432.167106
-23.147551,121,437.135698
-11.112573,45,437.762994
-6.484886,35,438.185864
-33.835611,463,444.096931
-15.993354,55,444.801077
-19.005329,55,445.475496
-8.678311,43,446.003327
-6.383625,43,446.536871
-16.692932,71,447.420228
-12.035365,50,448.068181
-51.744935,500,454.229702
-37.565832,393,459.286337
-8.229836,38,459.712196
-12.395874,88,460.870071
-9.749794,38,461.350127
-14.313467,52,462.004898
-9.007877,36,462.546452
-37.145552,500,469.142493
-38.569391,500,475.48897
-14.772802,49,476.112341
-19.845321,72,476.97068
-47.258837,500,483.177924
-9.795674,42,483.698564
-17.904834,66,484.49636
-54.194318,500,490.69726
-10.332051,39,491.190789
-22.065706,134,492.87568
-46.212179,466,498.625913
-56.806156,500,512.391746
-65.31,499,518.218897
-15.791479,53,518.83525
-14.371307,68,519.629156
-13.772174,45,520.16586
-8.033094,35,520.577787
-9.965528,71,521.41651
-50.491935,500,527.298859
-12.628653,49,527.878377
-13.457805,61,528.57953
-14.863179,50,529.170107
-9.52184,38,529.608963
-16.284824,53,530.226475
-18.497642,142,531.90898
-44.661173,500,537.848862
-21.434526,101,539.019756
-54.113934,500,544.919426
-25.817936,291,548.38044
-25.4847,313,552.062628
-80.896122,500,557.936793
-8.432517,35,558.334699
-46.830135,500,564.158784
-14.955724,54,564.791093
-14.824903,63,565.524891
-16.332906,104,580.146798
-16.115015,130,581.658432
-27.824521,240,584.426677
-19.456288,81,585.37323
-43.523554,500,591.243008
-44.076198,500,597.123092
-18.106784,73,597.993763
-21.668002,113,599.307019
-35.411854,500,605.156898
-7.422514,38,605.623913
-16.128255,86,606.624267
-9.614457,53,607.26614
-11.162989,77,608.281311
-12.268046,59,609.024055
-17.272586,65,609.822959
-13.245852,65,610.674682
-33.303472,228,613.453252
-23.254629,238,616.406865
-36.340515,329,620.415505
-12.976585,53,621.07501
-8.835015,37,621.529766
-37.905305,343,625.688647
-12.013644,44,626.258782
-5.540534,34,626.67755
-46.17237,500,632.779778
-11.800099,45,633.33233
-11.071626,47,633.904525
-41.121186,500,639.995366
-6.181675,22,646.551958
-15.911137,65,647.41627
-14.307925,48,647.974012
-9.263217,42,648.529676
-13.243332,104,649.78417
-10.190796,44,650.327751
-8.005919,37,650.783463
-11.841133,46,651.354651
-14.82462,48,651.929145
-7.116623,49,652.530507
-19.428854,54,653.177374
-18.318249,71,654.079962
-11.296845,50,654.677392
-11.402279,49,655.285094
-10.026731,44,655.825032
-18.288884,56,656.50884
-13.367999,94,657.664367
-8.825772,40,658.149071
-28.576407,330,662.198969
-19.342656,126,663.749949
-16.25625,95,664.943779
-14.902969,65,665.737545
-17.10511,107,667.044256
-17.524276,124,668.561845
-17.073045,55,669.234417
-7.898342,36,669.710271
-3.158709,11,669.838927
-21.077431,100,671.04705
-16.10321,89,672.120179
-20.757371,98,673.321707
-9.01122,62,674.077294
-13.860735,61,674.851371
-8.74235,38,675.324328
-16.822974,65,676.143259
-10.911843,51,676.783887
-9.176006,42,677.29645
-25.676925,230,680.078383
-18.726302,58,680.830824
-15.946783,61,681.581775
-3.523867,13,681.736362
-11.617872,51,682.354997
-11.83862,56,683.039742
-14.757088,110,684.376961
-18.363496,80,685.342644
-40.996456,500,691.522513
-14.029992,62,692.265782
-27.816122,194,694.616671
-13.750489,152,696.46374
-17.487888,112,697.844499
-19.021081,225,700.563325
-13.919656,46,701.13836
-8.935416,51,701.754506
-14.242103,79,702.733888
-11.993718,42,703.243034
-3.312585,13,703.407618
-18.523382,53,704.043536
-18.707993,49,704.648918
-12.72955,55,705.314289
-12.166965,82,706.311379
-17.434412,136,714.357727
-14.546543,48,714.921579
-15.790399,61,715.592779
-15.305358,61,716.27892
-21.659951,113,717.565375
-17.830192,96,718.689823
-23.640393,164,720.610515
-10.522997,40,721.076269
-9.845636,54,721.705885
-51.57328,201,724.067514
-11.70466,52,724.688241
-13.360107,47,725.273675
-14.425874,57,725.932714
-12.511251,47,726.470276
-15.224766,161,728.378347
-14.01047,56,729.045151
-16.859891,62,729.773828
-24.824345,177,731.858261
-39.010073,398,736.498969
-17.864775,60,737.188126
-17.654407,60,737.908966
-12.431462,59,738.594945
-10.143869,39,739.045719
-16.809436,59,739.736115
-12.043837,52,740.341511
-12.532274,52,740.940472
-10.242332,87,741.95904
-15.85039,62,742.720634
-51.88509,403,747.625836
-12.333477,78,748.615414
-11.776472,42,749.120034
-11.07037,43,749.642636
-14.739334,51,750.253562
-13.146794,48,750.841016
-23.436139,151,752.67719
-8.304986,42,753.187505
-46.019793,468,758.932895
-15.633282,76,759.876372
-7.839873,21,760.129694
-12.602921,50,760.748468
-13.540003,60,761.477078
-11.288262,41,761.986715
-13.329821,48,762.586112
-38.613515,447,768.167198
-12.489313,45,768.713737
-12.885331,87,769.849699
-9.347484,43,770.389064
-13.786243,94,771.556613
-11.58042,52,772.193908
-8.900263,37,772.631766
-12.817347,50,773.23846
-10.68859,63,774.015448
-9.544223,29,779.734978
-8.234133,47,780.35189
-6.736919,33,780.742548
-12.315234,76,781.629622
-15.429558,55,782.302789
-17.755412,94,783.39398
-20.052533,125,784.847939
-11.43284,52,785.462849
-17.99113,62,786.193262
-13.451198,102,787.393473
-8.936228,58,788.159299
-13.953951,49,788.784377
-13.215018,53,789.425663
-19.111883,123,790.944206
-11.374085,71,791.792557
-7.946973,39,792.298176
-10.414106,43,792.809659
-42.122489,500,798.979464
-21.070449,81,799.957046
-13.499197,56,800.631124
-16.874089,91,801.755484
-9.902988,46,802.303406
-11.842548,104,803.588246
-8.444621,40,804.092921
-43.854199,500,810.236978
-17.871493,61,810.968671
-12.218075,53,811.617025
-42.191017,500,817.780146
-36.246787,500,823.890555
-26.100773,122,825.368611
-4.558985,28,825.702746
-8.932503,38,826.150881
-31.275104,389,830.912633
-29.779142,176,833.040434
-11.45948,176,835.218862
-18.88083,60,835.958358
-10.885157,47,836.526396
-31.209267,350,845.551008
-16.189401,53,846.23213
-18.006997,54,846.851444
-13.274216,51,847.441775
-23.793596,123,848.89026
-11.493872,44,849.400203
-12.665741,57,850.112051
-17.69707,94,851.31198
-7.004478,43,851.818223
-12.405225,49,852.424706
-38.343771,500,858.302981
-11.379558,73,859.152543
-10.410615,51,859.734957
-17.152873,104,860.929412
-18.085049,120,862.322589
-17.787534,172,864.359614
-12.017104,55,865.011047
-14.93321,82,865.963786
-12.75969,74,866.833078
-7.627142,40,867.305234
-14.573911,49,867.876677
-13.26276,93,868.949167
-15.693388,80,869.909878
-7.918113,55,870.555765
-6.908774,38,870.991723
-13.798935,50,871.570942
-21.967358,107,872.817763
-57.19798,412,877.64769
-68.692239,500,883.529169
-13.514981,55,884.151506
-19.448102,76,885.039189
-15.108091,58,885.703748
-9.884402,46,886.239347
-15.085423,54,886.867635
-11.387422,91,887.944703
-20.403379,198,890.342506
-13.480843,56,891.024997
-13.09587,53,891.660103
-15.483033,57,892.35518
-24.562685,144,894.144314
-14.935915,59,894.872945
-11.275732,49,895.469646
-20.574392,265,898.7166
-28.101615,313,902.588925
-15.847654,54,903.240977
-7.148746,34,903.658855
-8.453467,39,904.134583
-17.083611,76,911.422407
-8.798082,39,911.91064
-32.733625,305,915.417623
-45.99584,500,921.284792
-9.10116,37,921.715855
-14.528894,53,922.321576
-11.53125,46,922.851132
-20.180359,183,924.988407
-15.072681,75,925.924585
-15.151008,53,926.563846
-15.093794,57,927.237172
-6.220741,50,927.836129
-8.248353,48,928.384068
-12.11529,52,928.990446
-12.948275,76,929.879211
-9.953481,42,930.362756
-11.987099,46,930.900749
-15.606097,59,931.578936
-8.963543,43,932.095203
-9.471194,26,932.423021
-13.585068,47,932.975594
-16.323777,54,933.598065
-14.72144,69,934.389154
-21.933461,156,936.209543
-9.320855,37,936.638766
-15.192944,50,937.216109
-11.199462,51,937.804506
-6.809053,32,938.175514
-6.070085,13,938.326785
-9.217695,38,938.807381
-12.65816,50,939.403731
-8.560559,24,939.723876
-18.716033,118,941.272204
-12.827616,48,941.851379
-20.538895,137,943.562877
-12.207006,48,944.155696
-13.372209,47,944.722205
-12.280815,59,945.475863
-12.190587,40,945.965765
-11.207703,52,946.60842
-14.561478,66,947.417949
-13.512316,60,948.142981
-10.084501,43,948.65961
-12.740713,51,949.277384
-8.273364,56,949.961748
-8.40941,45,950.54023
-13.753547,62,951.293296
-17.838866,139,953.008632
-56.422878,500,959.125978
-32.542641,267,962.394435
-13.652891,70,963.249498
-41.340121,500,969.391855
-46.267161,500,983.683503
-8.388367,52,984.293232
-8.364376,39,984.733246
-15.391698,51,985.335609
-15.952138,216,987.876021
-14.342219,89,988.910655
-15.098698,50,989.469189
-13.8661,60,990.148345
-6.270866,33,990.554873
-13.81162,114,991.890324
-19.23044,153,993.674139
-14.511889,82,994.615011
-11.651262,75,995.516078
-15.885577,126,997.030339
-8.990468,55,997.68465
-9.837902,59,998.370817
-12.421866,52,998.965913
-11.781359,87,999.989662
-10.611454,67,1000.766184
-15.241596,34,1001.163157
-8.174089,44,1001.659793
-18.689608,51,1002.239758
-12.016779,61,1002.945581
-12.51398,49,1003.555918
-25.721585,116,1004.913173
-19.596201,121,1006.318838
-11.103168,53,1006.925775
-11.594291,49,1007.489836
-52.149764,265,1010.597907
-11.402327,47,1011.141634
-14.706975,43,1011.635344
-42.541198,399,1016.277421
-13.737363,76,1017.204081
-15.358619,49,1017.76743
-12.993257,50,1018.35386
-16.782724,69,1019.146646
-14.926779,71,1019.968419
-14.135926,95,1021.073141
-27.78331,172,1023.091931
-19.781503,79,1024.005031
-14.391225,77,1024.912687
-10.717054,59,1025.600227
-9.652349,42,1026.096064
-12.919129,59,1026.788184
-54.660726,500,1032.637101
-100.624062,491,1046.551352
-23.244539,189,1048.702969
-31.345094,275,1051.906077
-16.122289,148,1053.620612
-10.84103,42,1054.107426
-8.547251,40,1054.573292
-30.974148,225,1057.206212
-12.831689,69,1058.010067
-10.515628,48,1058.567815
-12.896426,56,1059.223062
-11.75442,43,1059.724397
-9.612184,39,1060.176215
-15.538524,44,1060.686848
-9.613069,48,1061.235936
-14.710879,57,1061.897168
-12.539933,49,1062.495803
-10.921154,43,1063.010929
-77.541781,500,1068.830565
-9.980896,55,1069.474602
-16.537254,86,1070.470557
-11.913514,45,1070.994186
-11.215424,62,1071.713234
-14.153104,50,1072.296703
-48.943795,500,1078.124327
-14.614632,72,1078.950818
-13.40014,45,1079.475415
-27.322446,292,1082.915062
-13.215531,45,1083.447052
-13.084891,96,1084.558082
-22.439388,111,1085.860439
-43.093166,500,1091.707672
-11.976278,76,1092.597205
-8.470986,40,1093.069943
-31.36098,327,1096.898723
-32.944988,288,1100.264536
-16.559543,94,1101.367291
-15.536261,87,1102.374832
-12.213393,89,1103.392591
-13.06417,46,1103.932152
-8.675032,57,1104.594615
-8.992078,22,1106.971052
-13.78646,89,1108.045341
-11.987032,51,1108.644559
-9.077174,42,1109.131827
-11.468,41,1109.59858
-13.356509,67,1110.382802
-12.68834,49,1110.941867
-46.471045,420,1115.874008
-21.766323,167,1117.808619
-11.014704,51,1118.39859
-27.021735,217,1120.967518
-17.26344,59,1121.651642
-16.045149,53,1122.267027
-17.272632,117,1123.62249
-9.889296,42,1124.119184
-9.188471,38,1124.548034
-17.911062,55,1125.176327
-8.779779,41,1125.662452
-10.662093,42,1126.156545
-18.066638,55,1126.827689
-11.129237,41,1127.301448
-23.473012,137,1128.900467
-9.301088,51,1129.498901
-12.152181,47,1130.064552
-41.813556,500,1135.968861
-43.022984,500,1141.822187
-11.947019,73,1142.676902
-6.290463,31,1143.036941
-11.24132,61,1143.745226
-8.298844,38,1144.18166
-20.008296,115,1145.566847
-15.358442,89,1146.590685
-15.715387,88,1147.602017
-5.583373,30,1147.952049
-11.410251,45,1148.483852
-19.848641,128,1149.965421
-15.882799,78,1150.883683
-10.72859,48,1151.439886
-15.55167,73,1152.312527
-13.668899,61,1153.029191
-23.655528,276,1156.220697
-25.137131,206,1158.636443
-45.038201,500,1164.445089
-12.886343,46,1164.995615
-14.199381,74,1171.062434
-12.141008,44,1171.606505
-15.227284,53,1172.236821
-10.557858,45,1172.762745
-9.05842,46,1173.28837
-12.988956,53,1173.919229
-25.177032,117,1175.29886
-12.593398,43,1175.790902
-15.988638,93,1176.877552
-10.092106,60,1177.57155
-7.205356,33,1177.989257
-11.478963,53,1178.614838
-14.527817,59,1179.302996
-3.792652,41,1179.776731
-10.520807,50,1180.351165
-6.807395,36,1180.775032
-11.412315,46,1181.300208
-11.207723,44,1181.805448
-12.382799,46,1182.340898
-14.731628,50,1182.9119
-12.814533,51,1183.500351
-16.089848,55,1184.132582
-10.515307,60,1184.859228
-13.108674,55,1185.491092
-14.917556,53,1186.110869
-7.848952,35,1186.522768
-10.767733,67,1187.294683
-13.104171,73,1188.145382
-30.88254,227,1190.827205
-17.854881,74,1191.705012
-13.485608,63,1192.431665
-10.354831,49,1193.002664
-18.593506,110,1194.29104
-15.315175,53,1194.9156
-10.485187,39,1195.385489
-9.263176,67,1196.163334
-8.702706,40,1196.63607
-11.291633,42,1197.127867
-13.01301,48,1197.739967
-23.738248,162,1199.637973
-15.495377,64,1200.370775
-10.884146,48,1200.931418
-11.080738,45,1201.461002
-11.974922,44,1201.968647
-13.996024,48,1202.543692
-15.361746,58,1203.230223
-12.797177,74,1204.121223
-16.232753,117,1205.488589
-10.786908,55,1206.136575
-14.474743,102,1207.332172
-13.662468,50,1207.909392
-46.034862,500,1213.761538
-19.985306,60,1214.458674
-23.347723,173,1216.500493
-9.220924,46,1217.044048
-13.764619,59,1217.726624
-7.829715,36,1218.147519
-12.257564,58,1218.83024
-20.2112,72,1219.671544
-14.387393,53,1220.281543
-5.956573,32,1220.654631
-47.610797,354,1224.826737
-16.507891,51,1225.415164
-6.406587,14,1225.570778
-5.533178,30,1225.945417
-11.393488,43,1226.463488
-17.99128,56,1227.120458
-15.576822,95,1228.247451
-15.094365,52,1228.865029
-13.661162,45,1232.421159
-14.002094,76,1233.318374
-9.170931,24,1233.599361
-12.348344,46,1234.132792
-16.438594,55,1234.773924
-38.549699,351,1238.880689
-15.985999,50,1239.4585
-18.785231,55,1240.10319
-25.754549,183,1242.219203
-7.304087,27,1242.542362
-12.006345,36,1242.994323
-17.257548,56,1243.65113
-15.571683,56,1244.30937
-13.505452,78,1245.203527
-10.963271,43,1245.701197
-17.702628,81,1246.638753
-11.228353,42,1247.128833
-10.508583,48,1247.677368
-24.547091,207,1250.11808
-16.96,52,1250.764931
-10.353701,48,1251.357881
-8.977232,39,1251.843965
-8.460981,28,1252.207998
-12.093219,47,1252.833123
-11.229902,47,1253.422515
-5.449019,30,1253.78501
-10.566297,55,1254.500123
-18.048766,68,1255.348828
-12.373692,45,1255.913813
-6.263397,31,1256.29955
-57.762416,500,1262.481157
-9.322978,41,1262.999799
-12.040751,44,1263.554287
-16.781745,59,1264.277325
-17.557795,53,1264.930582
-16.165397,123,1266.446919
-27.295341,264,1269.704055
-19.511278,72,1270.572052
-13.115758,48,1271.165791
-11.690835,61,1271.910105
-7.974904,38,1272.369646
-14.068227,54,1273.047834
-7.145259,38,1273.499654
-12.475625,51,1274.126266
-20.493039,114,1275.54776
-11.270819,41,1276.0454
-13.97361,45,1276.586801
-16.209685,60,1277.314841
-20.29498,93,1278.454698
-38.67033,295,1282.074313
-15.321924,61,1282.815958
-21.874778,182,1285.020873
-8.763989,39,1285.48563
-9.68768,68,1286.314404
-15.282996,65,1287.118255
-18.765018,122,1288.616879
-15.616071,55,1289.279304
-10.785341,43,1289.799323
-12.479589,52,1290.43933
-10.523346,39,1290.916392
-14.674954,63,1291.679787
-18.804688,58,1292.382703
-8.832191,38,1292.843807
-7.050067,16,1297.42442
-15.346701,79,1298.376137
-24.431526,176,1300.398707
-14.363753,52,1301.009046
-5.16568,8,1301.097809
-20.931751,116,1302.474805
-8.104293,39,1302.940589
-11.039031,52,1303.540113
-10.877925,44,1304.046966
-17.100604,59,1304.73436
-11.975081,73,1305.582117
-30.409043,220,1308.151883
-13.347686,76,1309.023283
-14.0644,95,1310.125318
-11.352984,42,1310.607
-15.749252,60,1311.297074
-14.098168,63,1312.036098
-4.522861,38,1312.481977
-12.653958,54,1313.119105
-18.867602,51,1313.706252
-11.52403,51,1314.326928
-42.577719,500,1320.258234
-17.395124,60,1321.018684
-7.771492,38,1321.466848
-6.324884,18,1321.68663
-45.678399,500,1327.810838
-17.444953,92,1328.929964
-11.900632,47,1329.499776
-17.837417,95,1330.679733
-45.818096,448,1336.173689
-16.995526,58,1336.866385
-12.108951,47,1337.445044
-12.084472,43,1337.965652
-14.837712,50,1338.582123
-14.063394,48,1339.173162
-21.021675,83,1340.183105
-63.094935,500,1346.272779
-15.970067,87,1347.358879
-6.485777,31,1347.731882
-33.382617,461,1353.358745
-12.79639,48,1353.967677
-20.583966,84,1355.001916
-16.950529,99,1356.210127
-21.833146,124,1366.862242
-9.189222,40,1367.394843
-69.645931,500,1373.273438
-18.422679,56,1373.962887
-17.87493,54,1374.598676
-58.502092,500,1380.429838
-6.075562,34,1380.835736
-58.801596,500,1386.698413
-12.409762,64,1387.461339
-9.364941,20,1387.693218
-23.16408,243,1390.529726
-5.656513,35,1390.941652
-14.866641,69,1391.734189
-16.840389,82,1392.722941
-3.824679,25,1393.023668
-18.825433,151,1394.774157
-11.816086,54,1395.394555
-15.630003,60,1396.096477
-25.764831,195,1398.349185
-17.534555,54,1399.008036
-16.110089,112,1400.389465
-14.133609,52,1401.016312
-22.650468,113,1402.355754
-20.665811,117,1403.797412
-12.988751,56,1404.480362
-36.002541,500,1410.655678
-16.572284,88,1411.732813
-8.32589,54,1412.423349
-12.609111,52,1413.047679
-5.670098,40,1413.543382
-8.574661,44,1414.073504
-13.590276,66,1414.880631
-8.355559,40,1415.367498
-12.652556,68,1416.206415
-27.894618,253,1419.304301
-6.607736,35,1419.735144
-7.876516,87,1420.779228
-22.816879,148,1422.559508
-15.030429,50,1423.173035
-14.569951,98,1424.356155
-10.26743,45,1424.910674
-11.516145,60,1425.672162
-65.71455,500,1441.746294
-13.28582,89,1442.76595
-10.667169,66,1443.544652
-7.921919,36,1443.962564
-10.518012,52,1444.576342
-14.750996,60,1445.262478
-27.636674,206,1447.6869
-12.173074,80,1448.611092
-15.480186,58,1449.27934
-15.906642,93,1450.36243
-47.612985,500,1456.205022
-13.391282,100,1457.359138
-12.153471,51,1457.950099
-13.280378,53,1458.59571
-55.563338,500,1464.417281
-12.800192,48,1464.975813
-9.142501,40,1465.473484
-9.481858,35,1465.87541
-11.146401,66,1466.671944
-13.800605,52,1467.336168
-9.719499,42,1467.87044
-17.878288,110,1469.259491
-13.315746,56,1469.96714
-25.528061,149,1471.809749
-18.993298,69,1472.662914
-16.747982,55,1473.333151
-7.313157,19,1473.560537
-13.383734,49,1474.150274
-12.608074,48,1474.742687
-7.649968,38,1475.203642
-13.068245,50,1475.808026
-6.944807,36,1476.263807
-8.358506,37,1476.723897
-10.114247,51,1477.372371
-11.625739,57,1478.068805
-7.976928,41,1478.589799
-44.303354,500,1484.687341
-7.216754,32,1485.065877
-7.180774,37,1485.515949
-6.428059,33,1485.923829
-8.709049,40,1486.39457
-15.767915,59,1487.132266
-18.98845,56,1487.787813
-9.419365,75,1488.690468
-19.664385,112,1490.0586
-13.017575,46,1490.61534
-6.601664,31,1490.992362
-12.936948,75,1491.931932
-12.177894,51,1492.546028
-47.908145,346,1503.361526
-16.798018,53,1503.970585
-10.655407,44,1504.476204
-14.343638,51,1505.081833
-14.272921,50,1505.636351
-9.391032,43,1506.121381
-10.308809,48,1506.682465
-12.204122,52,1507.280893
-17.086938,62,1508.001935
-15.548277,97,1509.121967
-7.2559,34,1509.512306
-48.06845,500,1515.35578
-11.288024,80,1516.286295
-12.048092,43,1516.794937
-6.93602,35,1517.208858
-11.539875,45,1517.755368
-8.7563,38,1518.186071
-62.21076,500,1523.992958
-7.72566,39,1524.478909
-18.802154,129,1525.977194
-10.061809,90,1527.049621
-13.932014,80,1527.986848
-11.691358,58,1528.665063
-8.38021,40,1529.13079
-10.838748,66,1529.89871
-11.434328,99,1531.132305
-6.44507,16,1531.321418
-18.967367,68,1532.137207
-25.744479,170,1534.175016
-4.800022,31,1534.539122
-20.154048,89,1535.569956
-6.809896,14,1535.730976
-7.426355,39,1536.196428
-44.344656,500,1542.143508
-25.769158,227,1544.849151
-44.797738,500,1550.7115
-8.124841,40,1551.189251
-24.987434,257,1554.162528
-19.174693,73,1555.01469
-34.875358,273,1558.229992
-38.33347,398,1569.48502
-15.589655,82,1570.422775
-15.227733,52,1571.065028
-14.436847,78,1571.97509
-23.78591,332,1575.812813
-19.672538,107,1577.059509
-56.73495,361,1581.35637
-14.565475,51,1581.933825
-14.501421,57,1582.58309
-11.624369,74,1583.42387
-11.048472,53,1584.06017
-16.562759,42,1584.535867
-4.223678,9,1584.643603
-18.526479,179,1586.721298
-17.729282,55,1587.359034
-56.042401,500,1593.182223
-22.546251,142,1594.824388
-56.407607,500,1600.653424
-19.343392,91,1601.711069
-18.140586,92,1602.778541
-20.705324,143,1604.463441
-15.724595,61,1605.171901
-5.739465,34,1605.578784
-24.135469,124,1607.022965
-55.534777,500,1612.801184
-10.433386,38,1613.232033
-12.156501,47,1613.772933
-55.076515,500,1619.54161
-14.308791,66,1620.302037
-21.366586,125,1621.734516
-9.120517,49,1622.300835
-5.905071,32,1622.66405
-12.614611,50,1623.239544
-13.798446,87,1624.28674
-8.619973,32,1624.651654
-17.431327,49,1625.214151
-31.390974,131,1634.650496
-3.738077,10,1634.787346
-13.196928,49,1635.365836
-9.20323,44,1635.87251
-58.502878,500,1641.709744
-14.876928,74,1642.552077
-48.469526,500,1648.355922
-46.945924,311,1651.953662
-15.496682,58,1652.611903
-13.655815,74,1653.465551
-17.041226,105,1654.663888
-28.342351,265,1657.73154
-12.07192,54,1658.356958
-14.066401,49,1658.915463
-13.888531,51,1659.497906
-4.097397,41,1659.963661
-11.588413,43,1660.456343
-10.829598,52,1661.045391
-52.599652,500,1666.974412
-14.44176,85,1668.02924
-17.935173,72,1668.899912
-19.416884,76,1669.820039
-27.932885,226,1672.55875
-39.690758,500,1678.559878
-12.907854,61,1679.296469
-14.349226,57,1679.977799
-16.940293,92,1681.077829
-20.409814,71,1681.925095
-52.766563,500,1687.970971
-13.797248,49,1688.555437
-51.385026,500,1700.985528
-12.447893,84,1701.912701
-14.052715,72,1702.739711
-12.267275,51,1703.326247
-94.722706,500,1709.223598
-13.856375,49,1709.887789
-10.406894,43,1710.415812
-94.119219,500,1716.447545
-17.036022,55,1717.095161
-56.628005,500,1723.149342
-13.770246,35,1723.561243
-10.113317,44,1724.092658
-25.636843,177,1726.213413
-21.968676,270,1729.48655
-7.800556,42,1729.994191
-13.832242,40,1730.482855
-45.72321,500,1736.515405
-15.579737,57,1737.205364
-67.873888,500,1743.229024
-17.461298,57,1743.908206
-19.297295,74,1744.816386
-52.233842,500,1750.84816
-11.099094,59,1751.557234
-12.378486,57,1752.24179
-7.744404,38,1752.704091
-12.381178,47,1753.263623
-40.439126,170,1755.355154
-42.562415,406,1766.080164
-67.178947,500,1771.804777
-11.082331,88,1772.827628
-16.284614,42,1773.311335
-21.542677,67,1774.068028
-17.080663,113,1775.368035
-11.135575,49,1775.967456
-8.655495,43,1776.456266
-21.024906,70,1777.260033
-12.532414,52,1777.865394
-16.28755,70,1778.671487
-10.701423,48,1779.217036
-14.986118,56,1779.861281
-11.666933,49,1780.417821
-11.462329,46,1780.946279
-11.465818,56,1781.601526
-8.55303,65,1782.388349
-12.922713,47,1782.94586
-20.213563,61,1783.683252
-13.355685,61,1784.412117
-13.132831,110,1785.723074
-12.473377,45,1786.287559
-87.619892,500,1792.485934
-23.439812,116,1793.899003
-23.865721,52,1794.518275
-27.436979,292,1798.069494
-11.389019,50,1798.663835
-10.282972,44,1799.187908
-18.38338,116,1800.608892
-14.66492,55,1801.282613
-51.707455,347,1805.461038
-13.036324,60,1806.174131
-33.607189,80,1807.137603
-19.212356,52,1807.759968
-24.281676,79,1808.730299
-13.039715,48,1809.293553
-8.029967,39,1809.765286
-108.241928,500,1815.800525
-12.539178,48,1816.37696
-13.258912,51,1816.999324
-8.419543,45,1817.540857
-11.896358,52,1818.16528
-13.664119,54,1818.817296
-45.442763,271,1822.105847
-11.272426,53,1822.744814
-53.535368,333,1836.094978
-11.816496,66,1836.862096
-10.722882,127,1838.333897
-13.627776,56,1838.98372
-13.837359,57,1839.649287
-13.619065,63,1840.369133
-12.390209,45,1840.890062
-16.969008,132,1842.451527
-22.825911,111,1843.728095
-10.579548,73,1844.564357
-14.192294,50,1845.141915
-15.348831,67,1845.90863
-36.096967,92,1846.959931
-7.407083,20,1847.200283
-10.005711,58,1847.85747
-72.243548,500,1853.620373
-19.103176,114,1854.929315
-10.420974,47,1855.501786
-12.4902,49,1856.059891
-11.367469,48,1856.612383
-13.809187,48,1857.160915
-17.101199,60,1857.867055
-61.959962,500,1863.685002
-24.271884,104,1864.874194
-62.525706,500,1870.664981
-51.376337,500,1876.476591
-7.61985,39,1876.927893
-12.400823,46,1877.459039
-41.472237,500,1883.237839
-18.8575,66,1883.986062
-39.620822,428,1888.946923
-33.025779,261,1891.961161
-97.18778,473,1905.195576
-22.934814,136,1906.765629
-55.52482,500,1912.57352
-31.07246,185,1914.680054
-21.75913,123,1916.135438
-13.482077,57,1916.792886
-70.829518,495,1922.524513
-14.374868,49,1923.085015
-13.139567,83,1924.029104
-15.019095,54,1924.641466
-37.981373,500,1930.436357
-28.317189,157,1932.246503
-11.793275,42,1932.731235
-18.621141,94,1933.822099
-4.380919,10,1933.9368
-5.517854,12,1934.07642
-18.553171,60,1934.773554
-7.891526,50,1935.378904
-5.181753,12,1935.517563
-11.774055,43,1936.007224
-20.299848,99,1937.149198
-34.982456,323,1940.862856
-7.56051,34,1941.263752
-14.966847,51,1941.85517
-38.921429,348,1945.90054
-17.955744,45,1946.418756
-17.463202,88,1947.448565
-9.18084,55,1948.084892
-17.528147,121,1949.491939
-64.110975,500,1955.272172
-16.830605,98,1956.426757
-8.654215,33,1956.805744
-10.313092,35,1957.21465
-13.361151,73,1958.052617
-3.526261,8,1958.143341
-28.939308,96,1965.558787
-8.309739,58,1966.19878
-13.41512,66,1966.92857
-14.780337,51,1967.495391
-9.687233,45,1968.005261
-12.793574,42,1968.482123
-25.117893,172,1970.474124
-11.51504,48,1971.021246
-49.564834,500,1977.183919
-26.984564,297,1980.771568
-78.32445,500,1986.816105
-13.320965,49,1987.40813
-17.151403,54,1988.088932
-19.318239,112,1989.453995
-15.850347,129,1991.009481
-11.052759,42,1991.525073
-11.420805,75,1992.426609
-28.68083,280,1995.806819
-18.653389,73,1996.676294
-11.985491,73,1997.545716
-23.49255,193,1999.852515
-6.544906,12,1999.994387
-68.5005,500,2006.032924
-5.306387,33,2006.426871
-13.060739,48,2007.015676
-12.424915,68,2007.8648
-30.556232,196,2010.226431
-10.642375,50,2010.838794
-12.639259,79,2011.792141
-35.450822,500,2017.825837
-51.84299,500,2023.846133
-22.294269,111,2030.820372
-11.562413,57,2031.563388
-18.296262,194,2033.983296
-43.537372,244,2036.956821
-7.054329,32,2037.342813
-12.681749,83,2038.347948
-53.994677,500,2044.441229
-5.849555,12,2044.579858
-41.904452,345,2048.768609
-16.543536,56,2049.441385
-8.863523,45,2049.987818
-12.008813,46,2050.545298
-16.929575,85,2051.560501
-8.270315,36,2051.987383
-13.735458,62,2052.73024
-12.255776,46,2053.292761
-11.770577,49,2053.883181
-14.44313,51,2054.520998
-50.759699,270,2057.796362
-9.427554,42,2058.311491
-81.042868,500,2064.345843
-9.07338,41,2064.838796
-17.366735,97,2066.012887
-22.638469,141,2067.747949
-21.932363,125,2069.241212
-49.876719,500,2075.293911
-30.680083,191,2077.577441
-12.374271,55,2078.243013
-4.275323,43,2078.766638
-15.689524,75,2079.656553
-96.351933,408,2084.579103
-9.328299,45,2085.114548
-26.675346,209,2087.655896
-11.162276,50,2088.278231
-9.000062,40,2088.756343
-12.171393,55,2089.409614
-15.306568,97,2090.594448
-12.373816,73,2098.007663
-14.949678,55,2098.661
-10.249525,49,2099.199964
-14.454946,56,2099.816316
-13.450101,59,2100.463805
-95.501133,500,2106.23443
-13.432298,47,2106.770967
-10.303063,41,2107.24236
-25.596248,254,2110.19199
-12.06464,46,2110.731112
-11.345454,42,2111.212379
-11.191731,49,2111.778838
-12.659927,46,2112.302269
-45.540211,153,2114.065041
-11.669804,43,2114.590138
-8.361039,45,2115.101741
-17.581129,98,2116.220559
-56.429101,500,2122.034598
-4.374094,29,2122.365713
-8.659465,43,2122.885352
-8.507065,38,2123.326667
-50.01735,500,2129.162847
-8.984416,39,2129.610712
-7.424708,47,2130.147627
-7.215152,59,2130.836313
-48.870831,340,2134.779997
-7.949703,45,2135.297208
-11.997092,45,2135.808847
-3.700756,14,2135.96842
-13.470998,54,2136.595022
-11.830513,40,2137.052794
-14.363279,118,2138.410944
-12.793093,62,2139.130679
-15.817659,56,2139.765789
-5.616628,15,2139.936329
-8.976641,37,2140.357203
-12.62384,64,2141.120957
-16.270624,61,2141.831234
-15.762339,53,2142.443335
-14.863445,50,2143.031817
-52.356047,470,2148.498068
-43.898411,500,2154.290581
-12.327551,43,2154.779274
-11.942526,50,2155.357703
-15.45116,134,2161.71587
-18.264572,62,2162.423976
-18.547548,68,2163.229943
-18.637318,65,2163.987948
-16.069897,58,2164.656165
-12.215841,48,2165.222877
-16.742969,62,2165.936996
-14.148227,54,2166.557179
-15.681416,132,2168.106863
-2.741753,23,2168.374152
-10.594508,47,2168.912491
-15.297625,58,2169.579736
-11.887285,43,2170.067404
-11.668949,47,2170.602994
-14.742339,59,2171.277199
-14.717024,81,2172.229639
-14.052362,50,2172.807622
-12.533943,49,2173.367538
-54.918917,500,2179.152637
-15.592771,57,2179.805263
-13.306549,53,2180.407652
-11.554217,47,2180.977913
-46.712624,500,2186.752382
-14.903437,56,2187.416578
-19.308579,124,2188.860252
-44.950567,500,2194.648329
-13.688098,48,2195.212266
-11.636055,43,2195.718912
-30.823245,248,2198.591611
-11.236177,61,2199.299719
-11.099357,37,2199.726744
-14.948371,56,2200.372649
-77.318946,500,2206.162253
-23.555438,158,2208.028619
-15.031574,73,2208.862918
-13.676594,59,2209.53985
-26.868207,176,2211.563644
-6.112735,10,2211.67537
-25.62535,77,2212.563991
-10.829995,51,2213.154993
-13.929125,83,2214.138677
-25.755008,107,2215.365789
-18.64219,67,2216.138408
-14.500428,58,2216.797336
-6.632339,17,2216.993148
-10.191743,26,2217.300788
-12.033564,113,2228.277379
-43.100871,500,2234.07646
-27.149962,117,2235.458504
-24.530052,130,2236.959833
-16.92728,87,2237.962668
-72.011358,500,2243.778372
-5.771706,10,2243.891791
-11.049413,51,2244.477201
-2.979193,25,2244.76346
-18.682248,71,2245.572273
-11.761248,49,2246.132161
-8.783495,56,2246.780428
-76.619326,500,2252.575912
-9.059038,43,2253.077608
-9.12009,53,2253.680998
-31.065246,196,2255.959701
-5.648593,9,2256.060431
-67.365565,500,2261.831942
-31.622868,307,2265.368028
-7.012954,17,2265.566526
-14.75874,72,2266.397304
-13.723928,38,2266.837101
-15.89638,99,2268.006999
-72.273003,300,2271.447285
-13.652025,57,2272.104335
-22.191793,181,2274.19167
-13.417738,48,2274.77949
-11.128842,49,2275.353925
-12.643672,76,2276.236405
-27.562763,196,2278.582634
-5.24648,62,2279.350176
-28.594372,190,2281.737142
-18.346122,97,2282.901072
-27.436427,193,2285.239133
-8.037659,22,2285.512686
-15.822642,70,2286.358424
-9.779872,29,2294.548064
-11.134188,128,2296.014162
-12.799149,51,2296.581669
-31.98714,227,2299.180544
-12.911728,54,2299.800482
-14.174545,53,2300.417248
-16.955427,58,2301.122595
-20.734694,126,2302.577858
-11.175255,80,2303.48946
-11.400019,48,2304.04495
-14.351722,64,2304.780563
-33.297629,189,2306.952352
-13.43307,66,2307.734118
-56.416037,277,2310.945519
-7.896401,30,2311.28561
-14.601441,53,2311.893589
-9.477357,28,2312.219378
-50.16939,263,2315.250558
-7.77839,41,2315.723531
-25.497049,139,2317.322634
-23.626011,161,2319.166102
-47.529242,217,2321.681073
-17.597122,62,2322.391724
-12.547188,48,2322.958375
-10.885781,45,2323.472609
-17.837163,54,2324.090193
-60.787532,500,2329.896818
-16.187171,73,2330.729158
-11.585237,48,2331.290246
-58.881516,500,2337.113925
-8.385126,43,2337.60182
-37.836721,282,2340.844496
-50.440252,386,2345.318899
-8.406356,57,2345.992475
-11.47538,51,2346.581246
-19.337825,126,2348.04229
-13.817292,48,2348.591811
-12.426137,47,2349.137574
-11.561877,48,2349.699114
-17.066815,85,2350.686091
-12.710335,51,2351.276352
-60.280657,500,2363.355127
-14.322084,65,2364.096447
-21.721426,139,2365.712015
-41.637612,320,2369.437927
-60.440528,441,2374.492855
-10.284979,58,2375.177655
-31.530622,233,2377.860975
-13.409305,49,2378.427961
-86.886521,500,2384.198658
-11.830983,67,2384.967679
-16.245678,62,2385.676539
-12.001643,47,2386.214813
-15.690401,54,2386.843449
-29.51729,220,2389.41862
-23.699709,135,2390.975548
-11.172416,64,2391.7023
-34.197244,261,2394.725706
-33.309816,149,2396.491677
-44.147677,438,2401.526096
-61.546504,500,2407.553037
-14.266344,53,2408.196317
-7.503446,40,2408.679025
-9.649756,83,2409.718641
-22.615534,115,2411.082894
-13.263858,56,2411.750702
-14.052095,99,2412.932498
-40.294036,345,2422.187279
-18.91137,89,2423.306003
-9.133641,39,2423.772609
-18.810004,72,2424.635732
-10.728027,76,2425.54926
-11.242074,47,2426.117292
-18.894886,168,2428.154242
-44.86586,206,2430.661
-19.067623,69,2431.491453
-11.091523,56,2432.159814
-27.442984,284,2435.574263
-14.999073,82,2436.604141
-7.444892,44,2437.126065
-61.72257,500,2443.170444
-19.559892,114,2444.55252
-16.633366,91,2445.646346
-10.3308,56,2446.323535
-11.786324,50,2446.930442
-11.881234,61,2447.656499
-15.863268,53,2448.29081
-54.563925,500,2454.287711
-15.105202,93,2455.416284
-8.68904,58,2456.165252
-21.157771,79,2457.205538
-23.214746,160,2459.171475
-16.126123,93,2460.288897
-10.857106,42,2460.817484
-18.525877,69,2461.659685
-8.546645,39,2462.129212
-18.984367,152,2463.990812
-11.934942,58,2464.695491
-16.771818,54,2465.336727
-6.921036,36,2465.778022
-20.59544,127,2467.300218
-25.284153,116,2468.702125
-16.293955,49,2469.285568
-13.771789,53,2469.967773
-15.160812,63,2470.723407
-15.269237,66,2471.515266
-10.726998,67,2472.312881
-13.139145,51,2472.916726
-16.582393,57,2473.617379
-18.187358,62,2474.368252
-9.806606,49,2474.959667
-12.736152,58,2475.655057
-15.161617,51,2476.260848
-9.414133,37,2476.740379
-14.864158,55,2477.394629
-18.506798,50,2477.998044
-15.271055,60,2478.722344
-28.404394,187,2480.970981
-19.290968,102,2482.215165
-10.319192,61,2487.945462
-13.512973,47,2488.506959
-72.087918,500,2494.316059
-17.858999,69,2495.146616
-5.971372,10,2495.268221
-4.457145,31,2495.628235
-7.840341,37,2496.054124
-7.407037,35,2496.460084
-11.876948,46,2496.999611
-13.402676,50,2497.585405
-13.945587,57,2498.258632
-13.134142,59,2498.939962
-18.8471,49,2499.500741
-11.509014,57,2500.170629
-13.68578,49,2500.733855
-18.037936,58,2501.400442
-12.135354,78,2502.307017
-9.691835,43,2502.798644
-12.606209,47,2503.337176
-49.181804,500,2509.102205
-4.946067,9,2509.205312
-15.235985,68,2510.001987
-8.618023,39,2510.455107
-40.588004,190,2512.680199
-27.489732,74,2513.537049
-21.302339,202,2515.867556
-9.422025,44,2516.373772
-41.609588,409,2521.35793
-10.749702,52,2521.973979
-16.535542,63,2522.728404
-15.473446,70,2523.568676
-11.656289,60,2524.282165
-11.060973,46,2524.880594
-11.336191,70,2525.731387
-16.558557,75,2526.629399
-23.419466,108,2527.911181
-64.38892,500,2533.995553
-14.325294,51,2534.613714
-37.894695,271,2537.877693
-11.730361,61,2538.639658
-13.045632,55,2539.28756
-54.93004,500,2545.301613
-18.071226,52,2545.917962
-15.470194,56,2546.605624
-11.199763,79,2553.39571
-10.928363,71,2554.225193
-9.845887,26,2554.516412
-18.390968,128,2555.982109
-6.82328,15,2556.14863
-15.999835,60,2556.834404
-16.575032,109,2558.086087
-11.201917,47,2558.625072
-5.815946,14,2558.788606
-26.96947,191,2561.01961
-8.742903,17,2561.21808
-89.035588,500,2566.980783
-16.892499,73,2567.832231
-16.157686,118,2569.184672
-33.662573,164,2571.089297
-13.917171,120,2572.482758
-15.64917,117,2573.849483
-28.847863,262,2576.887317
-16.95407,97,2578.015732
-10.9305,68,2578.80224
-23.879537,95,2579.914272
-22.472599,148,2581.64468
-12.431942,56,2582.30628
-8.168795,55,2582.931607
-13.294543,44,2583.4354
-17.975428,118,2584.79879
-12.506674,49,2585.367098
-10.409951,21,2585.630364
-7.514038,41,2586.105383
-46.996305,500,2591.924018
-41.383166,500,2597.725469
-15.273899,85,2598.739383
-35.702102,152,2600.545084
-17.876374,75,2601.449317
-12.284726,53,2602.079603
-46.327703,500,2608.137011
-11.320592,48,2608.711976
-15.077671,53,2609.344254
-16.419997,53,2609.971756
-24.297458,173,2617.261963
-12.702483,71,2618.046278
-27.314064,374,2622.292823
-10.470906,76,2623.161404
-7.130579,39,2623.606849
-15.55726,62,2624.3145
-18.624003,74,2625.18415
-17.784053,85,2626.167553
-66.572962,500,2631.916504
-12.377235,55,2632.557847
-15.513802,51,2633.141058
-21.525975,73,2633.988031
-12.929952,52,2634.592516
-14.1387,48,2635.135066
-18.949788,60,2635.821201
-16.210397,69,2636.614822
-17.366766,67,2637.387308
-15.170932,69,2638.172229
-18.913327,64,2638.944806
-29.772762,221,2641.517508
-17.747262,58,2642.183144
-17.756389,119,2643.556559
-81.282882,500,2649.302185
-47.341881,500,2655.356604
-9.392145,60,2656.0956
-17.773367,60,2656.823681
-11.234859,56,2657.494857
-12.408862,60,2658.213762
-57.799426,500,2664.226988
-107.40089,500,2670.272784
-47.489368,460,2685.162707
-12.461588,50,2685.745178
-25.042258,145,2687.467232
-17.270962,74,2688.306558
-13.035119,49,2688.872695
-6.732181,14,2689.035231
-6.224736,10,2689.147956
-12.595962,27,2689.450122
-25.210447,146,2691.133892
-31.120571,187,2693.27255
-22.825685,150,2695.026358
-24.225717,173,2697.044965
-9.659502,40,2697.503709
-5.04451,9,2697.615412
-14.973378,60,2698.35247
-10.426004,77,2699.32122
-8.249763,16,2699.5057
-5.722122,11,2699.636374
-24.91599,230,2702.46558
-12.809232,92,2703.583597
-17.53405,72,2704.458318
-5.704788,9,2704.577216
-4.9036,9,2704.686922
-59.520197,500,2710.684051
-48.181535,283,2714.070868
-10.72787,45,2714.634577
-6.607296,12,2714.776227
-4.828969,9,2714.877926
-13.402427,66,2715.682086
-11.588602,32,2716.066063
-38.533891,330,2720.022871
-14.09804,58,2720.728705
-24.120997,249,2723.753484
-15.450858,118,2725.174864
-13.031922,47,2725.752295
-11.331203,53,2726.38657
-42.014754,500,2732.460659
-15.765571,53,2733.093681
-16.959021,75,2733.994273
-14.680598,94,2735.127996
-9.154946,69,2735.984417
-17.9576,83,2736.99531
-13.045271,58,2737.687435
-13.918842,56,2738.360659
-41.510718,500,2744.419279
-44.439601,500,2755.819792
-19.761256,116,2757.181151
-16.155601,69,2758.000175
-10.268051,69,2758.79178
-13.243619,49,2759.346984
-37.105072,500,2765.425141
-16.270809,63,2766.242712
-24.095857,143,2767.960352
-44.623501,326,2771.923716
-32.503511,279,2775.278569
-21.900117,109,2776.615996
-22.487011,144,2778.349043
-26.921936,312,2782.061551
-13.896829,114,2783.440228
-3.998745,29,2783.817733
-12.341763,51,2784.438075
-18.562007,67,2785.25417
-8.098095,40,2785.726034
-12.326967,54,2786.36643
-8.250713,39,2786.835176
-10.334375,47,2787.400027
-7.310513,39,2787.868803
-6.495546,12,2788.009429
-15.541393,136,2789.64159
-18.229554,71,2790.516252
-18.393792,48,2791.105135
-9.440221,36,2791.546925
-47.829568,500,2797.626168
-15.320506,50,2798.225536
-5.1621,12,2798.36619
-19.064254,100,2799.564545
-14.331843,53,2800.199329
-17.890117,56,2800.864249
-11.251422,61,2801.61199
-17.411804,52,2802.242501
-38.782117,500,2808.239341
-11.837783,46,2808.808789
-13.425168,58,2809.5149
-15.969818,74,2816.100434
-7.354681,36,2816.576353
-14.128723,59,2817.254936
-15.166463,87,2818.258924
-16.344178,48,2818.83677
-12.516404,59,2819.518474
-41.659186,500,2825.306061
-32.989128,319,2829.018806
-18.604103,45,2829.541809
-48.849456,500,2835.382455
-53.282781,500,2841.228451
-43.015049,275,2844.409871
-8.950571,42,2844.899758
-18.269396,73,2845.751489
-13.113228,50,2846.329971
-7.158181,34,2846.758825
-75.540246,500,2852.523239
-40.587684,500,2858.324407
-5.829506,17,2858.526865
-12.859199,48,2859.077393
-11.026958,55,2859.705039
-13.433909,54,2860.357294
-18.406391,119,2861.730047
-19.242078,61,2862.42765
-21.681293,71,2863.237514
-7.029756,37,2863.655589
-73.849295,500,2869.500716
-42.08022,426,2882.498606
-19.415733,84,2883.521866
-11.605415,48,2884.097298
-17.316787,62,2884.817778
-10.603841,48,2885.372271
-6.25261,36,2885.784479
-9.230147,46,2886.311624
-15.714623,68,2887.091188
-10.645821,45,2887.632575
-12.649678,59,2888.333781
-81.034142,500,2894.099812
-4.51094,28,2894.45484
-22.258878,107,2895.682289
-12.063248,48,2896.230825
-46.085669,241,2898.986587
-10.480879,46,2899.513835
-14.998146,39,2899.969593
-7.980914,26,2900.265608
-32.103372,240,2903.066069
-16.7552,46,2903.589664
-15.995662,58,2904.258845
-9.5118,43,2904.760533
-12.285703,48,2905.312676
-23.395032,112,2906.61669
-8.248469,38,2907.060504
-14.112634,57,2907.718743
-13.807653,49,2908.302019
-25.988617,177,2910.334912
-13.548063,62,2911.052415
-15.855789,50,2911.627875
-15.877319,51,2912.204093
-17.3759,84,2913.181029
-56.583489,467,2918.583611
-18.219986,101,2919.743626
-16.141693,126,2921.186549
-14.150476,47,2921.731623
-25.651592,163,2923.634605
-15.281685,84,2924.596615
-17.098074,82,2925.559659
-6.653681,45,2926.078086
-34.853631,325,2929.825663
-15.644634,63,2930.561492
-9.404232,48,2931.118331
-15.512017,102,2932.302866
-14.66038,55,2932.945179
-54.866493,500,2938.764322
-10.546987,47,2939.310211
-16.858705,110,2948.92114
-14.861196,47,2949.475182
-11.389819,47,2950.043629
-12.608688,50,2950.62516
-15.086887,62,2951.348021
-22.247568,108,2952.606155
-16.764189,50,2953.181261
-11.467045,81,2954.106248
-9.878307,44,2954.616539
-17.018089,104,2955.827302
-11.722466,48,2956.379795
-17.632999,72,2957.241356
-12.491945,56,2957.890275
-50.334444,500,2963.643656
-21.231053,100,2964.819029
-24.433146,128,2966.312496
-11.850252,48,2966.868977
-26.429934,141,2968.489529
-55.929553,500,2974.282719
-44.81435,419,2979.129689
-58.257218,500,2984.917169
-7.849735,15,2985.087713
-12.725235,48,2985.651235
-11.099608,73,2986.529675
-39.463741,295,2990.105345
-62.634355,500,2996.11282
-57.175173,500,3002.156689
-17.491538,80,3003.120413
-24.958351,165,3005.085357
-24.47641,216,3014.253576
-16.616777,52,3014.856189
-15.181509,50,3015.416166
-16.667562,75,3016.280825
-49.020639,500,3022.044843
-34.263073,173,3024.039036
-10.930215,54,3024.661615
-19.964555,218,3027.211071
-26.433446,212,3029.663039
-10.455892,42,3030.145836
-45.916368,500,3035.945987
-18.114663,48,3036.498185
-13.159565,70,3037.300581
-61.064776,500,3043.079105
-10.558866,26,3043.37332
-9.595947,37,3043.812115
-9.654665,48,3044.358684
-20.516523,70,3045.161265
-6.815789,33,3045.543242
-6.444785,12,3045.682297
-56.279779,500,3051.458436
-25.457705,143,3053.108783
-9.3946,47,3053.64771
-10.875056,49,3054.210384
-14.004878,80,3055.158407
-6.734729,25,3055.461596
-5.553279,16,3055.663058
-12.207149,56,3056.35022
-12.014609,55,3057.018433
-12.873335,70,3057.826442
-12.795193,46,3058.387354
-14.718941,65,3059.143363
-13.631557,53,3059.757692
-15.460272,104,3060.987426
-18.556409,71,3061.851092
-15.73074,62,3062.578177
-19.275639,74,3063.439707
-11.143687,42,3063.919651
-25.130512,118,3065.306134
-15.455606,74,3066.164808
-26.499143,141,3067.809781
-25.944305,366,3077.75508
-23.383923,188,3079.961585
-16.708459,61,3080.660715
-8.413418,43,3081.148773
-8.220696,47,3081.696149
-85.197445,500,3087.496706
-19.648779,128,3088.963594
-12.301995,67,3089.77556
-16.132217,70,3090.590596
-10.236188,51,3091.178896
-14.427687,50,3091.751394
-22.622998,102,3092.939612
-13.034306,60,3093.628015
-8.89396,39,3094.076784
-43.456477,500,3099.893188
-16.054453,119,3101.271745
-9.715488,50,3101.84135
-18.884537,65,3102.570642
-6.074534,17,3102.767111
-6.72657,36,3103.191516
-7.769528,89,3104.222427
-9.486391,39,3104.673193
-13.64007,53,3105.275606
-17.004328,145,3106.938462
-7.545845,35,3107.338367
-14.47028,58,3108.002591
-18.293337,68,3108.773913
-12.120091,59,3109.45908
-8.985982,35,3109.859011
-7.926596,51,3110.477946
-10.771226,56,3111.136427
-16.483311,58,3111.84834
-19.358538,72,3112.705557
-13.999231,50,3113.306186
-62.270646,496,3119.378545
-8.729081,45,3119.912089
-16.574633,80,3120.892613
-28.116525,130,3122.455537
-13.250198,48,3123.040009
-15.84896,53,3123.682257
-26.273619,152,3125.528192
-32.651233,331,3129.534329
-17.762428,87,3130.588022
-12.748597,44,3131.134585
-8.048954,41,3131.642404
-26.263644,212,3134.197209
-18.959749,111,3135.541975
-43.783781,500,3145.369049
-26.265449,179,3147.421759
-21.430824,59,3148.102908
-11.989463,151,3149.829339
-18.679878,64,3150.561969
-48.371556,500,3156.348196
-23.722726,175,3158.33784
-74.855622,500,3164.131532
-19.729393,71,3164.953771
-10.427452,47,3165.494333
-9.609403,45,3166.039332
-10.39536,44,3166.542956
-69.578544,500,3172.262901
-18.415282,61,3173.005343
-13.833578,46,3173.532166
-11.182271,45,3174.04679
-15.497936,63,3174.780255
-14.153788,64,3175.52196
-12.649811,60,3176.224209
-52.800334,500,3182.056248
-46.977875,500,3187.85366
-18.567745,68,3188.63261
-8.324507,54,3189.25354
-17.368473,68,3190.029209
-22.693961,124,3191.454837
-17.827238,54,3192.101585
-9.889567,50,3192.676048
-12.20552,54,3193.303696
-17.658264,74,3194.161099
-8.820161,62,3194.880176
-8.925236,37,3195.300964
-58.593473,500,3210.623411
-6.588964,59,3211.308137
-16.265532,53,3211.919088
-7.702242,39,3212.374837
-15.341883,65,3213.14114
-15.44923,96,3214.23673
-23.925409,203,3216.593092
-11.349818,61,3217.285296
-12.842081,66,3218.044027
-18.908718,51,3218.623507
-14.681069,66,3219.388264
-9.748215,96,3220.528848
-8.995724,43,3221.017877
-14.771898,42,3221.509167
-15.154303,51,3222.10101
-16.271204,47,3222.642196
-14.165691,66,3223.418798
-45.407502,427,3228.325562
-10.054906,25,3228.613311
-46.908498,500,3234.392179
-19.96127,196,3236.638158
-14.395063,74,3237.488909
-26.255845,205,3239.854528
-12.416913,48,3240.412013
-16.236906,47,3240.972324
-20.280454,75,3241.829353
-21.576534,72,3242.669689
-20.872431,82,3243.614553
-46.081544,500,3249.427129
-15.473208,73,3250.267903
-17.619596,70,3251.062807
-8.842681,40,3251.524915
-16.385456,77,3252.396141
-14.742918,140,3254.035126
-11.024852,40,3254.527334
-18.560766,101,3255.682653
-7.305921,19,3255.918023
-10.839493,33,3256.301011
-10.979139,46,3256.822617
-12.025361,50,3257.392069
-12.681014,57,3258.058463
-22.213089,123,3259.45806
-16.194771,56,3260.101461
-12.476666,76,3260.97416
-32.518974,194,3263.258044
-16.956781,65,3264.026958
-63.718016,500,3278.120177
-63.479272,500,3283.910687
-12.499505,51,3284.492136
-60.557603,429,3289.434564
-27.381333,153,3291.209994
-7.440861,23,3291.475858
-16.612762,136,3293.046823
-12.594925,53,3293.656011
-4.84062,14,3293.819921
-17.199351,64,3294.555182
-10.877966,48,3295.133659
-59.39962,500,3301.088631
-11.704443,73,3302.008806
-18.539421,88,3303.101492
-44.65453,500,3309.133482
-45.397657,500,3315.18171
-15.1816,57,3315.865624
-10.075965,54,3316.500925
-10.897207,45,3317.037014
-19.02429,71,3317.917688
-37.305338,414,3322.871782
-22.294931,131,3324.485495
-20.653022,86,3325.515081
-47.57205,500,3331.582611
-21.657759,81,3332.550824
-68.251842,500,3346.947805
-62.045525,500,3352.703589
-55.674354,268,3355.8133
-19.718817,170,3357.807974
-15.980135,82,3358.761669
-129.896533,500,3364.724273
-8.149678,36,3365.15914
-15.563774,54,3365.872203
-10.981601,48,3366.45734
-11.521299,47,3367.023664
-6.292625,39,3367.517545
-14.526794,70,3368.34536
-19.213497,141,3370.031804
-35.674088,162,3371.984129
-47.141389,500,3377.998439
-11.909719,50,3378.608332
-12.278382,51,3379.226679
-14.669083,86,3380.242558
-116.440178,500,3386.271181
-24.256346,91,3387.369031
-13.500825,47,3387.935843
-8.933723,119,3389.384539
-10.486681,61,3390.122093
-15.049025,115,3391.50938
-20.819076,104,3392.749645
-48.628749,428,3397.93121
-14.130888,49,3398.513458
-28.822781,106,3399.771881
-19.148157,148,3401.525625
-11.880577,32,3406.239137
-7.241206,61,3406.979165
-13.82271,121,3408.36962
-24.457376,178,3410.442434
-28.437294,174,3412.430849
-12.969755,53,3413.033399
-11.456676,51,3413.630386
-99.01314,500,3419.565609
-11.125752,47,3420.128196
-15.091901,56,3420.84087
-9.30321,43,3421.367551
-8.663066,38,3421.820774
-19.844714,144,3423.566886
-10.698931,45,3424.107044
-14.282167,51,3424.716861
-52.719861,500,3430.778042
-15.397484,50,3431.383522
-46.658063,500,3437.381564
-31.639435,317,3441.156365
-10.446653,37,3441.59635
-59.341816,500,3447.628356
-11.98942,69,3448.459245
-10.163957,48,3449.029811
-50.66509,500,3455.046552
-18.366198,53,3455.680615
-8.670913,42,3456.173396
-18.036052,114,3457.54014
-10.785758,54,3458.213618
-61.090112,500,3464.223399
-6.966735,35,3464.645395
-13.915863,57,3465.355611
-18.711925,63,3477.808007
-15.812007,56,3478.487861
-12.730156,55,3479.115058
-15.903049,56,3479.76475
-14.647977,57,3480.459011
-17.047127,73,3481.33202
-8.377334,36,3481.749974
-17.144676,67,3482.518526
-7.65105,37,3482.957424
-50.305136,500,3488.779729
-8.480163,38,3489.221619
-10.787667,45,3489.738305
-39.893717,500,3495.487076
-8.546888,40,3495.951266
-48.942813,183,3498.058269
-10.816153,43,3498.553269
-12.402618,60,3499.256755
-11.726765,56,3499.900813
-12.993509,64,3500.673746
-6.798203,14,3500.838357
-16.08269,55,3501.502664
-12.944284,53,3502.133554
-18.503623,107,3503.411536
-9.102069,19,3503.641957
-45.23225,497,3509.79804
-12.539433,53,3510.44524
-40.476894,500,3516.496603
-16.865243,76,3517.41797
-11.057059,74,3518.303641
-18.720134,69,3519.124755
-15.326093,52,3519.766062
-19.272982,67,3520.577999
-8.911506,43,3521.127177
-11.311811,47,3521.690606
-16.200813,62,3522.432407
-61.031607,500,3528.464397
-14.465308,51,3529.069875
-8.967998,45,3529.608082
-13.00355,62,3530.348957
-7.024062,14,3530.511549
-9.067193,35,3530.931494
-7.358724,14,3531.095918
-13.961745,70,3531.932806
-20.159321,90,3533.000854
-28.363448,239,3535.889516
-19.590779,132,3541.947714
-19.650845,53,3542.587141
-10.584773,48,3543.139015
-13.587397,46,3543.666713
-11.289568,55,3544.291147
-43.275143,500,3550.221095
-15.208476,55,3550.867631
-15.497325,53,3551.469096
-16.849367,67,3552.237572
-12.571874,69,3553.04211
-12.538277,87,3554.054121
-6.83119,32,3554.426164
-17.563069,96,3555.525643
-11.159596,47,3556.095545
-13.962343,54,3556.728891
-14.36075,85,3557.703904
-17.806475,88,3558.716389
-10.601721,49,3559.278977
-39.562843,500,3565.107382
-10.891067,50,3565.684279
-51.402055,500,3571.489204
-12.298788,50,3572.076728
-13.211494,52,3572.670337
-8.624477,38,3573.10581
-11.870683,45,3573.625608
-7.807473,36,3574.0391
-13.914695,61,3574.73959
-40.309177,391,3579.271378
-29.322045,193,3581.500266
-19.643367,110,3582.784542
-54.717924,500,3588.542797
-42.488883,500,3594.304958
-12.730569,34,3594.688988
-15.947924,52,3595.285495
-13.956147,75,3596.147893
-39.538836,150,3597.905442
-15.332834,68,3598.723548
-20.672672,83,3599.683991
-7.11381,21,3606.692896
-10.218176,38,3607.170433
-5.194508,28,3607.484128
-29.356897,291,3610.750944
-17.558081,63,3611.469394
-41.589454,500,3617.230918
-9.653085,35,3617.631937
-19.777906,110,3618.878572
-12.755608,68,3619.657299
-10.827168,49,3620.24984
-19.446685,123,3621.672212
-54.59005,500,3627.498724
-8.543497,38,3627.942479
-28.127404,131,3629.448304
-10.009075,43,3629.941065
-8.987893,40,3630.398916
-13.287896,58,3631.059534
-38.433137,500,3636.878162
-78.866828,500,3642.675789
-18.011674,125,3644.112952
-13.181028,58,3644.771208
-10.111636,86,3645.771362
-11.001529,43,3646.276094
-17.166428,60,3646.965392
-39.905942,500,3652.778966
-8.585865,40,3653.240771
-32.721053,396,3657.858595
-17.234711,59,3658.544178
-15.711415,64,3659.283628
-14.900675,66,3660.040232
-46.490784,379,3664.664172
-3.749337,9,3669.865554
-12.596052,43,3670.399524
-11.945336,44,3670.897274
-9.015029,38,3671.314226
-15.349037,52,3671.883347
-33.027572,256,3674.807024
-13.325086,55,3675.430574
-11.5235,46,3675.954765
-51.773037,406,3680.676747
-9.597807,39,3681.126617
-28.326199,206,3683.506621
-11.900654,51,3684.135545
-11.337503,36,3684.544516
-13.644128,51,3685.142364
-74.533286,500,3690.91868
-7.860331,29,3691.247824
-8.930648,38,3691.685462
-11.518753,48,3692.225104
-23.376474,206,3694.60446
-23.098849,199,3696.894791
-8.181891,39,3697.345665
-14.808739,47,3697.917027
-15.170767,55,3698.547714
-15.336731,54,3699.169305
-9.687726,37,3699.60042
-13.116913,46,3700.124104
-7.881216,37,3700.555022
-17.358118,49,3701.116611
-87.232361,500,3706.918524
-16.709746,106,3708.141964
-9.109328,45,3708.657666
-13.809223,53,3709.266994
-24.585446,205,3711.620566
-26.514666,201,3713.979154
-84.35565,500,3719.819641
-10.194733,49,3720.389678
-7.940687,42,3720.894098
-25.801092,232,3723.655125
-19.494776,84,3724.677288
-9.690468,38,3725.134169
-28.36527,131,3726.735155
-5.326722,17,3726.942637
-8.665298,90,3733.262381
-7.094559,25,3733.596547
-9.283739,40,3734.033453
-15.956994,38,3734.457355
-50.834647,500,3740.185024
-7.457093,38,3740.614944
-7.058979,45,3741.133659
-47.368935,500,3746.936274
-11.485071,47,3747.516866
-16.543691,83,3748.52035
-11.168232,53,3749.152685
-41.425915,500,3755.197194
-40.269408,500,3761.215267
-15.262355,72,3762.079004
-11.979647,53,3762.716845
-50.341866,500,3768.732096
-42.140156,500,3774.693873
-12.613461,50,3775.328225
-14.922648,53,3775.960608
-11.557634,44,3776.494266
-14.865168,52,3777.129995
-23.705839,180,3779.295844
-30.204971,192,3781.622149
-106.287157,500,3787.746112
-33.474168,303,3791.519403
-12.955637,49,3792.107924
-19.076812,91,3799.998956
-13.739681,59,3800.716169
-14.676211,79,3801.61628
-16.922618,98,3802.771499
-9.979069,35,3803.168534
-9.5113,44,3803.671268
-8.441955,51,3804.253508
-36.448462,328,3808.083226
-10.800511,42,3808.565016
-11.507038,43,3809.064761
-41.165884,500,3814.820873
-16.164723,54,3815.43207
-12.855533,71,3816.248048
-9.514141,42,3816.767952
-43.755733,459,3822.031545
-21.368229,84,3822.983579
-15.796709,55,3823.639958
-19.86011,123,3825.052674
-11.126039,43,3825.544996
-10.902979,48,3826.095544
-15.027653,56,3826.733962
-47.986053,500,3832.502837
-9.295707,80,3833.419255
-16.786167,62,3834.132466
-11.485379,43,3834.634201
-13.755835,47,3835.168512
-9.790733,48,3835.718161
-9.005195,38,3836.160053
-10.585437,50,3836.739084
-34.044503,500,3842.541037
-9.63338,19,3842.760463
-9.039242,43,3843.25624
-22.836809,151,3845.015393
-40.925981,500,3850.784312
-9.997748,38,3851.26314
-20.760663,111,3852.679841
-14.022506,49,3853.273823
-12.716168,53,3853.93516
-49.74764,500,3864.032618
-22.781626,127,3865.48934
-43.193557,500,3871.28293
-11.395849,52,3871.877439
-11.22415,44,3872.376621
-12.265762,53,3872.98749
-14.639144,57,3873.682712
-15.430583,83,3874.633199
-45.848006,304,3878.135237
-17.646326,114,3879.452948
-52.395669,500,3885.250983
-8.867425,40,3885.70942
-7.738928,45,3886.219396
-34.904424,195,3888.4868
-10.819256,49,3889.062325
-16.37364,75,3889.933179
-16.315377,45,3890.448854
-17.058407,76,3891.322637
-16.925906,79,3892.218794
-14.570565,53,3892.824272
-12.742439,76,3893.70874
-10.097836,48,3894.262919
-23.567136,142,3895.923811
-30.82599,156,3897.741797
-16.688485,60,3898.42508
-12.894252,51,3899.020919
-29.603241,221,3901.601382
-6.002402,33,3901.970484
-18.153326,85,3902.951733
-13.893938,48,3903.514816
-20.589103,79,3904.424523
-15.796457,68,3905.216831
-12.548556,49,3905.783437
-15.929074,73,3906.623018
-15.954388,67,3907.395049
-12.632766,117,3908.78406
-20.658809,102,3909.966187
-8.002265,39,3910.418042
-12.245038,43,3910.917787
-8.375925,48,3911.466833
-28.950046,177,3913.501447
-36.629626,390,3918.033686
-6.963954,28,3918.352911
-16.190788,62,3919.059957
-19.723962,112,3929.286794
-10.823529,50,3929.845526
-10.579635,47,3930.390157
-51.902193,313,3933.929286
-16.44457,53,3934.528779
-18.169426,83,3935.478808
-40.368218,212,3937.942511
-12.171652,48,3938.50064
-12.107712,47,3939.036805
-18.110172,67,3939.803907
-89.775114,500,3945.604191
-12.958453,50,3946.185321
-15.422111,70,3946.992198
-9.673284,49,3947.560988
-12.461833,49,3948.140532
-11.975524,48,3948.694141
-9.306408,49,3949.258723
-12.155187,46,3949.789959
-17.40713,78,3950.704144
-15.957767,66,3951.503009
-41.163396,212,3953.942192
-19.213785,54,3954.576242
-55.026289,500,3960.417299
-20.191757,105,3961.641094
-48.424308,500,3967.508586
-10.751808,40,3967.974554
-10.967647,41,3968.456346
-5.73476,10,3968.580006
-8.322963,37,3969.003167
-16.174767,94,3970.088522
-18.103811,66,3970.856813
-17.88517,66,3971.62014
-14.242782,53,3972.247565
-10.623916,45,3972.788532
-14.253072,47,3973.338156
-44.521552,223,3975.902939
-12.867344,57,3976.552691
-39.716876,500,3982.360899
-15.355511,75,3983.226723
-9.720331,42,3983.712533
-7.836052,36,3984.130583
-23.169772,113,3985.449842
-17.1924,61,3986.150162
-13.825432,52,3986.789198
-25.5953,108,3994.007895
-12.756796,44,3994.487689
-15.744844,129,3995.933897
-14.053965,36,3996.347884
-10.888012,43,3996.836685
-15.962518,69,3997.642405
-13.097227,46,3998.176732
-20.80216,170,4000.137752
-51.933056,500,4005.923848
-9.570202,45,4006.445789
-80.389546,500,4012.285766
-13.901418,50,4012.858932
-11.04994,49,4013.42704
-10.7494,49,4013.997534
-35.735357,328,4017.820767
-15.143306,56,4018.534176
-104.041219,500,4024.684598
-78.698245,500,4030.763004
-23.188118,128,4032.303319
-17.041508,84,4033.297802
-16.153797,50,4033.894278
-12.209629,68,4034.713513
-9.626124,40,4035.202314
-14.175577,44,4035.728986
-23.808719,152,4037.579895
-13.090341,40,4038.067645
-14.951818,54,4038.715675
-25.764419,190,4041.020884
-50.329003,500,4047.091208
-14.983776,69,4047.912957
-10.674829,86,4048.960815
-14.674703,48,4049.532408
-59.172045,387,4060.907502
-6.466963,32,4061.269528
-63.259575,500,4067.021868
-8.850343,44,4067.532614
-53.787702,375,4071.877289
-8.588738,51,4072.467322
-16.956666,93,4073.565361
-17.838493,66,4074.332327
-54.590326,500,4080.112121
-12.678639,48,4080.670625
-19.27351,84,4081.653132
-50.697397,419,4086.539986
-49.998152,500,4092.305017
-10.710167,73,4093.138951
-16.315402,208,4095.603109
-9.62022,41,4096.080909
-18.196467,75,4096.937098
-39.776448,500,4102.730655
-19.121978,64,4103.460845
-15.465523,68,4104.246171
-18.803453,62,4104.955947
-5.719729,38,4105.398805
-6.724793,15,4105.56741
-19.142999,82,4106.521754
-17.584113,102,4107.73368
-13.084812,47,4108.303261
-15.379559,54,4108.94468
-19.851244,79,4109.894294
-8.152802,37,4110.333354
-43.909509,500,4116.397454
-7.666131,34,4116.7979
-22.417551,77,4125.000313
-19.513133,79,4125.954151
-7.060445,36,4126.360156
-17.290883,70,4127.16632
-15.551537,59,4127.846587
-52.413989,500,4133.643622
-56.900703,415,4138.501651
-13.697952,50,4139.075206
-46.032884,500,4145.168799
-63.644314,500,4151.280137
-5.8985,10,4151.395846
-19.742427,71,4152.236367
-31.229482,166,4154.229295
-18.644335,127,4155.75634
-44.519051,500,4161.826155
-19.750311,183,4164.046022
-18.473277,108,4165.378487
-15.436985,79,4166.332818
-53.947642,500,4172.366325
-16.562617,57,4173.05263
-38.667697,339,4177.079057
-9.20836,40,4177.552837
-10.792921,76,4178.459175
-5.71056,42,4178.994588
-13.271805,69,4179.826726
-14.222256,47,4180.385317
-44.489158,500,4194.456393
-34.000679,500,4200.19471
-11.389298,42,4200.673506
-9.957205,41,4201.169797
-44.156194,500,4206.924433
-7.941246,38,4207.358375
-11.202546,57,4208.046857
-16.340168,70,4208.847566
-9.607632,40,4209.319912
-13.732807,60,4210.008912
-22.309763,243,4212.794026
-13.680839,82,4213.74716
-21.532841,182,4215.878844
-7.4772,36,4216.291426
-23.326153,174,4218.296913
-9.907005,24,4218.574545
-13.031126,172,4220.550586
-57.537231,475,4226.037743
-3.769656,28,4226.366891
-16.59114,74,4227.271635
-16.687737,53,4227.946939
-14.839149,49,4228.544464
-16.333963,64,4229.35939
-69.017398,500,4235.371583
-6.883431,36,4235.804928
-12.268313,56,4236.516949
-14.461073,48,4237.087516
-18.98198,104,4238.333778
-10.753791,48,4238.918547
-7.825269,15,4239.098125
-8.678636,43,4239.612887
-47.467805,458,4245.145967
-11.968933,48,4245.72767
-34.997218,500,4251.755457
-24.171997,198,4263.538001
-12.944566,47,4264.1278
-15.682371,74,4265.041903
-40.847955,500,4271.179538
-44.450642,500,4277.24248
-10.684055,49,4277.827978
-16.074406,60,4278.549714
-13.617745,67,4279.361041
-10.283715,65,4280.171021
-13.381053,52,4280.794455
-16.529026,60,4281.511913
-37.844878,500,4287.535818
-11.99409,42,4288.030547
-29.46684,130,4289.578832
-4.080115,27,4289.904024
-10.350276,49,4290.490427
-24.245793,184,4292.693471
-21.266749,66,4293.504048
-10.031877,32,4293.884064
-55.857211,500,4299.921411
-14.613679,50,4300.518601
-15.448487,49,4301.10413
-17.708121,69,4301.948334
-15.708915,57,4302.63185
-30.560046,217,4305.25275
-22.064347,63,4306.000576
-13.419763,53,4306.633293
-14.106634,107,4307.927271
-57.853611,500,4313.947631
-22.4497,130,4315.506457
-6.929405,61,4316.27382
-22.192392,61,4317.003024
-14.046121,54,4317.637672
-14.12847,52,4318.270345
-26.450642,200,4320.664901
-4.942266,41,4321.163288
-34.129602,266,4328.995492
-20.441573,120,4330.409648
-35.565445,342,4334.340469
-15.431494,176,4336.363866
-9.316092,37,4336.804368
-25.148214,177,4338.861026
-13.698927,58,4339.533699
-13.886805,91,4340.572607
-17.653005,72,4341.427188
-29.119142,115,4342.752106
-11.637833,41,4343.225945
-3.527604,25,4343.509204
-17.216921,62,4344.223609
-18.23393,108,4345.498037
-19.174092,78,4346.382425
-4.546783,54,4347.008645
-16.714926,53,4347.621101
-13.39133,55,4348.252069
-11.194904,41,4348.718887
-49.475462,500,4354.522082
-4.778518,39,4354.979323
-44.740288,500,4360.787585
-13.490011,100,4361.941513
-25.251428,160,4363.792847
-10.658094,63,4364.512602
-16.527929,56,4365.165039
-6.997391,16,4365.350602
-13.300762,43,4365.843888
-15.59349,52,4366.526173
-3.188905,23,4366.805443
-7.084509,36,4367.235678
-13.328197,62,4367.986748
-12.892518,68,4368.822915
-9.385615,47,4369.375526
-14.274175,73,4370.256639
-8.860678,39,4370.735437
-15.037207,59,4371.44665
-73.418834,500,4377.499757
-3.555377,31,4377.889282
-9.378921,41,4378.379763
-53.786643,500,4384.432816
-12.39415,58,4385.131724
-3.180348,10,4394.255511
-12.05864,50,4394.886772
-10.26983,47,4395.42143
-4.648868,29,4395.76089
-42.629676,407,4400.513388
-79.410192,500,4406.270725
-8.588501,39,4406.728545
-15.510556,65,4407.503745
-15.11343,71,4408.32665
-25.737779,116,4409.66685
-15.740794,66,4410.431439
-4.678219,35,4410.837415
-9.602407,54,4411.455372
-45.746618,500,4417.2757
-19.686709,124,4418.713498
-11.238567,37,4419.140999
-40.501425,298,4422.639028
-26.634981,160,4424.48928
-17.516661,71,4425.299482
-10.733034,46,4425.831861
-20.488333,114,4427.143106
-13.663591,51,4427.735514
-8.601239,42,4428.212378
-48.74437,440,4433.326335
-12.468312,44,4433.833281
-24.838339,129,4435.314645
-52.844687,500,4441.165535
-14.855472,70,4441.969926
-15.460956,76,4442.843461
-20.275557,141,4444.493812
-18.066037,98,4445.627785
-9.805986,59,4446.307072
-11.734649,48,4446.864621
-12.341942,73,4447.71503
-57.394529,500,4462.081499
-12.962037,44,4462.571249
-9.871376,45,4463.078952
-10.914613,45,4463.584856
-21.351337,135,4465.126483
-47.652449,473,4470.57588
-18.314805,62,4471.289036
-14.235209,80,4472.203999
-13.607456,90,4473.284506
-24.441643,121,4474.691507
-8.204876,40,4475.169284
-86.339491,500,4480.993922
-7.382294,35,4481.404983
-18.052701,101,4482.57801
-20.511641,109,4483.838462
-63.916185,500,4489.685722
-10.926394,45,4490.197768
-51.89084,500,4495.981648
-58.902305,500,4501.836006
-13.366743,54,4502.459091
-8.210295,41,4502.934449
-15.979272,105,4504.148639
-10.509602,46,4504.681491
-14.936096,81,4505.631614
-43.461083,500,4511.430844
-11.506702,74,4512.290707
-4.32734,29,4512.63234
-9.778882,63,4513.404709
-52.326635,483,4528.089361
-15.805471,78,4529.023825
-8.442527,60,4529.716951
-17.585607,85,4530.725671
-9.757604,46,4531.256311
-21.031289,121,4532.66303
-17.828847,49,4533.226589
-51.609849,500,4539.027
-11.131434,55,4539.653394
-13.323008,54,4540.277913
-19.329212,147,4541.994698
-51.353754,500,4547.794924
-16.57634,74,4548.664574
-9.564451,90,4549.711861
-56.072386,500,4555.491531
-17.351918,55,4556.142496
-49.787804,500,4561.983366
-43.378183,500,4567.854169
-17.811102,91,4568.935861
-18.194149,108,4570.190687
-7.233305,33,4570.576732
-22.519762,106,4571.812698
-61.226136,500,4577.603241
-15.019456,62,4578.320996
-8.416963,40,4578.791792
-42.620716,500,4584.603257
-17.692004,146,4594.791795
-16.329076,60,4595.556495
-9.926586,54,4596.174208
-13.482481,46,4596.742377
-36.783374,500,4602.46897
-17.360198,113,4603.811211
-10.483199,26,4604.110489
-77.902537,500,4609.882908
-12.854762,58,4610.558697
-13.994261,57,4611.247722
-48.792277,500,4617.26765
-9.485838,44,4617.811481
-10.155698,44,4618.408953
-16.650801,59,4619.163932
-12.458463,54,4619.859293
-18.238387,58,4620.571687
-69.955995,500,4626.642988
-8.013347,37,4627.085179
-61.014556,500,4633.180588
-11.880987,43,4633.703274
-8.196271,53,4634.357576
-6.206187,79,4635.30296
-13.585639,52,4635.922376
-15.303402,72,4636.787751
-15.551107,53,4637.420134
-44.253204,500,4643.445222
-39.391826,440,4648.754411
-9.035822,44,4649.280052
-9.659993,60,4650.005744
-48.865665,500,4665.90198
-13.143396,59,4666.591716
-49.664515,500,4672.398257
-5.136783,10,4672.509475
-24.353835,219,4675.057388
-17.892649,57,4675.712688
-15.884504,73,4676.595031
-12.702334,63,4677.323138
-14.022132,57,4677.982452
-10.619239,50,4678.580896
-20.92647,168,4680.540872
-18.625975,102,4681.711941
-20.993868,103,4682.905197
-74.523688,500,4688.738962
-15.781967,88,4689.747983
-12.653367,57,4690.436744
-12.555525,58,4691.10936
-13.327479,62,4691.833441
-13.363193,108,4693.085082
-16.986955,76,4693.965427
-17.166857,115,4695.303518
-10.242504,49,4695.877497
-10.040161,48,4696.422783
-16.442876,122,4697.859417
-14.478188,48,4698.407772
-3.499954,23,4698.676224
-24.056394,186,4700.824136
-31.136258,186,4702.961524
-8.46,70,4703.763015
-47.953305,500,4709.912407
-9.010155,19,4710.150768
-12.04168,46,4710.703249
-13.963715,50,4711.294323
-21.66414,111,4712.665652
-15.431619,84,4713.690598
-18.508417,60,4714.402164
-19.182847,124,4715.879896
-47.928857,500,4721.930353
-79.798286,500,4736.374299
-59.435681,500,4742.213378
-8.046218,19,4742.430368
-7.279894,37,4742.861261
-8.275987,18,4743.077708
-14.699624,49,4743.640692
-19.529643,127,4745.100904
-13.261055,122,4746.519769
-50.882339,500,4752.333046
-27.830065,99,4753.474742
-15.271924,172,4755.638018
-16.573727,68,4756.484499
-8.666066,52,4757.138443
-13.233167,53,4757.788937
-20.381111,61,4758.520327
-9.007381,47,4759.081879
-43.052285,500,4765.136522
-15.099175,58,4765.836172
-45.992638,440,4771.177395
-15.396593,63,4771.925063
-12.607164,51,4772.543035
-21.795353,217,4775.126825
-10.410346,41,4775.624581
-24.367517,169,4777.690291
-11.879905,64,4778.459541
-9.367015,18,4778.672881
-9.07726,38,4779.130705
-26.111566,173,4781.224968
-46.755104,349,4785.45326
-59.094155,500,4791.474939
-10.138964,45,4797.770551
-33.660915,239,4800.636901
-18.962231,127,4802.101718
-50.008882,500,4807.887957
-15.798956,77,4808.775519
-50.390784,500,4814.556776
-5.568543,14,4814.720332
-14.8764,58,4815.382034
-10.170434,52,4815.976507
-14.477767,60,4816.667662
-20.504533,82,4817.601307
-29.892621,241,4820.369351
-9.581248,68,4821.148454
-12.291415,50,4821.749336
-61.71886,500,4827.49379
-17.144529,56,4828.134146
-11.399323,53,4828.747549
-14.353701,60,4829.469966
-52.363664,500,4835.234432
-11.456075,52,4835.842088
-17.654603,67,4836.647004
-53.011591,500,4842.629924
-59.548839,500,4848.679405
-14.811556,70,4849.516741
-13.040821,44,4850.037
-16.557056,65,4850.815533
-17.745037,53,4851.480494
-3.865561,26,4851.794685
-6.185998,54,4852.457407
-19.630534,62,4853.206462
-15.298065,92,4854.307644
-25.159107,123,4855.793612
-10.341948,66,4860.764145
-15.958063,56,4861.419468
-14.913107,49,4861.980801
-65.35162,500,4868.16392
-12.199811,73,4869.053062
-4.814353,39,4869.523857
-22.925037,76,4870.44047
-113.87926,500,4876.472575
-49.549402,500,4882.550961
-20.793799,65,4883.340287
-8.911116,43,4883.856992
-17.087098,62,4884.596766
-37.037626,494,4890.541514
-27.69385,227,4893.303029
-44.682597,153,4895.164706
-9.831244,64,4895.945292
-47.207988,345,4900.106556
-7.46577,14,4900.277711
-11.672528,55,4900.942535
-13.883751,88,4901.992997
-21.118093,61,4902.753047
-24.721969,78,4903.696921
-7.47697,13,4903.847507
-11.037571,20,4904.093905
-8.665067,15,4904.274414
-38.788183,500,4910.332782
-7.476616,14,4910.503729
-47.986814,500,4916.504179
-15.282607,51,4917.1605
-17.054874,61,4917.895619
-3.952338,27,4918.23567
-9.040651,44,4918.81377
-12.972162,63,4919.61953
-15.893366,58,4920.319709
-12.36899,52,4920.962094
-19.60433,117,4931.099643
-2.751364,22,4931.347979
-9.215365,38,4931.833766
-6.84096,39,4932.297721
-9.780679,18,4932.519022
-8.153699,46,4933.068617
-10.483511,18,4933.283068
-15.880273,102,4934.498848
-22.160923,72,4935.363408
-35.696837,379,4939.962863
-37.731666,179,4942.109676
-10.769521,65,4942.88721
-9.84814,16,4943.08274
-14.607806,53,4943.721727
-27.234374,342,4947.873894
-13.808083,50,4948.470929
-8.890341,39,4948.939712
-46.663225,500,4955.012673
-12.406805,68,4955.845142
-12.935175,78,4956.775733
-13.8855,48,4957.358612
-8.99608,46,4957.914189
-11.585463,54,4958.57757
-11.325569,45,4959.118574
-4.753168,31,4959.501595
-16.182495,52,4960.132149
-2.353292,20,4960.369518
-30.689985,257,4963.488427
-4.136382,28,4963.824539
-21.819836,66,4964.621495
-48.322686,500,4970.684646
-7.727247,14,4970.853215
-13.014079,58,4971.559902
-13.615529,53,4972.188097
-4.625265,30,4972.566102
-56.22015,500,4978.645444
-12.28736,46,4979.193042
-10.978048,69,4980.017389
-16.321064,62,4980.773544
-19.557915,114,4982.181098
-26.643915,82,4983.183565
-4.699683,33,4983.578131
-14.02668,113,4984.93312
-10.005064,45,4985.474736
-9.301095,38,4985.943979
-27.361181,143,4987.689214
-22.635017,171,4989.788343
-8.150536,41,4990.278025
-6.672467,29,4997.18045
-12.077083,81,4998.190777
-50.79657,500,5004.235388
-11.49236,48,5004.812491
-13.023075,46,5005.35258
-28.377385,166,5007.388677
-52.449624,500,5013.426665
-20.81167,70,5014.26024
-20.999819,156,5016.155349
-31.525192,229,5018.94612
-12.235127,49,5019.546555
-39.2799,189,5021.81819
-14.236402,53,5022.457554
-14.448675,80,5023.429708
-11.089105,23,5023.703009
-8.51719,43,5024.216868
-33.709528,276,5027.56795
-9.688839,44,5028.108574
-50.987136,500,5034.181124
-10.296345,48,5034.75211
-52.963993,500,5040.792693
-21.053135,189,5043.116174
-15.196838,59,5043.876823
-6.145574,14,5044.053374
-19.179905,174,5046.23858
-8.458501,18,5046.45068
-12.788592,49,5047.051114
-7.708343,47,5047.640065
-14.666877,55,5048.298154
-10.326632,56,5048.971164
-8.110399,57,5049.656319
-6.566451,16,5049.844344
-14.628389,54,5050.493192
-13.39934,54,5051.141532
-23.139392,143,5052.852583
-15.573596,63,5053.603018
-16.613528,54,5054.27004
-7.993039,39,5054.773751
-14.875259,60,5055.494362
-8.410134,57,5056.190418
-17.87824,134,5062.530057
-29.384801,155,5064.376601
-43.160213,500,5070.171194
-24.556574,177,5072.20797
-11.833027,42,5072.689737
-12.912276,73,5073.540409
-16.09149,54,5074.173332
-31.514599,383,5078.624565
-81.271733,500,5084.437149
-10.831395,62,5085.166568
-17.25548,49,5085.75447
-12.12958,124,5087.249487
-13.895977,61,5087.976852
-17.557861,123,5089.442015
-8.557151,38,5089.889869
-11.494981,88,5090.954466
-12.541369,49,5091.567687
-6.468123,35,5091.999582
-7.135348,14,5092.167177
-22.355443,133,5093.7531
-43.881708,500,5099.829613
-12.874821,51,5100.446012
-13.433514,85,5101.472387
-17.790222,73,5102.367097
-7.305337,53,5103.023083
-10.556183,40,5103.498523
-40.582734,500,5109.553283
-10.204961,21,5109.801678
-9.069499,36,5110.23353
-18.223125,104,5111.489747
-11.382628,42,5112.00044
-8.517761,51,5112.617597
-9.805394,43,5113.133882
-16.142057,52,5113.77448
-15.381569,47,5114.350609
-22.882858,179,5116.483836
-35.704463,500,5135.747547
-41.883499,500,5141.535708
-27.746516,241,5144.348034
-22.231541,184,5146.448659
-34.567023,500,5152.264948
-7.778215,41,5152.738737
-64.456388,500,5158.513119
-152.752403,401,5163.158405
-51.735781,126,5164.636875
-6.792538,37,5165.077311
-8.95146,41,5165.58501
-9.516578,50,5166.16093
-12.090893,55,5166.80132
-48.36698,500,5172.666696
-36.923938,500,5178.451082
-11.149162,50,5179.029605
-11.962227,159,5180.891483
-14.410061,48,5181.439053
-32.700709,316,5185.130852
-15.937995,51,5185.73167
-53.34604,500,5191.603393
-33.488949,493,5204.437885
-28.45817,127,5205.896158
-12.466787,72,5206.725066
-8.167827,36,5207.142968
-5.667405,59,5207.833203
-53.872912,467,5213.267304
-147.462475,307,5216.793828
-16.150795,48,5217.382026
-15.727638,49,5217.963536
-13.872751,62,5218.749527
-38.431433,251,5221.874393
-42.606626,500,5227.954729
-16.530334,52,5228.61835
-8.177065,36,5229.05224
-12.80279,47,5229.613803
-14.669687,56,5230.290072
-15.408973,51,5230.907533
-3.432554,9,5231.014265
-14.697628,85,5232.060589
-9.882167,41,5232.572003
-18.838065,78,5233.498631
-5.944659,32,5233.885127
-231.803221,500,5239.953631
-16.482968,118,5241.381659
-23.563496,76,5242.285323
-9.928926,38,5242.750005
-3.617588,9,5242.858728
-16.303944,60,5243.578434
-13.174701,59,5244.281587
-52.289434,500,5250.339398
-50.198655,500,5256.366184
-3.588245,9,5256.474879
-15.066812,48,5257.054825
-61.070227,458,5267.966259
-12.570679,69,5268.795678
-14.456708,49,5269.360745
-10.757968,69,5270.175984
-37.339956,366,5274.423234
-4.191204,28,5274.742417
-16.128145,56,5275.400942
-30.885601,345,5279.431249
-17.191013,142,5281.086564
-39.710359,500,5286.897673
-78.596924,500,5292.78015
-10.466663,49,5293.381887
-12.839057,49,5293.962514
-10.404958,58,5294.675686
-15.456409,55,5295.347966
-11.294143,46,5295.89119
-39.099466,500,5301.919175
-30.548363,500,5307.961138
-12.123977,49,5308.555715
-14.94701,88,5309.604057
-17.502884,61,5310.327176
-52.533603,500,5316.359987
-15.830549,112,5317.705011
-11.412617,60,5318.416837
-8.012862,56,5319.094654
-14.930231,41,5319.619627
-17.313247,96,5320.790632
-18.049546,56,5321.465279
-21.55769,146,5323.23737
-46.353317,500,5334.162247
-18.250676,67,5334.962836
-50.516717,500,5340.738449
-11.20154,73,5341.58884
-13.31381,56,5342.285029
-12.615981,50,5342.86076
-3.986793,27,5343.167998
-8.705956,56,5343.826013
-15.942622,83,5344.777423
-64.077106,500,5350.589886
-11.660603,47,5351.126498
-9.431163,79,5352.047481
-44.20531,500,5357.88274
-16.893325,103,5359.149332
-15.985074,57,5359.882935
-18.839028,54,5360.565523
-11.214318,53,5361.203891
-5.133645,32,5361.613779
-18.635951,67,5362.449477
-77.082329,500,5368.488821
-50.90957,500,5374.517403
-20.641944,156,5376.390625
-45.998584,500,5382.424459
-13.282647,161,5384.34144
-14.654082,89,5385.423363
-31.428978,275,5388.797866
-16.523243,56,5389.478154
-13.18961,60,5396.096426
-9.413291,45,5396.629481
-17.553711,56,5397.275553
-15.494414,52,5397.870428
-12.586068,56,5398.518799
-18.067955,134,5400.056253
-17.920061,103,5401.278119
-11.789305,44,5401.798429
-8.238869,41,5402.276675
-12.254404,55,5402.908528
-45.678922,500,5408.702224
-31.823759,250,5411.559088
-16.467209,106,5412.778178
-4.460347,29,5413.111328
-15.127684,72,5413.937506
-71.38599,371,5418.269399
-9.746994,33,5418.65487
-11.206526,48,5419.214561
-13.719982,50,5419.785377
-44.254294,496,5425.544881
-8.216108,44,5426.066896
-11.780607,51,5426.657359
-27.512626,194,5428.919571
-7.257925,37,5429.349869
-12.060771,60,5430.054067
-10.336379,72,5430.924305
-46.508921,500,5436.679378
-10.293093,41,5437.157179
-20.892725,78,5438.068595
-20.094039,81,5439.030136
-7.008227,56,5439.686038
-12.464367,50,5440.257578
-15.238866,57,5440.927586
-39.477888,500,5446.72796
-18.491858,54,5447.351395
-7.173491,14,5447.514976
-42.409685,500,5453.238737
-15.601181,63,5462.000137
-49.946254,500,5468.164151
-43.976945,500,5474.216908
-46.319065,467,5479.868018
-14.295997,112,5481.213508
-21.041618,85,5482.221359
-14.382768,49,5482.8219
-22.165238,197,5485.219076
-26.600671,199,5487.638412
-53.735091,500,5493.686972
-9.957509,38,5494.145755
-6.399779,50,5494.748462
-16.782975,91,5495.842293
-41.122229,474,5501.564798
-36.523981,500,5507.641413
-16.681575,190,5509.912583
-22.309354,119,5511.33561
-13.535058,81,5512.303079
-12.059207,58,5512.99305
-12.840939,51,5513.606459
-15.939977,57,5514.306883
-13.390195,63,5515.066358
-8.607773,61,5515.821373
-11.536609,47,5516.398876
-11.710932,69,5517.226228
-11.128063,76,5518.16933
-8.886785,40,5518.679009
-16.507792,85,5519.763278
-8.823404,44,5520.288915
-22.290587,189,5531.844983
-10.792289,82,5532.824426
-68.734381,500,5538.621919
-10.472888,40,5539.083648
-9.182117,42,5539.581398
-17.899377,140,5541.213072
-17.652524,133,5542.749066
-13.15311,51,5543.33757
-9.225355,47,5543.917897
-20.048838,99,5545.074291
-8.216121,16,5545.258815
-16.06081,53,5545.872253
-6.406897,13,5546.040366
-8.991119,46,5546.562337
-11.071899,47,5547.122239
-36.327258,500,5552.940668
-46.561891,293,5556.29698
-20.170988,108,5557.539223
-13.794158,52,5558.145982
-16.768129,54,5558.815248
-9.162587,39,5559.26475
-13.409324,90,5560.314031
-26.918902,51,5560.90353
-13.466422,64,5561.634842
-12.575765,49,5562.200377
-12.419314,51,5562.78866
-11.600822,66,5563.546702
-8.789616,43,5564.044342
-18.203129,102,5565.217923
-11.293371,61,5565.941877
-16.639307,164,5567.814643
-11.396219,45,5568.330737
-12.125527,88,5569.338237
-14.903106,52,5569.927871
-10.408905,20,5570.161713
-16.494802,54,5570.786124
-11.300402,66,5571.546114
-92.533705,500,5577.305024
-46.307481,500,5583.082392
-11.726906,54,5583.712762
-15.768505,87,5584.716757
-11.437614,45,5585.235413
-29.434209,413,5597.222565
-34.978593,304,5600.634663
-12.456802,63,5601.409556
-13.427669,51,5602.064503
-7.256567,36,5602.564249
-36.341846,322,5606.443106
-6.561109,61,5607.195872
-16.188187,81,5608.163369
-9.178402,18,5608.387758
-26.505979,285,5611.845308
-11.4766,74,5612.733621
-10.107643,74,5613.625976
-14.788095,63,5614.382345
-8.021247,35,5614.796534
-22.150543,96,5615.937805
-12.409196,51,5616.547196
-18.172815,60,5617.308828
-5.051649,31,5617.681891
-13.091282,49,5618.271662
-69.123329,500,5624.267448
-15.502564,91,5625.382458
-37.626337,500,5631.411407
-33.783039,206,5633.939708
-58.128584,423,5639.047191
-5.971528,50,5639.653215
-44.512387,500,5645.725124
-31.4857,303,5649.396041
-17.933312,62,5650.136707
-15.498006,53,5650.773662
-28.515241,306,5654.444324
-13.339388,50,5655.079707
-43.839184,392,5667.333015
-12.429577,50,5667.915548
-10.971569,61,5668.626733
-16.744378,111,5669.905793
-15.779465,60,5670.628259
-8.723723,62,5671.342384
-18.032226,65,5672.081469
-13.607183,47,5672.636653
-12.473738,85,5673.614726
-40.937006,500,5679.427536
-9.963771,43,5679.922283
-15.822646,53,5680.540905
-12.010746,47,5681.085522
-11.086031,39,5681.533333
-34.002779,245,5684.362905
-54.37394,500,5690.135523
-14.491393,51,5690.724966
-12.768471,51,5691.307529
-19.091497,105,5692.563389
-8.901449,39,5693.023169
-14.737999,53,5693.633889
-13.766793,56,5694.280303
-18.43912,79,5695.200123
-2.831364,23,5695.475414
-12.127451,53,5696.080395
-15.7454,75,5696.959849
-10.238436,69,5697.755791
-9.405895,53,5698.366997
-34.887314,500,5704.176057
-9.745959,38,5704.615515
-16.585156,113,5705.945291
-15.770972,58,5706.620163
-14.718567,129,5708.134042
-39.04024,211,5710.560235
-11.678795,64,5711.291831
-28.927304,200,5713.5903
-22.179,134,5715.162946
-12.848167,46,5715.69618
-17.846165,63,5716.426433
-27.09588,226,5719.027684
-20.539367,136,5720.581345
-27.031494,215,5728.531738
-18.868495,70,5729.299153
-44.322362,389,5733.721705
-14.85005,54,5734.347755
-14.572275,67,5735.119564
-44.053058,500,5740.899873
-31.349183,231,5743.575006
-44.924674,271,5746.764054
-13.669502,57,5747.41887
-19.773621,121,5748.813657
-10.983092,60,5749.510242
-9.956552,68,5750.285559
-16.303677,87,5751.298301
-11.82413,61,5751.999829
-13.481746,49,5752.589899
-57.789737,398,5757.336905
-12.795457,50,5757.936323
-17.892082,58,5758.626016
-76.275531,500,5764.814169
-11.934206,63,5765.593539
-12.052805,54,5766.266822
-10.17456,71,5767.11822
-23.099193,176,5769.263431
-9.652114,53,5769.891873
-6.346376,34,5770.300285
-14.406342,88,5771.362465
-18.905071,117,5772.770536
-70.544423,500,5778.820674
-31.733521,152,5780.646692
-15.813643,77,5781.573951
-19.474004,67,5782.411368
-10.408493,47,5782.98189
-18.833143,95,5784.122189
-10.505016,62,5784.8601
-61.157352,500,5797.488755
-9.576694,60,5798.222375
-18.072823,84,5799.192228
-47.115818,500,5804.946338
-14.888579,47,5805.489527
-70.470955,500,5811.270279
-13.726926,115,5812.620327
-13.382249,58,5813.287186
-13.829428,78,5814.222115
-7.416063,71,5815.039616
-16.497721,56,5815.688874
-34.093637,283,5818.969901
-19.473056,95,5820.063828
-25.294467,195,5822.324277
-50.30367,500,5828.089932
-8.383964,41,5828.611557
-17.877097,122,5830.065349
-63.41787,500,5836.113024
-9.026192,37,5836.55986
-31.818663,217,5839.166425
-9.494176,45,5839.700476
-44.434065,500,5845.710514
-11.235261,64,5846.481873
-9.484289,38,5846.938664
-15.604326,85,5847.958764
-16.876401,60,5848.688398
-17.293348,53,5849.335998
-4.173189,12,5849.478272
-34.882809,123,5850.939882
-20.964864,95,5852.117945
-17.071872,100,5859.568002
-51.657997,500,5865.414545
-14.877932,86,5866.407943
-59.714046,500,5872.194754
-15.719812,55,5872.825097
-55.513391,500,5878.635029
-38.34079,423,5883.535928
-17.234317,95,5884.622109
-12.382328,49,5885.185654
-43.311368,500,5891.025521
-8.76122,36,5891.438477
-24.242362,150,5893.173151
-18.748697,95,5894.281979
-16.408166,75,5895.149882
-25.569842,167,5897.10782
-16.677099,82,5898.069328
-12.296017,46,5898.603443
-15.999136,169,5900.545025
-25.803139,286,5903.880788
-14.073869,52,5904.476246
-17.847888,81,5905.408064
-36.783252,202,5907.743796
-12.054358,50,5908.327132
-7.232149,44,5908.830908
-10.864776,52,5909.431733
-8.419431,35,5909.831697
-9.484951,37,5910.259026
-14.109616,57,5910.940285
-14.927434,53,5911.553806
-53.931001,500,5917.304096
-17.06254,58,5926.574983
-16.541059,53,5927.186585
-8.296469,40,5927.651376
-61.173337,500,5933.416352
-66.457568,500,5939.236892
-33.485402,306,5942.803025
-58.445513,500,5948.624106
-18.630382,101,5949.802091
-9.08794,34,5950.193079
-10.444699,69,5950.980622
-10.320592,41,5951.452972
-16.903035,57,5952.109247
-13.226261,51,5952.702387
-9.694391,38,5953.140282
-8.673254,44,5953.656336
-18.44142,162,5955.541191
-18.554866,136,5957.148672
-23.519614,169,5959.098955
-9.439607,76,5959.989868
-41.953494,500,5965.912066
-10.542831,52,5966.544816
-10.91964,76,5967.491492
-15.826037,78,5968.431263
-15.607712,53,5969.06972
-7.690646,34,5969.47795
-53.610506,500,5975.506858
-39.291137,500,5981.626396
-10.899596,43,5982.146019
-7.713526,46,5982.695582
-21.750806,205,5990.590905
-60.209445,500,5996.340184
-39.251555,324,6000.099517
-12.034607,47,6000.639112
-44.342988,500,6006.442399
-35.071517,500,6012.532338
-14.13945,114,6013.890409
-31.774107,151,6015.7141
-8.389733,34,6016.125006
-14.731194,52,6016.747417
-20.817569,69,6017.621153
-12.201203,49,6018.209066
-10.131606,55,6018.864953
-14.697786,48,6019.441461
-18.920834,76,6020.359236
-18.280551,82,6021.340373
-19.12982,165,6023.317575
-12.216132,69,6024.155372
-16.410608,48,6024.7554
-5.316126,28,6025.091524
-23.042772,251,6028.131898
-14.536389,56,6028.804152
-12.100244,48,6029.366698
-7.847899,46,6029.93056
-14.869498,103,6031.180812
-20.601534,112,6032.576384
-10.349632,45,6033.114026
-26.833176,185,6035.350863
-46.565229,425,6040.518272
-11.420368,42,6041.027946
-5.493364,33,6041.425021
-48.100626,500,6047.459644
-40.857966,263,6055.63408
-42.559688,500,6061.312449
-38.611359,500,6067.300451
-88.840926,500,6073.35032
-20.821005,158,6075.233439
-7.189042,20,6075.479831
-13.585345,95,6076.622242
-15.284903,105,6077.915766
-12.112687,81,6078.893308
-79.429484,500,6084.894326
-30.492598,227,6087.666955
-7.058022,14,6087.837483
-8.723765,41,6088.329233
-13.294451,53,6088.956289
-13.431012,50,6089.560742
-21.997891,74,6090.454843
-7.593409,39,6090.920315
-51.993983,500,6097.000883
-79.626657,500,6103.056748
-10.405523,44,6103.589396
-11.501214,42,6104.083464
-11.675853,61,6104.818093
-55.469895,500,6110.858535
-14.594052,148,6112.649348
-9.968564,47,6113.214912
-28.241422,171,6115.310683
-7.074316,39,6125.472699
-22.949204,156,6127.276105
-45.48319,500,6133.078786
-4.602563,30,6133.423917
-12.817922,44,6133.934114
-22.266361,121,6135.322161
-12.615125,49,6135.889715
-9.911831,56,6136.553606
-16.527051,120,6137.935026
-13.954953,58,6138.640987
-27.576466,140,6140.248728
-18.742461,69,6141.043868
-21.072918,107,6142.274245
-10.472596,41,6142.737014
-54.334317,500,6148.542934
-11.18547,47,6149.090515
-7.095376,35,6149.501479
-20.297334,117,6150.856529
-20.879907,77,6151.732175
-27.887595,185,6153.894178
-21.922948,183,6156.019534
-19.668963,163,6157.891543
-14.466035,73,6158.727377
-31.355046,210,6161.197921
-8.054859,37,6161.648104
-44.721156,500,6167.654699
-39.933706,500,6173.693649
-16.97871,53,6174.330998
-11.984328,47,6174.908072
-7.232841,36,6175.337958
-13.047791,54,6175.983256
-11.032799,79,6176.9596
-9.820062,48,6177.544289
-41.860706,500,6183.609865
-12.746425,38,6189.747369
-23.512041,128,6191.22252
-30.100159,393,6195.748374
-12.592477,27,6196.056495
-11.870094,78,6196.989331
-12.549814,65,6197.768856
-11.219656,68,6198.585372
-45.213518,500,6204.57918
-12.512132,58,6205.264686
-26.51921,104,6206.588669
-18.084927,122,6208.12622
-13.471371,51,6208.77152
-13.97787,54,6209.44986
-16.364578,51,6210.060308
-19.912297,84,6211.072221
-7.66471,36,6211.515199
-17.38692,85,6212.562185
-10.361992,48,6213.133994
-13.70749,49,6213.716098
-14.370862,54,6214.359683
-29.530222,229,6217.105241
-16.82056,43,6217.627275
-48.848356,500,6223.653777
-14.040261,81,6224.644213
-14.34843,89,6225.71763
-46.256435,395,6230.503626
-8.266796,35,6230.92756
-17.074268,52,6231.539168
-11.964689,82,6232.530979
-19.473591,83,6233.524517
-13.04223,64,6234.287467
-17.951358,71,6235.143775
-14.168978,46,6235.727293
-28.163495,209,6238.23275
-25.768033,203,6240.669189
-12.365978,77,6241.5912
-18.286878,162,6243.574487
-39.464565,500,6249.585732
-20.666841,92,6256.630712
-15.19322,81,6257.563704
-4.382703,26,6257.869917
-13.131733,49,6258.439411
-6.628142,13,6258.587028
-18.071798,104,6259.795927
-51.509365,281,6263.076935
-16.934705,57,6263.749506
-31.934409,131,6265.263337
-54.693725,500,6271.080461
-18.488276,86,6272.064905
-44.114765,500,6277.836922
-14.998979,74,6278.687033
-8.168322,35,6279.094003
-9.039261,42,6279.580072
-16.096488,99,6280.728097
-8.214533,39,6281.176934
-53.388622,500,6286.967283
-17.705522,115,6288.290411
-10.283587,68,6289.073383
-8.79586,64,6289.84233
-15.853305,75,6290.706665
-105.534887,500,6296.511805
-10.267475,42,6296.997546
-18.102683,64,6297.733075
-15.975426,52,6298.346432
-16.585007,77,6299.241138
-16.23222,56,6299.915229
-13.829364,58,6300.594222
-9.474029,77,6301.479957
-18.826244,80,6302.41736
-48.848548,500,6308.198823
-14.365922,50,6308.776325
-60.654521,500,6320.810322
-16.810118,55,6321.435668
-18.43475,59,6322.114671
-15.695137,83,6323.105687
-9.799925,41,6323.590152
-10.859789,83,6324.560193
-70.323068,500,6330.533019
-13.341857,48,6331.115934
-16.675674,81,6332.090248
-47.720242,309,6335.828168
-6.940005,37,6336.262557
-12.680745,53,6336.902763
-14.788584,51,6337.516178
-85.38883,500,6343.551413
-13.017766,73,6344.443287
-71.396105,476,6350.20437
-16.229508,119,6351.620731
-11.46459,48,6352.184947
-19.700343,161,6354.160222
-12.449767,47,6354.728069
-11.410204,57,6355.411299
-19.225316,70,6356.245167
-49.957151,500,6362.283675
-9.351654,73,6363.151843
-21.257225,87,6364.189899
-27.434376,192,6366.502714
-59.858855,500,6372.558521
-9.413367,23,6372.835779
-20.775271,74,6373.713357
-11.339796,46,6374.258943
-7.753716,26,6374.579113
-15.417667,99,6375.768958
-19.743526,156,6377.661293
-37.095191,213,6387.132837
-14.29958,50,6387.716332
-38.378634,457,6392.963155
-8.543735,31,6393.316748
-19.681727,109,6394.582466
-34.068423,378,6398.955661
-24.826276,100,6400.153046
-9.360559,43,6400.671674
-10.783178,41,6401.141012
-16.94747,55,6401.772949
-10.456889,81,6402.704598
-6.841077,52,6403.307196
-8.940718,36,6403.727107
-16.824491,172,6405.726324
-12.644589,84,6406.693441
-65.848975,500,6412.468042
-23.970452,161,6414.313948
-44.615808,500,6420.119788
-17.739494,61,6420.820872
-18.441546,57,6421.474172
-50.881254,500,6427.300273
-19.501238,125,6428.737081
-11.257985,55,6429.371438
-12.896349,35,6429.812295
-49.476116,500,6435.586043
-4.663835,51,6436.167965
-15.943427,49,6436.731529
-14.34414,50,6437.351165
-42.810867,416,6442.109607
-17.293933,56,6442.754906
-13.140481,64,6443.498008
-11.995771,40,6443.967793
-17.172586,137,6454.002857
-57.799436,262,6457.04335
-107.257293,500,6462.844049
-12.07602,28,6463.167217
-11.402997,143,6464.813296
-17.49768,56,6465.467449
-21.340435,112,6466.776116
-15.746517,79,6467.68803
-14.499739,56,6468.369269
-19.851415,143,6470.010875
-11.001045,40,6470.473085
-49.020441,500,6476.289821
-6.660399,31,6476.643879
-7.711625,19,6476.862342
-36.24933,187,6479.013672
-11.370385,32,6479.378293
-11.371832,66,6480.156861
-28.84361,251,6483.118224
-13.550357,62,6483.822686
-23.108032,137,6485.419732
-20.252155,78,6486.320399
-10.008883,44,6486.843441
-9.704911,58,6487.511962
-14.369447,40,6487.970815
-16.172594,134,6489.532491
-11.611483,73,6490.434147
-50.988166,500,6496.564771
-9.113745,49,6497.162234
-11.02169,77,6498.118141
-12.008566,45,6498.666524
-99.481361,500,6504.680838
-27.938183,299,6508.306164
-8.069233,37,6508.759452
-10.034423,40,6509.237231
-81.323552,500,6521.710709
-9.119648,42,6522.203421
-72.341925,209,6524.625733
-17.5192,53,6525.238106
-10.457152,49,6525.804655
-12.928712,74,6526.656132
-17.596655,177,6528.707329
-16.094077,152,6530.498452
-68.123674,500,6536.288672
-7.41985,38,6536.76343
-17.195203,106,6537.979753
-11.333097,45,6538.501347
-11.015256,82,6539.439359
-14.052413,55,6540.067754
-9.700058,43,6540.576828
-84.03089,500,6546.426226
-9.648987,46,6546.958937
-58.090974,500,6552.77333
-28.027965,214,6555.236856
-10.489267,49,6555.813986
-12.202607,141,6557.427716
-63.665658,500,6563.188989
-72.806186,500,6569.187673
-43.07101,500,6575.263054
-19.190693,201,6583.642443
-48.314281,500,6589.455141
-20.734993,128,6590.951416
-6.693971,75,6591.811844
-9.85794,84,6592.7792
-5.948186,55,6593.404157
-118.241338,500,6599.214241
-16.135115,58,6599.873522
-16.684192,78,6600.7839
-13.839226,58,6601.44916
-12.982822,48,6601.993761
-16.314924,98,6603.127707
-9.763155,22,6603.375237
-64.754686,500,6609.167465
-14.160417,107,6610.394475
-24.91043,289,6613.851488
-61.296035,500,6619.922688
-13.676482,56,6620.626816
-22.000451,101,6621.839284
-15.925306,57,6622.522612
-13.885162,54,6623.182405
-20.1777,98,6624.36893
-22.849714,139,6626.04086
-44.231198,500,6632.079542
-14.196548,107,6633.367187
-28.752533,259,6636.51748
-72.896787,500,6642.517388
-12.576143,78,6650.166403
-58.311453,500,6656.210996
-13.612201,49,6656.808409
-13.198639,76,6657.737352
-9.813401,46,6658.290876
-11.835249,42,6658.807067
-12.775201,69,6659.673027
-5.328631,32,6660.06201
-9.223534,63,6660.832626
-28.07884,244,6663.791652
-18.905738,106,6665.066345
-11.178904,62,6665.812611
-50.143765,500,6671.871454
-54.815522,500,6677.875968
-51.071815,500,6683.91622
-47.215167,500,6690.025054
-8.308802,40,6690.503954
-13.728365,36,6690.94483
-8.405129,44,6691.475414
-8.001217,16,6691.670901
-11.327946,41,6692.156202
-10.018755,46,6692.704342
-11.81804,44,6693.224985
-82.313425,491,6699.228159
-11.514779,46,6699.78867
-5.226737,33,6700.187628
-15.390155,54,6700.842941
-14.420585,50,6701.455235
-16.860528,57,6702.13725
-13.927768,51,6702.746124
-11.181715,52,6703.374485
-9.141823,18,6703.584937
-11.582942,43,6704.102552
-55.844817,500,6714.938928
-14.780361,71,6715.800712
-40.599033,500,6721.614044
-12.020811,62,6722.329096
-9.962781,24,6722.599413
-9.332913,45,6723.137998
-50.021094,335,6727.026569
-7.429015,23,6727.285894
-11.352379,49,6727.849096
-12.351391,100,6729.031388
-37.626835,500,6734.828435
-23.404275,161,6736.719882
-4.470003,8,6736.813012
-10.204304,44,6737.326638
-16.964058,112,6738.611303
-17.076075,64,6739.365589
-12.037361,82,6740.312016
-18.832996,85,6741.303497
-8.685376,41,6741.769255
-8.460657,40,6742.23404
-12.741157,48,6742.784066
-21.800496,145,6744.493158
-14.0668,64,6745.243225
-45.363129,500,6751.010993
-11.405991,47,6751.583064
-4.737097,46,6752.110363
-6.355176,22,6752.363677
-17.27181,63,6753.080554
-13.214842,71,6753.903427
-9.623665,45,6754.417422
-19.506147,68,6755.202987
-6.127921,35,6755.616078
-63.696805,334,6759.497132
-13.038807,56,6760.139889
-8.409982,68,6760.92087
-9.374431,45,6761.449496
-8.322409,44,6761.954169
-9.976035,39,6762.394021
-7.415543,61,6763.098104
-21.737535,68,6763.894058
-50.043821,500,6769.67585
-29.39711,197,6771.963009
-23.121034,105,6781.073482
-43.441973,500,6786.776405
-32.31855,311,6790.436705
-42.140106,500,6796.254925
-10.674006,81,6797.207757
-9.390362,41,6797.681519
-9.408362,19,6797.895073
-9.720245,45,6798.428578
-8.874036,15,6798.596145
-19.384051,157,6800.425764
-14.644606,89,6801.450061
-12.261086,53,6802.048496
-11.374719,43,6802.546219
-9.068046,41,6803.017189
-12.524935,48,6803.567512
-17.150438,122,6805.063722
-19.086061,119,6806.511135
-17.450984,73,6807.461653
-10.433252,43,6808.033268
-12.756843,51,6808.665899
-16.157161,44,6809.219185
-13.414629,79,6810.182199
-8.817657,39,6810.648554
-48.743901,500,6816.931247
-51.811071,500,6822.989944
-10.751993,22,6823.254282
-10.814178,41,6823.745967
-13.196111,89,6824.813008
-23.238867,95,6825.94891
-12.433622,44,6826.493644
-18.305703,64,6827.287132
-18.480079,61,6828.032341
-16.648983,59,6828.739132
-10.850607,69,6829.561007
-10.495338,46,6830.114537
-4.081804,41,6830.61024
-9.316106,57,6831.318229
-28.195522,226,6834.031792
-8.577177,41,6834.530864
-11.696429,107,6835.864017
-20.970132,115,6837.256798
-13.218915,68,6838.081743
-12.994038,104,6839.333565
-17.595318,91,6840.428176
-6.630216,43,6847.90286
-55.896977,500,6853.766922
-12.089508,48,6854.322469
-12.484766,109,6855.62872
-11.818894,44,6856.189209
-13.720294,87,6857.250458
-16.877417,99,6858.488197
-14.528846,98,6859.699541
-11.002183,118,6861.108716
-8.771033,37,6861.568489
-10.242045,39,6862.033689
-9.437929,42,6862.532739
-18.080544,62,6863.264415
-12.657839,79,6864.22627
-10.808071,112,6865.570403
-11.240428,47,6866.153848
-10.606801,46,6866.709882
-17.262872,119,6868.15242
-10.683436,84,6869.147865
-13.47741,54,6869.805443
-16.183573,46,6870.353011
-18.128457,108,6871.652442
-11.1374,55,6872.316674
-10.954171,74,6873.212181
-14.967351,82,6874.229421
-6.640435,39,6874.707171
-49.54919,500,6880.709034
-16.237942,52,6881.362355
-11.988597,86,6882.398625
-7.260159,38,6882.850473
-15.377019,52,6883.470542
-54.852619,500,6889.592592
-8.029669,36,6890.026429
-14.148611,55,6890.686011
-11.460899,51,6891.309379
-17.0984,110,6892.630405
-25.763879,150,6894.437369
-11.301869,41,6894.921673
-47.628723,500,6900.957146
-6.728067,34,6901.368072
-10.688542,47,6901.94002
-8.405674,55,6902.615525
-12.536293,76,6903.531598
-6.214694,62,6904.318907
-52.966487,500,6918.317338
-30.675003,251,6921.226692
-11.396139,41,6921.698429
-6.875223,37,6922.124315
-20.726873,159,6923.968743
-10.675292,40,6924.430505
-9.350372,19,6924.650901
-6.085711,47,6925.209816
-13.154768,51,6925.801263
-9.691506,43,6926.300555
-33.803337,297,6930.01273
-13.090283,50,6930.637587
-12.81329,50,6931.244848
-19.65132,108,6932.547435
-9.626683,43,6933.079357
-13.454291,54,6933.729699
-9.717061,39,6934.197457
-46.641502,500,6940.266208
-6.892029,55,6940.922761
-48.380826,500,6946.963799
-9.82152,41,6947.46763
-16.813846,76,6948.395215
-15.411412,52,6949.028493
-13.24824,47,6949.605012
-10.07119,44,6950.127619
-5.333619,32,6950.506436
-12.354187,51,6951.146048
-16.426327,54,6951.798584
-10.272174,42,6952.31025
-11.317082,50,6952.908678
-11.428328,53,6953.553516
-46.754321,500,6959.632736
-8.525568,51,6960.243088
-10.207094,39,6960.718844
-8.320356,36,6961.153708
-53.260457,403,6966.09146
-13.507282,47,6966.658308
-7.651341,49,6967.241783
-10.308202,48,6967.818244
-60.473452,412,6972.746126
-18.865859,108,6974.073426
-14.841425,94,6975.220301
-9.549121,47,6975.789781
-4.867076,31,6976.173212
-6.195872,31,6982.419601
-44.544457,500,6988.223916
-10.795148,63,6988.941069
-12.065547,50,6989.554133
-64.788644,500,6995.338781
-46.924702,500,7001.180244
-5.804175,11,7001.312897
-16.375169,92,7002.374272
-11.286,47,7002.933586
-14.206472,166,7004.887838
-6.914021,35,7005.292779
-3.602547,25,7005.579025
-4.351356,31,7005.941055
-34.707291,500,7011.724595
-9.643488,43,7012.215289
-8.949669,38,7012.677752
-18.668047,103,7013.859093
-13.961108,56,7014.508095
-8.716127,37,7014.934514
-28.220164,222,7017.495442
-22.955323,151,7019.239912
-13.454252,56,7019.877221
-16.998476,56,7020.559437
-8.446889,41,7021.038186
-46.329543,500,7026.814366
-9.870777,39,7027.285837
-46.408371,500,7033.138546
-13.780174,52,7033.74582
-15.503131,60,7034.430205
-13.507158,89,7035.448434
-14.831181,55,7036.119648
-8.847161,43,7036.619524
-17.785287,57,7037.2788
-9.127257,51,7037.860426
-8.051642,38,7038.300251
-8.990597,43,7038.789173
-61.298408,490,7051.78507
-69.767871,500,7057.58727
-58.944854,500,7063.383693
-19.73899,99,7064.524468
-17.04765,63,7065.257237
-33.498376,449,7070.488518
-11.768605,49,7071.059429
-15.067302,52,7071.662128
-33.420763,344,7075.705701
-37.965401,197,7077.975249
-9.884182,49,7078.545757
-13.019399,46,7079.081172
-14.643045,56,7079.733915
-16.907889,57,7080.394159
-23.593088,111,7081.686991
-12.72169,65,7082.468954
-6.958117,21,7082.711287
-13.494941,87,7083.711335
-27.357754,222,7086.299092
-9.054364,54,7086.922273
-58.720681,266,7090.024524
-5.938514,37,7090.461353
-14.922388,125,7091.927467
-12.537368,52,7092.536586
-10.330647,42,7093.026448
-5.964918,16,7093.211962
-10.892603,58,7093.876226
-17.105838,61,7094.619361
-12.956317,66,7095.382291
-10.859796,49,7095.947486
-11.577249,71,7096.771259
-19.079023,63,7097.584659
-9.745491,44,7098.113453
-9.504949,61,7098.850851
-6.218584,35,7099.247787
-10.219539,50,7099.832258
-4.99987,13,7099.987851
-38.274595,300,7103.472152
-2.781593,22,7103.720502
-16.095506,57,7104.376188
-9.817772,54,7105.040425
-6.969823,36,7105.478827
-23.028009,82,7114.716756
-59.542215,500,7120.36995
-16.328308,82,7121.34908
-30.691376,202,7123.686111
-7.494632,39,7124.133312
-5.87901,10,7124.24502
-7.756575,23,7124.504348
-9.71233,38,7124.944921
-40.622021,445,7130.134474
-5.307129,10,7130.251194
-4.706463,33,7130.631041
-8.115054,36,7131.045208
-18.139008,138,7132.645133
-11.520321,45,7133.159641
-14.078238,56,7133.807564
-10.789235,54,7134.422549
-4.883617,30,7134.763987
-19.3171,76,7135.643683
-14.362817,51,7136.231276
-33.138016,500,7142.195067
-24.575667,197,7144.598415
-9.360308,51,7145.20483
-14.674461,54,7145.869092
-2.85985,22,7146.13326
-15.560102,78,7147.065329
-43.31706,500,7153.15949
-10.47082,55,7153.833572
-9.739358,45,7154.370163
-19.504452,76,7155.278255
-14.550776,62,7156.030319
-14.756945,47,7156.592242
-13.592615,51,7157.198349
-23.387777,166,7159.211028
-2.461518,20,7159.455424
-11.938531,48,7160.042176
-12.854628,98,7161.223361
-5.528711,14,7161.395903
-10.45734,41,7161.898466
-11.10814,50,7162.504265
-13.618582,50,7163.120763
-18.743408,62,7163.875759
-8.662602,38,7164.334588
-10.043008,43,7164.851287
-16.110699,107,7166.142156
-5.546608,48,7166.710282
-52.924403,354,7170.996122
-8.601837,56,7171.67504
-9.757383,40,7172.161525
-9.596142,56,7172.826022
-21.460185,96,7180.871054
-10.994091,47,7181.424589
-8.606609,38,7181.864467
-40.19627,500,7187.844084
-12.081365,79,7188.802432
-21.480749,103,7190.043332
-9.619327,59,7190.755901
-48.510917,500,7196.844295
-9.897573,44,7197.367571
-7.654208,37,7197.808389
-22.843558,116,7199.193167
-39.562636,428,7204.367991
-23.466444,137,7206.021915
-27.631525,258,7209.184955
-115.537851,500,7215.262452
-14.495183,54,7215.917154
-44.37434,418,7221.110978
-11.565706,53,7221.766094
-13.734545,50,7222.367492
-10.941694,41,7222.890127
-7.955756,42,7223.403297
-11.471932,49,7223.994448
-16.35374,51,7224.624775
-12.222728,60,7225.364396
-9.619282,39,7225.833198
-40.283584,388,7230.606976
-13.14271,61,7231.337161
-10.967059,83,7232.335411
-6.368698,13,7232.487183
-10.935552,90,7233.58359
-16.6702,61,7234.320907
-47.542406,446,7239.748644
-33.467382,349,7249.545587
-5.564436,13,7249.6932
-53.699994,500,7255.477968
-4.703437,30,7255.822158
-24.260755,170,7257.797467
-10.870174,50,7258.382076
-30.882099,218,7260.903651
-9.769205,42,7261.394392
-10.819361,63,7262.13564
-18.552381,73,7263.026281
-48.252781,294,7266.724792
-40.323044,500,7272.811569
-15.531629,51,7273.425938
-13.050419,60,7274.146
-18.060584,72,7275.01199
-9.992473,43,7275.533626
-49.468445,500,7281.576338
-8.898948,39,7282.055731
-20.258941,100,7283.26812
-25.037245,167,7285.268558
-5.358972,10,7285.383766
-19.826433,134,7287.079808
-7.565781,36,7287.518157
-14.839299,74,7288.424286
-40.05174,500,7294.451426
-6.9296,51,7295.060209
-22.889212,149,7296.881722
-48.576264,500,7302.956793
-36.634667,386,7312.542262
-7.819293,15,7312.711665
-14.416881,92,7313.799787
-10.415269,40,7314.266052
-19.181385,92,7315.332664
-9.943363,44,7315.845324
-13.340051,47,7316.383196
-15.681831,55,7317.025581
-9.289555,38,7317.470775
-20.691841,123,7318.943129
-44.716536,500,7324.748874
-15.616472,99,7325.95997
-12.40175,134,7327.533055
-50.82208,500,7333.371225
-9.442784,50,7333.944316
-9.652105,63,7334.680825
-40.861578,395,7339.240847
-16.386869,57,7339.898104
-7.113306,17,7340.099554
-14.387049,51,7340.686283
-76.520925,500,7346.514198
-16.669138,57,7347.182632
-59.27993,500,7353.030353
-10.676355,44,7353.54598
-10.900361,41,7354.018744
-13.476705,60,7354.710963
-9.210919,42,7355.192704
-45.583031,500,7360.990219
-16.830805,89,7362.027811
-14.647562,147,7363.744025
-13.153239,51,7364.366665
-42.352479,500,7370.382923
-5.987518,11,7377.848728
-75.454592,500,7383.613839
-71.804748,500,7389.46291
-9.301631,37,7389.892923
-18.638323,69,7390.685819
-9.338461,48,7391.236514
-36.076818,253,7394.134913
-15.540824,51,7394.754566
-13.366019,56,7395.414842
-11.886596,44,7395.923483
-20.523361,78,7396.814533
-23.431451,167,7398.732496
-8.101892,16,7398.923995
-4.296411,29,7399.272449
-17.833831,103,7400.457327
-9.123509,66,7401.214736
-11.627079,50,7401.832011
-14.624164,78,7402.734541
-18.678967,62,7403.448675
-14.614219,55,7404.083984
-11.783226,46,7404.605137
-23.796512,276,7407.795625
-11.031282,77,7408.688621
-11.060352,64,7409.45332
-16.185569,57,7410.125591
-29.053296,143,7411.775879
-10.130844,65,7412.517911
-7.737211,38,7412.958053
-12.585847,49,7413.536134
-11.251625,67,7414.319698
-8.870053,38,7414.759521
-12.535072,54,7415.390871
-4.495699,40,7415.850615
-15.230805,85,7416.840137
-21.350618,120,7418.286744
-22.89945,152,7420.138013
-27.40024,259,7423.245279
-65.887714,350,7427.48046
-9.906044,61,7428.237472
-16.031947,54,7428.87877
-9.630855,38,7429.330589
-11.209269,47,7429.908381
-10.320902,61,7430.641435
-19.109685,70,7431.480798
-3.669572,28,7431.820934
-10.353092,45,7432.36367
-6.703718,33,7432.795033
-8.585888,43,7433.315054
-13.85716,87,7434.375334
-18.598734,53,7435.024072
-32.246882,340,7443.871055
-8.855069,36,7444.296971
-10.600236,72,7445.119712
-19.725621,79,7446.052724
-15.16583,53,7446.661359
-7.634422,36,7447.079813
-18.115154,61,7447.791727
-13.599354,50,7448.411444
-14.786856,54,7449.035253
-6.219782,48,7449.588807
-14.655458,49,7450.166838
-8.399711,43,7450.656559
-2.976572,23,7450.922572
-12.397317,82,7451.86728
-14.134418,118,7453.230802
-46.968656,500,7459.061342
-20.239944,54,7459.677758
-11.361947,91,7460.793916
-13.411883,102,7462.084317
-12.340538,45,7462.651246
-6.159239,32,7463.057213
-14.816381,100,7464.303144
-9.91351,47,7464.865697
-12.947371,47,7465.426207
-12.548159,49,7466.015942
-9.284086,43,7466.547581
-10.310677,42,7467.056612
-14.213409,71,7467.906415
-16.352175,150,7469.7242
-8.289102,35,7470.138118
-13.487149,105,7471.438663
-8.802678,61,7472.175682
-15.428569,52,7472.809029
-7.983979,35,7473.241544
-15.091931,48,7473.827014
-42.392564,500,7479.901395
-11.629734,56,7480.573121
-21.996641,131,7482.160266
-14.126952,50,7482.778743
-7.862617,18,7482.991159
-17.892976,64,7483.76574
-15.769092,90,7484.851227
-11.835715,43,7485.359872
-11.930871,115,7486.745568
-10.463778,49,7487.374893
-11.861646,50,7487.971752
-13.913252,65,7488.772165
-16.559846,62,7489.50624
-10.422944,46,7490.070756
-11.873592,112,7491.435923
-11.536402,45,7491.97153
-20.881171,88,7493.036579
-4.242938,28,7493.377113
-8.133104,38,7493.840567
-11.067052,44,7494.373519
-13.541575,73,7495.29218
-24.176105,148,7497.066846
-13.013326,55,7497.73027
-10.844674,56,7498.413871
-10.066521,44,7498.9495
-18.381954,72,7499.812171
-10.00496,22,7500.074038
-10.936163,53,7500.721345
-14.045411,54,7501.367763
-6.996354,14,7506.731732
-10.76435,53,7507.411263
-11.150285,47,7507.957833
-18.786326,69,7508.746164
-17.739169,65,7509.510257
-13.70252,69,7510.351603
-16.833665,63,7511.080377
-11.02949,61,7511.776579
-6.200155,57,7512.435682
-13.825822,49,7513.005207
-5.008173,32,7513.371958
-12.737909,59,7514.044161
-14.297351,55,7514.677381
-13.924855,49,7515.250945
-8.330474,18,7515.462829
-16.569145,80,7516.375579
-20.206267,176,7518.444558
-12.720868,112,7519.793467
-6.972858,16,7519.981999
-10.634052,40,7520.455748
-7.393004,15,7520.638935
-12.543206,103,7521.895611
-13.792268,47,7522.461123
-4.447687,30,7522.822197
-7.118342,46,7523.38097
-9.254818,59,7524.089108
-10.981915,47,7524.661632
-15.859442,109,7526.014041
-12.014841,26,7526.325222
-20.989022,118,7527.762106
-15.046989,56,7528.430841
-50.194266,500,7534.505269
-17.166575,81,7535.468984
-21.397817,126,7536.973449
-9.830049,51,7537.630736
-9.394058,40,7538.159344
-38.632748,480,7544.090212
-9.827607,62,7544.821412
-11.472094,52,7545.443386
-11.99576,51,7546.059792
-8.526834,48,7546.630217
-9.090902,57,7547.333338
-6.39308,31,7547.715752
-11.272506,45,7548.25035
-11.29249,45,7548.798885
-12.733968,86,7549.86948
-8.897532,37,7550.314309
-7.688884,63,7551.064094
-10.654601,73,7551.955947
-10.292323,40,7552.427676
-10.549125,45,7552.958661
-21.956521,120,7554.449729
-11.395922,82,7555.433856
-13.374443,44,7555.969422
-14.969514,66,7556.79524
-14.121763,77,7557.747797
-9.686212,45,7558.288235
-54.272053,481,7564.080417
-7.873837,36,7564.51829
-12.840542,78,7565.547084
-39.364584,500,7575.987563
-16.807099,55,7576.636096
-57.715661,500,7582.440015
-14.748021,100,7583.594003
-13.821124,46,7584.142531
-11.787202,89,7585.171863
-40.165067,500,7591.011239
-15.452086,56,7591.667513
-51.59558,500,7597.499449
-11.708617,55,7598.152657
-10.52614,91,7599.20192
-7.295579,33,7599.583211
-9.312525,20,7599.816486
-7.498724,13,7599.964123
-14.008364,76,7600.856246
-18.934836,58,7601.520474
-51.077231,500,7607.320322
-11.558354,52,7607.930687
-13.27124,45,7608.454333
-10.307643,55,7609.098148
-13.199194,57,7609.746466
-10.066012,49,7610.307994
-7.313203,66,7611.066751
-13.45667,53,7611.677148
-12.702619,47,7612.257726
-9.053989,44,7612.76542
-17.125722,50,7613.341464
-10.58775,65,7614.092487
-10.940139,42,7614.571227
-16.721057,80,7615.487176
-7.343879,39,7615.947451
-11.256628,74,7616.790239
-7.308507,53,7617.402602
-14.62452,55,7618.072222
-17.565968,196,7620.486222
-9.734281,42,7621.003859
-13.610242,55,7621.658137
-6.591229,70,7622.511427
-8.365717,75,7623.416046
-11.378262,44,7623.945707
-7.648446,37,7624.4018
-8.106373,55,7625.05109
-6.100571,13,7625.206893
-9.76031,41,7625.710396
-19.253555,71,7626.579355
-9.889058,45,7627.120548
-11.981623,78,7628.103348
-14.08091,56,7628.778584
-24.067378,147,7634.94058
-17.187511,64,7635.699512
-9.146738,57,7636.402364
-19.116947,112,7637.688486
-7.329172,42,7638.178197
-23.553172,142,7639.83659
-39.642924,500,7645.694802
-53.493341,500,7651.535915
-17.849246,60,7652.252059
-13.20191,51,7652.852253
-6.431002,38,7653.283298
-10.210479,44,7653.790397
-9.339305,43,7654.277116
-6.965972,59,7654.964332
-9.648711,18,7655.167994
-10.88228,41,7655.650423
-34.467793,178,7657.729831
-20.292742,99,7658.880801
-10.269502,66,7659.676436
-11.812828,46,7660.206219
-16.384235,76,7661.094494
-9.755121,40,7661.554457
-14.237803,144,7663.205801
-12.778205,111,7664.492232
-10.846492,44,7665.016588
-19.331146,180,7667.111712
-12.400145,45,7667.65229
-14.316081,112,7668.971579
-13.661334,61,7669.674758
-15.508687,53,7670.28965
-7.417293,38,7670.727504
-13.244281,53,7671.354342
-15.284105,54,7671.983098
-10.305796,54,7672.606761
-18.364841,62,7673.327833
-23.714988,121,7674.718966
-9.802068,40,7675.185945
-14.238816,72,7676.077804
-16.672306,51,7676.690159
-13.593969,49,7677.277614
-12.696944,54,7677.919595
-10.985868,48,7678.498045
-9.380356,62,7679.269656
-11.167951,51,7679.874667
-19.376942,92,7680.985519
-22.801373,165,7682.97179
-14.728234,55,7683.662351
-11.989523,64,7684.423749
-76.310273,500,7690.459414
-8.873068,43,7691.000554
-51.376214,259,7696.458348
-19.850102,102,7697.632627
-9.781857,44,7698.135477
-10.393494,52,7698.772229
-15.223933,50,7699.353664
-89.834261,500,7705.091846
-9.587606,38,7705.539253
-10.169187,45,7706.059165
-13.522451,75,7706.939852
-10.694702,43,7707.464472
-26.41886,186,7709.701874
-12.739028,58,7710.394028
-13.192798,136,7712.036293
-12.196766,44,7712.561035
-24.118499,103,7713.788992
-18.46521,54,7714.463132
-68.928276,470,7720.096911
-17.669131,53,7720.734277
-17.700171,57,7721.411007
-14.257333,64,7722.226769
-21.474841,89,7723.288725
-17.54203,55,7723.949183
-9.780065,46,7724.503543
-6.45288,48,7725.076535
-12.548188,89,7726.133771
-10.032359,51,7726.747829
-9.346987,29,7727.104865
-17.236218,51,7727.727781
-49.163898,500,7733.741178
-10.8873,43,7734.255793
-15.234102,82,7735.236973
-7.529927,91,7736.319203
-7.664539,22,7736.582485
-16.050846,99,7737.795445
-11.93068,44,7738.339544
-12.775141,46,7738.888529
-16.548442,62,7739.654683
-11.076205,42,7740.1552
-8.580418,38,7740.601026
-14.629234,50,7741.202779
-12.249943,50,7741.807189
-10.833469,68,7742.633851
-13.273715,53,7743.263219
-14.315245,58,7743.954178
-15.663047,79,7744.926511
-9.30248,48,7745.535659
-16.216321,90,7746.626756
-11.576525,48,7747.222219
-7.993659,51,7747.834608
-11.184358,47,7748.401116
-39.24572,500,7754.449478
-17.805619,61,7755.178143
-12.370963,51,7755.787538
-19.858908,82,7763.765481
-3.731163,27,7764.073694
-15.023888,49,7764.641058
-23.268638,105,7765.85913
-10.942398,48,7766.423674
-9.010071,40,7766.88293
-13.061827,86,7767.893035
-4.2196,37,7768.319914
-8.795953,41,7768.793666
-12.245556,52,7769.430548
-17.487698,88,7770.443851
-36.009218,500,7776.228862
-12.563968,46,7776.757437
-10.631685,46,7777.291856
-3.100677,26,7777.628499
-21.192812,119,7778.99378
-15.496125,55,7779.670997
-21.395981,113,7781.066251
-16.116233,71,7781.951921
-13.307041,55,7782.630163
-13.558181,56,7783.31234
-9.747344,46,7783.86919
-13.134347,52,7784.509183
-11.343993,45,7785.046128
-44.689693,500,7791.152251
-18.94787,79,7792.115215
-10.565567,44,7792.655121
-12.938549,49,7793.23211
-23.864384,241,7796.172654
-6.322617,48,7796.73221
-8.185499,39,7797.205993
-10.987185,48,7797.776462
-7.520548,15,7797.958016
-9.177205,43,7798.481635
-9.526607,38,7798.938437
-16.983527,53,7799.577432
-17.805432,55,7800.243106
-12.578921,107,7801.567419
-19.172758,77,7802.518174
-17.502768,58,7803.213315
-20.910535,79,7804.149697
-18.954146,169,7806.169033
-13.025388,62,7806.920852
-30.102172,219,7809.600953
-14.227861,54,7810.240298
-13.020789,51,7810.863021
-7.725614,38,7811.318033
-17.227266,153,7813.167063
-13.38054,47,7813.736353
-12.881569,83,7814.738342
-12.240322,44,7815.275552
-13.889128,96,7816.442456
-13.984113,53,7817.108703
-6.828839,63,7817.870058
-9.832837,56,7818.537119
-11.127242,82,7819.527078
-21.348012,72,7820.404198
-10.016654,67,7821.218138
-8.784266,43,7821.740058
-12.435163,56,7822.412395
-14.679224,93,7828.147156
-13.663253,47,7828.685738
-7.585969,39,7829.143033
-20.58075,210,7831.658047
-11.035564,65,7832.434079
-13.635978,81,7833.445811
-8.135542,41,7833.943502
-17.450079,61,7834.664963
-17.841059,86,7835.714283
-10.429583,39,7836.188272
-11.514935,47,7836.758402
-8.082407,40,7837.238115
-15.598628,53,7837.89439
-9.119033,54,7838.551108
-22.422554,122,7840.06155
-18.324857,110,7841.390926
-7.738831,16,7841.594419
-9.88749,42,7842.133999
-15.143729,42,7842.659615
-10.703592,65,7843.459481
-8.177651,41,7843.965406
-17.135693,62,7844.739367
-12.829334,58,7845.466253
-58.213324,500,7851.671044
-8.998145,46,7852.224861
-7.667887,28,7852.559561
-12.478142,66,7853.362632
-5.0631,32,7853.746621
-10.632571,41,7854.246661
-25.540264,265,7857.459921
-19.085761,79,7858.410329
-4.991855,42,7858.91169
-19.153976,56,7859.59786
-16.700248,60,7860.336288
-13.107625,61,7861.079308
-14.049346,54,7861.72296
-16.755715,85,7862.757533
-15.991523,65,7863.591338
-15.520376,55,7864.315076
-15.07267,52,7864.958382
-11.762504,74,7865.891725
-67.512616,500,7871.913897
-18.495915,88,7873.029696
-43.249206,500,7879.049603
-10.699535,42,7879.556242
-8.631998,37,7879.998103
-7.817242,77,7880.965531
-16.506699,139,7882.632502
-9.048842,39,7883.094753
-9.087554,73,7883.959477
-6.319831,52,7884.596469
-9.313254,39,7885.058253
-20.296139,143,7886.795655
-25.474376,224,7893.775123
-67.259087,500,7899.574951
-11.088104,41,7900.056682
-16.487836,55,7900.709647
-11.016611,43,7901.202327
-13.427024,55,7901.824607
-7.670604,22,7902.071999
-12.416583,82,7903.01416
-30.001527,256,7905.958228
-53.475936,500,7911.718716
-23.440671,238,7914.451284
-17.002827,52,7915.092581
-61.662617,500,7920.939697
-18.657178,109,7922.20844
-12.420622,49,7922.785369
-9.812657,46,7923.333193
-14.821616,56,7923.975502
-112.886788,500,7929.755055
-27.215217,64,7930.483294
-38.799571,500,7936.28805
-26.026529,318,7940.015914
-62.58998,500,7945.764746
-118.793059,500,7964.861948
-16.006417,55,7965.500268
-49.435819,500,7971.273015
-11.621379,49,7971.842235
-15.30421,47,7972.381814
-13.728187,96,7973.487903
-8.292198,27,7973.808265
-11.268412,42,7974.289997
-14.056527,53,7974.927575
-30.911372,212,7977.407148
-14.575508,48,7977.959268
-17.353139,51,7978.545752
-16.702704,53,7979.151551
-7.307335,60,7979.842641
-15.999848,59,7980.519143
-24.650726,159,7982.383289
-31.302103,139,7983.994839
-9.954744,26,7984.298041
-12.265348,76,7985.208645
-9.987886,67,7985.998187
-6.7297,15,7986.180959
-20.640869,126,7987.664768
-17.74328,197,7989.974391
-15.332638,54,7990.626121
-16.8387,89,7991.714139
-2.439787,22,7991.965473
-12.725675,60,7992.663444
-10.682395,46,7993.190769
-92.521567,500,7999.017808
-14.729616,67,7999.791942
-14.168022,62,8000.510577
-62.822733,236,8003.228995
-23.370791,159,8005.057381
-9.643642,40,8005.5152
-17.8026,56,8006.16269
-7.865586,38,8006.627465
-9.181231,53,8007.246865
-10.444244,50,8007.824761
-12.807628,45,8008.355029
-13.353887,61,8009.071168
-36.174384,218,8011.600646
-10.462375,38,8012.033506
-6.880608,32,8012.403233
-15.418942,76,8013.278616
-13.868148,80,8014.201544
-18.957022,69,8015.03689
-14.201333,52,8015.617543
-15.92113,63,8016.352901
-6.792596,34,8016.754818
-23.149727,149,8018.466627
-48.122872,362,8030.164882
-12.514946,60,8030.854066
-13.323859,48,8031.393218
-7.3977,35,8031.789057
-17.989404,61,8032.46891
-15.460394,56,8033.116782
-17.049985,50,8033.693815
-56.927464,500,8039.466342
-10.790658,40,8039.944882
-5.272457,17,8040.140362
-18.159246,52,8040.735501
-17.54014,60,8041.423689
-17.710397,64,8042.174743
-14.426802,51,8042.772601
-10.401239,40,8043.232389
-16.515683,68,8044.024843
-14.266676,53,8044.630251
-25.593384,251,8047.577831
-42.753105,500,8053.41101
-38.761723,500,8059.185166
-16.599927,83,8060.155844
-49.025499,500,8066.021855
-9.545402,54,8066.712038
-117.7693,498,8072.807632
-38.226769,500,8078.936785
-17.943471,129,8080.494339
-16.297785,71,8081.356134
-12.562434,108,8082.65218
-14.902432,51,8083.277488
-18.588655,137,8084.985295
-45.54549,272,8088.246583
-8.010864,23,8088.523828
-12.876865,41,8097.986706
-13.658163,67,8098.769758
-55.029777,500,8104.51178
-78.833599,500,8110.303896
-15.621555,77,8111.197628
-20.817241,84,8112.19385
-26.630989,124,8113.636449
-14.710572,68,8114.428596
-40.298294,500,8120.273771
-69.854456,500,8126.067175
-12.1862,42,8126.552921
-15.36883,59,8127.248067
-39.324854,500,8133.050045
-15.276534,127,8134.5352
-17.010537,59,8135.221687
-19.452437,64,8135.974347
-91.007756,294,8139.552997
-7.302637,17,8139.757429
-28.313125,167,8141.845665
-11.069303,55,8142.514658
-33.983668,500,8148.571893
-9.05407,20,8148.834606
-48.102588,497,8154.819091
-58.047429,500,8169.42518
-16.71123,60,8170.112651
-12.977051,57,8170.7814
-14.985626,63,8171.515108
-4.012256,24,8171.790359
-9.569636,24,8172.061644
-8.544911,38,8172.515567
-14.458545,35,8172.909309
-113.514176,500,8178.676257
-12.358843,30,8179.013889
-36.974362,500,8184.787519
-18.800708,131,8186.295143
-10.854558,85,8187.297251
-13.178347,51,8187.914836
-11.09782,46,8188.477897
-44.244257,415,8193.462217
-13.789615,46,8194.018752
-32.980869,245,8197.02531
-15.065642,70,8197.858146
-97.493271,500,8203.924766
-10.279808,47,8204.491241
-5.906203,42,8205.007571
-18.056871,89,8206.081239
-82.254095,500,8212.170948
-13.84,34,8212.574884
-90.60812,500,8218.601179
-50.102397,500,8224.666515
-11.249746,45,8225.214105
-1.276383,2,8229.78216
-54.026471,500,8235.687985
-11.982509,64,8236.415707
-10.247423,59,8237.090937
-10.560947,49,8237.660768
-13.254653,47,8238.216803
-18.063039,59,8238.895018
-12.951457,65,8239.649649
-13.659781,85,8240.642214
-13.975666,58,8241.310429
-8.711603,41,8241.790752
-30.823028,308,8245.406919
-106.133655,500,8251.221279
-17.121317,57,8251.902934
-15.874819,51,8252.514303
-10.46962,43,8253.03249
-15.726296,49,8253.628774
-26.59263,328,8257.548023
-12.208774,61,8258.298384
-37.941346,500,8264.387469
-16.736469,62,8265.139659
-26.50483,120,8266.617763
-7.77332,40,8267.114196
-12.163682,56,8267.778987
-15.468949,69,8268.610044
-15.755417,103,8269.879639
-14.117284,49,8270.481008
-16.867327,53,8271.116895
-16.071922,138,8272.779574
-19.097698,84,8273.798892
-21.043553,147,8275.603569
-8.63203,57,8276.312668
-14.830611,94,8277.438328
-19.078369,151,8279.252558
-18.842707,129,8280.813162
-6.264177,35,8281.240785
-18.062607,49,8281.836905
-10.064841,44,8282.405416
-17.705096,61,8283.135488
-13.255323,72,8284.016277
-14.948451,79,8284.992258
-8.407816,41,8285.488146
-15.343579,53,8286.129434
-47.601444,332,8296.628347
-13.359938,53,8297.211784
-9.515047,42,8297.678583
-12.754113,53,8298.295914
-22.538601,177,8300.305459
-83.440124,500,8306.05223
-17.615722,49,8306.629246
-13.669768,59,8307.350319
-15.51217,52,8308.017238
-18.930815,116,8309.454636
-13.940104,52,8310.127835
-11.208505,53,8310.774134
-13.621113,51,8311.398228
-13.688013,47,8311.964736
-15.092307,75,8312.859872
-20.628069,132,8314.469478
-13.910883,66,8315.286976
-16.639865,71,8316.140001
-28.067761,295,8319.699669
-13.819948,71,8320.561891
-9.204547,43,8321.089469
-13.568447,49,8321.677422
-8.938695,41,8322.178701
-15.103637,48,8322.791064
-32.662301,283,8326.29629
-12.158481,45,8326.835904
-118.789933,500,8332.845727
-11.92564,52,8333.475639
-16.868387,59,8334.182778
-10.765511,41,8334.67947
-9.230182,57,8335.350449
-9.039072,37,8335.801237
-7.34351,36,8336.23709
-46.716124,391,8341.113868
-21.024676,131,8342.732281
-9.005837,44,8343.24828
-9.967273,46,8343.807778
-5.944833,34,8344.220262
-13.156138,47,8344.778822
-12.199566,71,8345.627724
-12.140028,74,8346.543618
-13.813243,73,8347.41539
-9.263489,37,8347.86183
-12.627679,64,8348.625411
-58.907632,500,8354.66124
-10.980151,46,8355.203841
-7.086302,36,8355.634463
-35.839245,155,8362.071611
-8.644694,39,8362.553658
-15.251476,56,8363.195967
-10.414347,83,8364.152008
-45.055495,500,8369.948462
-10.388245,43,8370.508573
-13.978777,52,8371.118989
-46.914597,500,8376.918072
-17.786739,80,8377.830797
-80.23931,500,8383.653695
-12.577009,55,8384.284327
-10.585265,40,8384.749104
-15.766309,99,8385.88509
-34.835746,387,8390.369702
-14.101446,53,8390.98608
-35.321308,382,8395.437613
-19.250569,112,8396.737783
-12.908816,97,8397.858861
-17.167508,55,8398.496179
-12.09958,50,8399.099741
-18.218869,195,8401.355119
-16.462703,108,8402.648165
-14.535601,94,8403.743448
-15.432097,57,8404.402738
-20.417372,82,8405.345175
-12.01132,45,8405.878072
-14.724173,56,8406.521582
-18.665916,67,8407.288565
-24.329783,122,8408.696583
-10.405149,44,8409.199095
-15.779516,62,8409.932124
-18.320256,56,8410.61615
-16.615502,53,8411.228562
-13.348533,46,8411.766641
-10.616046,74,8412.61366
-16.215881,37,8413.045235
-12.392165,50,8413.622228
-48.521955,500,8423.992478
-19.347895,76,8424.872442
-23.47802,158,8426.734779
-13.373811,73,8427.589988
-60.629753,500,8433.501848
-13.720642,50,8434.078331
-17.702261,61,8434.813176
-14.804998,54,8435.43319
-16.518102,62,8436.156746
-7.297518,33,8436.540938
-23.518314,168,8438.49436
-16.709565,115,8439.826838
-11.216006,56,8440.474133
-14.091533,52,8441.085693
-20.290103,111,8442.37041
-15.129722,57,8443.064583
-57.552405,361,8447.221328
-13.149012,49,8447.792289
-11.780598,83,8448.763102
-12.535746,68,8449.552162
-69.075123,500,8455.373099
-31.28175,166,8457.275988
-45.705048,500,8463.154051
-94.387598,500,8469.333795
-17.936848,56,8470.011013
-15.037312,72,8470.874325
-17.498784,77,8471.807356
-16.202791,55,8472.460789
-52.314119,500,8478.523993
-17.924083,65,8479.312391
-27.043483,128,8480.842151
-29.206794,211,8495.525011
-10.549842,24,8495.814251
-20.848365,74,8496.704535
-19.374288,151,8498.521226
-43.559932,500,8504.557714
-9.709294,48,8505.137209
-12.208742,51,8505.747606
-14.178981,51,8506.369936
-81.51813,500,8512.429754
-18.201437,62,8513.167345
-17.823795,57,8513.840973
-43.096725,500,8519.863915
-12.055216,48,8520.433829
-17.191747,57,8521.118678
-8.273004,38,8521.58046
-77.53835,271,8524.840545
-14.908147,67,8525.676374
-14.92258,67,8526.482755
-11.315444,56,8527.140248
-15.950339,95,8528.276629
-90.780991,500,8534.302101
-61.83474,500,8540.305124
-20.406937,127,8541.868291
-18.867506,71,8542.717345
-14.377238,58,8543.415475
-54.202249,500,8549.523805
-13.549047,58,8550.277383
-19.027152,65,8551.088239
-11.410358,43,8551.607676
-9.741271,66,8552.437565
-17.559694,62,8553.175615
-24.587234,105,8554.460009
-19.469612,84,8561.325965
-9.73665,70,8562.191653
-6.369223,30,8562.54275
-54.623784,500,8568.326584
-9.018547,20,8568.563957
-20.429792,71,8569.3943
-20.074681,72,8570.225693
-18.875149,59,8570.902901
-61.192391,500,8576.693217
-12.345692,80,8577.609625
-40.808029,374,8581.948221
-17.517844,140,8583.570131
-12.716042,89,8584.590091
-22.960279,119,8585.963825
-16.739169,113,8587.407641
-44.788652,451,8592.979061
-8.639553,40,8593.467768
-8.962311,39,8593.940519
-16.656094,78,8594.863509
-34.001992,231,8597.68681
-11.921637,60,8598.409832
-19.294431,100,8599.62895
-20.244964,99,8600.828272
-14.765138,52,8601.452277
-16.602902,56,8602.121508
-15.802522,55,8602.77665
-11.475488,49,8603.364096
-13.310521,54,8604.034511
-17.53806,86,8605.078205
-16.934424,56,8605.761147
-8.200718,36,8606.192761
-10.981726,50,8606.796732
-19.503444,76,8607.726244
-11.245344,80,8608.689413
-20.158505,143,8610.395952
-7.576558,40,8610.881667
-11.855633,59,8611.594809
-7.994858,37,8612.070651
-10.865625,64,8612.82932
-10.971309,71,8613.680077
-7.536311,40,8614.162158
-12.416593,65,8614.942716
-13.183286,47,8615.498519
-30.775553,229,8618.261698
-14.094287,53,8618.897663
-15.17865,92,8620.041025
-11.100586,54,8620.692194
-13.43267,67,8626.966604
-55.056289,500,8632.752746
-11.501828,32,8633.122773
-13.112963,60,8633.815467
-39.92999,153,8635.586672
-62.714146,500,8641.353401
-7.156446,15,8641.51996
-16.843574,60,8642.218635
-17.472137,55,8642.868092
-69.45337,500,8648.685264
-13.823329,54,8649.314748
-14.73074,59,8649.986975
-19.61021,64,8650.725019
-14.797946,48,8651.277534
-11.327211,44,8651.786188
-18.933733,54,8652.404604
-9.148627,58,8653.06911
-18.627322,103,8654.279526
-14.861355,57,8654.948752
-8.501809,18,8655.1592
-51.280648,500,8660.983029
-30.838713,411,8665.763625
-15.937729,70,8666.57306
-11.268014,48,8667.141092
-10.842462,54,8667.806334
-17.547149,63,8668.624959
-14.302033,96,8669.795466
-16.296273,56,8670.547508
-35.48815,192,8672.879996
-11.955221,48,8673.451485
-21.017219,142,8675.165766
-13.055994,95,8676.306397
-27.333861,166,8678.307843
-12.498216,58,8679.044787
-11.199364,42,8679.550284
-13.274044,47,8680.105056
-11.283678,45,8680.649916
-12.908444,47,8681.224234
-12.181551,41,8681.725096
-15.432995,98,8682.914429
-7.423761,67,8683.720876
-18.057037,77,8684.652813
-15.906203,101,8691.496314
-61.236608,500,8697.269096
-16.864106,80,8698.225567
-3.921752,43,8698.736247
-11.227027,43,8699.249338
-25.055861,258,8702.342652
-6.916345,35,8702.76583
-7.954755,42,8703.273517
-49.751443,500,8709.340835
-16.904666,95,8710.469712
-3.25903,25,8710.768473
-7.826725,49,8711.356888
-13.868015,44,8711.884125
-13.572879,47,8712.500495
-8.344076,39,8712.997111
-56.254576,497,8719.07982
-9.999818,47,8719.648202
-15.309474,78,8720.588109
-17.725672,146,8722.373701
-11.821824,43,8722.889822
-8.466006,41,8723.383541
-56.809757,500,8729.384683
-12.159594,51,8730.010872
-11.068797,51,8730.63522
-9.631809,38,8731.083066
-2.785234,24,8731.368311
-11.559111,44,8731.902456
-13.259199,59,8732.605099
-15.446584,73,8733.499745
-12.325612,67,8734.308468
-28.555581,325,8738.277848
-50.552601,500,8744.277275
-13.758657,54,8744.927209
-8.24483,41,8745.422922
-15.965357,55,8746.098923
-18.555709,93,8747.23794
-9.516542,41,8747.737043
-11.577214,50,8748.338295
-13.563052,48,8748.905497
-11.702462,59,8749.612624
-13.606685,52,8750.231219
-12.581652,67,8751.025096
-5.446353,13,8760.213435
-58.998676,500,8765.983764
-11.853558,45,8766.49591
-12.213811,71,8767.320319
-19.927705,69,8768.133702
-15.599744,54,8768.757682
-18.453487,100,8769.904461
-47.477202,500,8775.774574
-76.541554,500,8781.493863
-51.730264,500,8787.270453
-13.624134,99,8788.401073
-7.357823,34,8788.796812
-10.306472,55,8789.424887
-13.286044,86,8790.423273
-9.49668,40,8790.893878
-10.453801,56,8791.539383
-48.000416,500,8797.378682
-19.825725,132,8798.89765
-7.93337,36,8799.3215
-13.574194,47,8799.862676
-10.575464,50,8800.434135
-15.348386,150,8802.164919
-8.421124,41,8802.675569
-14.434314,65,8803.419999
-14.829037,51,8804.008468
-15.838258,57,8804.658412
-14.002251,60,8805.352189
-10.78898,49,8805.913203
-8.384471,41,8806.40908
-22.198586,110,8807.668803
-17.095262,96,8808.78123
-13.144941,47,8809.321486
-41.938885,500,8815.126152
-16.944408,74,8815.973502
-30.91802,209,8824.900689
-10.481053,48,8825.428464
-13.01192,47,8825.958207
-60.836834,500,8831.687965
-15.055153,213,8834.159523
-10.316413,46,8834.692358
-15.110933,71,8835.513567
-36.620036,500,8841.322408
-9.866529,42,8841.816081
-48.961113,500,8847.651865
-15.596481,69,8848.448109
-11.563373,43,8848.943823
-16.975299,56,8849.590708
-13.098206,46,8850.128625
-68.919702,500,8855.936866
-7.681507,37,8856.362463
-9.115608,48,8856.915996
-42.056806,500,8862.705655
-16.894968,71,8863.540892
-17.186552,68,8864.328482
-18.961314,62,8865.060575
-11.80304,43,8865.559256
-63.08737,500,8871.647136
-12.803097,58,8872.411116
-9.414854,95,8873.626903
-4.766227,31,8874.043828
-12.072956,46,8874.635842
-17.641746,73,8875.577352
-9.150263,36,8876.0132
-41.238498,500,8882.058014
-10.927418,45,8882.601974
-48.13995,500,8895.483973
-46.973482,271,8898.596142
-7.578098,36,8899.002038
-28.550084,308,8902.593161
-11.701793,58,8903.25695
-7.982401,40,8903.716089
-9.72852,40,8904.186493
-11.524679,82,8905.13596
-14.086111,53,8905.748682
-28.333841,214,8908.380022
-18.674716,115,8909.80094
-10.087025,41,8910.323586
-43.287789,500,8916.331936
-15.676098,61,8917.090661
-13.247534,58,8917.803774
-17.576374,61,8918.532902
-41.573365,500,8924.543838
-15.730601,49,8925.174171
-23.695165,333,8929.196889
-15.177363,80,8930.158626
-15.550621,50,8930.766518
-36.782175,500,8936.810642
-15.678813,53,8937.452719
-13.039318,62,8938.22066
-12.064339,42,8938.719366
-12.229037,45,8939.25495
-7.333399,37,8939.691797
-16.925629,117,8941.120913
-52.558011,500,8947.226497
-18.311967,60,8947.954484
-12.923663,50,8948.562172
-17.091345,60,8949.323184
-13.183642,45,8949.856749
-17.75604,65,8957.236534
-20.913404,119,8958.665866
-15.811686,92,8959.693562
-10.576022,63,8960.427472
-52.495866,500,8966.17913
-40.958878,500,8971.975968
-12.767954,53,8972.592338
-14.69772,64,8973.33968
-11.551142,48,8973.927609
-10.891634,44,8974.44023
-11.776961,45,8974.960229
-14.392545,85,8975.943849
-49.265007,500,8981.762355
-16.554425,64,8982.508724
-15.906149,69,8983.319157
-7.456597,33,8983.703138
-14.018793,93,8984.773666
-51.402537,431,8989.758325
-12.259292,51,8990.391622
-17.603356,69,8991.188539
-10.686429,42,8991.669267
-8.573921,35,8992.071181
-22.241364,82,8993.01007
-17.508821,74,8993.866307
-39.793396,500,8999.647826
-10.151964,57,9000.30511
-11.5783,53,9000.923151
-19.138879,218,9003.478504
-18.803781,98,9004.613504
-43.426662,500,9010.44353
-22.368123,77,9011.330702
-20.061854,114,9012.656226
-7.846392,40,9013.126826
-8.995436,51,9013.712609
-10.577207,27,9014.02578
-12.144393,49,9014.636021
-72.07449,500,9025.23108
-8.811284,42,9025.71727
-54.89956,500,9031.466475
-18.578131,57,9032.128749
-13.12144,46,9032.654335
-13.277257,45,9033.172548
-16.954841,88,9034.178394
-12.328481,47,9034.716711
-39.644922,329,9038.535365
-21.922831,94,9039.627425
-13.195105,36,9040.053275
-17.651887,154,9041.825724
-17.072357,54,9042.445112
-9.466954,42,9042.934791
-10.837019,33,9043.318799
-16.499056,90,9044.350723
-19.077697,71,9045.164945
-17.890653,75,9046.04099
-19.943808,114,9047.384437
-13.761184,55,9048.016634
-10.565296,48,9048.573162
-26.777447,162,9050.449828
-17.355921,119,9051.820074
-19.476947,60,9052.502232
-10.826532,54,9053.126671
-25.713605,248,9056.003084
-15.726167,52,9056.597902
-14.869622,47,9057.146422
-18.647608,66,9057.916022
-12.154433,47,9058.46355
-43.354837,403,9063.172622
-55.343421,500,9068.965424
-12.67306,53,9069.579802
-20.17359,70,9070.37983
-16.249271,57,9071.027089
-15.788565,52,9071.624508
-14.353431,70,9072.432674
-50.340024,475,9082.669754
-13.731883,90,9083.778047
-12.143054,49,9084.346072
-18.735557,49,9084.91958
-19.251683,52,9085.522418
-19.643877,75,9086.403921
-13.307446,49,9087.014283
-9.851048,57,9087.673742
-89.870138,500,9093.46062
-10.311078,51,9094.044936
-18.241028,61,9094.774976
-19.163332,110,9096.087867
-24.155737,182,9098.184282
-14.820508,52,9098.795395
-17.122709,104,9099.990712
-11.906356,51,9100.588163
-16.07552,100,9101.731864
-92.312423,500,9107.51647
-7.334512,41,9107.990218
-10.270549,51,9108.570251
-11.840263,60,9109.2684
-10.952603,38,9109.706614
-14.898863,50,9110.289074
-36.874653,309,9113.916563
-11.162803,43,9114.424236
-14.347955,59,9115.099904
-14.933532,58,9115.771736
-14.804968,51,9116.361207
-19.462772,76,9117.23789
-12.155152,43,9117.74056
-7.639689,77,9118.638232
-9.10663,42,9119.118936
-29.721271,132,9120.68813
-20.379044,108,9121.942366
-42.483254,500,9127.7788
-67.489146,500,9133.580545
-18.321825,157,9135.393412
-9.02229,46,9135.922015
-39.785747,366,9140.140197
-10.935459,46,9140.662815
-16.506182,81,9147.653774
-45.326849,500,9153.345241
-15.500914,101,9154.50945
-10.165488,47,9155.061565
-8.009332,42,9155.548582
-13.05358,77,9156.449726
-51.220453,500,9162.299104
-15.935157,51,9162.895527
-10.12402,45,9163.421113
-11.268953,47,9163.966328
-10.426367,44,9164.491356
-11.405051,60,9165.185549
-44.985078,500,9170.996885
-13.102966,59,9171.706982
-12.058051,55,9172.333984
-11.373696,75,9173.197701
-15.837874,58,9173.86608
-32.978061,500,9179.651619
-15.396974,67,9180.425594
-48.706459,500,9186.320888
-12.850489,83,9187.32069
-15.129808,48,9187.912943
-9.81959,46,9188.473618
-8.749578,57,9189.173356
-10.116047,46,9189.718913
-16.33267,158,9191.672753
-13.013488,49,9192.268149
-71.347596,500,9198.383537
-12.630247,51,9199.014342
-16.376154,91,9200.180235
-14.540704,50,9200.786656
-12.764112,47,9201.350293
-9.074709,42,9201.849972
-9.49443,38,9202.307791
-40.54813,313,9213.382313
-11.963589,69,9214.226053
-13.640029,110,9215.487412
-18.031082,59,9216.170577
-35.358614,500,9221.934037
-27.235576,183,9224.092705
-9.034302,48,9224.647239
-15.959434,64,9225.392441
-40.460335,448,9230.534734
-29.077922,380,9234.970294
-12.182814,52,9235.57406
-7.183932,33,9235.950037
-14.40016,88,9236.961238
-64.686258,500,9242.751529
-13.927982,53,9243.352939
-20.306641,63,9244.096141
-31.096177,328,9247.915478
-13.897341,53,9248.514893
-15.799124,78,9249.417085
-9.459035,44,9249.937178
-8.169675,36,9250.353108
-14.193117,50,9250.943129
-53.809849,500,9256.766387
-12.137524,45,9257.281026
-9.294336,20,9257.510449
-8.102018,40,9257.970683
-12.700177,67,9258.742074
-12.805332,53,9259.363697
-41.432965,500,9265.159204
-11.544504,48,9265.728704
-15.75276,126,9267.193788
-11.773331,97,9268.31785
-15.52629,54,9268.941197
-9.414886,38,9269.379517
-7.429854,39,9269.828331
-20.09412,121,9278.042087
-8.280033,37,9278.538112
-17.442672,112,9279.833996
-44.924018,500,9285.628139
-38.582889,388,9290.109539
-20.490351,140,9291.752125
-12.40362,48,9292.295662
-13.557374,50,9292.873405
-11.756445,63,9293.603029
-10.677309,47,9294.150656
-19.020595,68,9294.924217
-15.99914,54,9295.542567
-13.3129,47,9296.085008
-11.984404,72,9296.913213
-45.703644,500,9302.740427
-20.947228,158,9304.573135
-9.43526,42,9305.05506
-7.179317,34,9305.451013
-10.609757,48,9306.007187
-43.744678,280,9309.269581
-16.001751,71,9310.091984
-19.52834,86,9311.0694
-16.095001,56,9311.708489
-8.157989,39,9312.162314
-10.794357,56,9312.819552
-15.055465,93,9313.892325
-44.269796,500,9319.797408
-8.173446,41,9320.281445
-3.874907,40,9320.770122
-12.829501,57,9321.480273
-41.455283,500,9327.524788
-7.385127,33,9327.920115
-17.537489,130,9329.49347
-27.695087,184,9331.745334
-20.21783,97,9332.916906
-16.587105,122,9334.401108
-8.451477,51,9335.009475
-18.968909,164,9340.904475
-16.266145,54,9341.550932
-11.80086,55,9342.186377
-26.899127,176,9344.233945
-9.566566,39,9344.683732
-14.819417,139,9346.276013
-15.797062,58,9346.996525
-3.44165,27,9347.319671
-13.509425,51,9347.904368
-10.937393,47,9348.452943
-7.702517,33,9348.836257
-8.809506,42,9349.328513
-9.985334,45,9349.849144
-56.54803,500,9355.589155
-21.299471,139,9357.20551
-23.067317,100,9358.364567
-14.305639,114,9359.68837
-14.962362,52,9360.305572
-15.684416,56,9360.961411
-15.324404,57,9361.632635
-70.328138,500,9367.513533
-45.344315,500,9373.36007
-8.511565,39,9373.819213
-62.200001,500,9379.605392
-18.127809,67,9380.380423
-56.807797,500,9386.12772
-9.768418,58,9386.797382
-7.498348,38,9387.293257
-62.855604,500,9393.049863
-12.886038,58,9393.713115
-53.722994,448,9403.897502
-42.707947,500,9409.737378
-12.445077,51,9410.329812
-74.800406,500,9416.115707
-12.068869,47,9416.650285
-11.178088,54,9417.274664
-17.972241,58,9417.957616
-13.756319,50,9418.605901
-21.678884,121,9420.091079
-12.444739,53,9420.750284
-29.352632,263,9423.919704
-67.913053,500,9430.011715
-8.910146,18,9430.228532
-17.060713,65,9431.002799
-16.956094,91,9432.097632
-53.188089,500,9438.161365
-6.585676,60,9438.870879
-73.347639,500,9444.937704
-8.839929,42,9445.449113
-70.022216,478,9451.216057
-11.149414,45,9451.754987
-16.474109,66,9452.542555
-19.210532,130,9454.117394
-15.2459,52,9454.742088
-8.560989,69,9455.574431
-18.527542,66,9456.363375
-18.792417,137,9457.995885
-38.936892,500,9468.094707
-13.090815,49,9468.671287
-7.707503,46,9469.213852
-10.921879,46,9469.752867
-7.024886,34,9470.148826
-8.770084,55,9470.801069
-45.575882,184,9472.93516
-13.728442,50,9473.505142
-13.742349,57,9474.179523
-7.557139,38,9474.621938
-17.050327,115,9475.955039
-11.674101,44,9476.463698
-15.208751,55,9477.098504
-11.520368,50,9477.679942
-19.908196,82,9478.640555
-15.406231,53,9479.245445
-11.888033,49,9479.805718
-16.261222,138,9481.40737
-18.768438,87,9482.393696
-13.437413,52,9482.987924
-15.306462,75,9483.864707
-20.505578,74,9484.716432
-41.867566,500,9490.554265
-133.253813,500,9496.375099
-18.863239,62,9497.094238
-9.693011,49,9497.656618
-10.919259,46,9498.191198
-41.763375,141,9499.831853
-16.622409,64,9500.570115
-18.613373,96,9501.692006
-32.273373,320,9505.417985
-49.303257,304,9508.921447
-16.485858,44,9509.434098
-14.910795,76,9510.305315
-16.800134,126,9511.790147
-20.063852,110,9513.053947
-10.292126,82,9514.005533
-70.554361,500,9519.802851
-44.251375,384,9524.26153
-46.067577,500,9537.595033
-50.647257,318,9541.284566
-51.491793,500,9547.156644
-15.305998,50,9547.729158
-96.731694,500,9553.481809
-12.448936,48,9554.033359
-14.683157,79,9554.938665
-32.644891,223,9557.517872
-20.138842,105,9558.732664
-3.078161,25,9559.021451
-11.678704,97,9560.183603
-10.736468,44,9560.707796
-11.274697,62,9561.426413
-12.905836,59,9562.1171
-8.442084,41,9562.587686
-10.009483,48,9563.138655
-15.471162,57,9563.797596
-9.456327,60,9564.482749
-29.791172,203,9566.828454
-16.321881,50,9567.453329
-19.183125,106,9568.785216
-11.602766,43,9569.308229
-17.344335,61,9570.059208
-9.790384,39,9570.532597
-10.676421,42,9571.047609
-20.203044,109,9572.355068
-9.939248,42,9572.85298
-8.97116,41,9573.349547
-10.192623,47,9573.92561
-27.594267,117,9575.354497
-34.333139,456,9580.824894
-46.501685,500,9586.881032
-59.862426,500,9598.918953
-14.90716,84,9599.894176
-31.212176,305,9603.505186
-15.440439,53,9604.136537
-8.145366,41,9604.624766
-11.291976,106,9605.896424
-54.640585,500,9611.928408
-58.325944,500,9617.937969
-11.756457,49,9618.518552
-9.950385,67,9619.320132
-9.879277,43,9619.843825
-17.533125,54,9620.488141
-12.083747,55,9621.144815
-28.086319,216,9623.747803
-16.95066,55,9624.402524
-3.23032,24,9624.689764
-13.578929,44,9625.274157
-15.791931,99,9626.452614
-14.893927,108,9627.750202
-11.809688,104,9629.023299
-17.515987,47,9629.585188
-21.193117,111,9630.920749
-11.316338,54,9631.579027
-11.195692,59,9632.279514
-30.186235,195,9634.67302
-15.71059,56,9635.34685
-58.317633,500,9641.344407
-11.901499,53,9642.032642
-17.255154,69,9642.847481
-6.581616,46,9643.406969
-10.758784,23,9643.687253
-7.359833,39,9644.155335
-10.418775,60,9644.877217
-23.172385,232,9647.661994
-19.27153,82,9648.650343
-7.735658,37,9649.095191
-7.004783,33,9649.490638
-9.877425,43,9650.045505
-24.224443,192,9652.34457
-24.721013,209,9654.835176
-20.166514,63,9655.596618
-11.791216,80,9656.568066
-20.629957,105,9657.837558
-14.210985,83,9664.011998
-36.351258,500,9669.89265
-17.090293,51,9670.487098
-12.014848,46,9671.018337
-11.571318,61,9671.742037
-26.061649,131,9673.262306
-10.399372,91,9674.318263
-8.379402,35,9674.720554
-20.349687,116,9676.103431
-8.696321,37,9676.545259
-12.976087,51,9677.129738
-18.797844,116,9678.4825
-5.773359,34,9678.880422
-20.44478,65,9679.623092
-15.581109,123,9681.031512
-12.933706,69,9681.843365
-11.351975,50,9682.435723
-17.080917,62,9683.145215
-17.10532,71,9683.973014
-18.54444,96,9685.137318
-15.17121,89,9686.202248
-10.210203,44,9686.725442
-6.680116,35,9687.148675
-17.397885,58,9687.841837
-20.836625,67,9688.651179
-10.390666,46,9689.200839
-76.866405,500,9695.304726
-20.237139,76,9696.219128
-14.168918,57,9696.893619
-15.257305,55,9697.558168
-27.453251,101,9698.769011
-14.082175,72,9699.623148
-16.520837,60,9700.348784
-10.219214,44,9700.90939
-10.26275,47,9701.478879
-13.177547,80,9702.433352
-10.964055,45,9702.978657
-15.542729,73,9703.864764
-14.91457,50,9704.474487
-64.027589,500,9710.50492
-8.533183,40,9710.996915
-20.756741,92,9712.102612
-9.45512,62,9712.837434
-49.173391,500,9718.930237
-14.692737,89,9720.000403
-5.822242,42,9720.504829
-27.371086,142,9722.214439
-11.600159,55,9722.869859
-13.919564,56,9723.543598
-11.754455,50,9732.218213
-17.403487,55,9732.851213
-11.248651,48,9733.39876
-5.20918,34,9733.806673
-10.21051,46,9734.339203
-12.497603,43,9734.839869
-17.619619,77,9735.744335
-20.829961,195,9738.044194
-25.870218,92,9739.10449
-15.029749,123,9740.536818
-8.021502,42,9741.013712
-19.303807,56,9741.663551
-18.13926,64,9742.403536
-15.382611,171,9744.401746
-11.169936,58,9745.096448
-24.680615,252,9748.031688
-11.526337,47,9748.571103
-11.893042,45,9749.090729
-52.369663,500,9754.882783
-19.731739,98,9756.025728
-15.751591,60,9756.719234
-11.364396,81,9757.651838
-19.237964,88,9758.680358
-22.378284,129,9760.156365
-21.894759,110,9761.415438
-19.693844,70,9762.228255
-17.861154,57,9762.885534
-10.091789,40,9763.364264
-11.369363,44,9763.863944
-17.943759,77,9764.752793
-4.550405,29,9765.0889
-17.449105,72,9765.91095
-18.024949,62,9766.632391
-13.21063,56,9767.280176
-23.739348,134,9768.829067
-29.513366,279,9772.072795
-11.165049,43,9772.574092
-11.854559,50,9773.173798
-9.60082,48,9773.732287
-57.954894,381,9778.126746
-11.689465,46,9778.657343
-11.251768,49,9779.218385
-8.369175,36,9779.638271
-52.713655,407,9784.36519
-16.632473,59,9785.042394
-44.830804,439,9799.197959
-15.006097,52,9799.773456
-27.408475,186,9801.86033
-52.436933,500,9807.689283
-15.353627,60,9808.382164
-12.22912,52,9808.974052
-4.253433,27,9809.283208
-12.435068,57,9809.940248
-9.992413,64,9810.717635
-12.844085,89,9811.743663
-11.304426,47,9812.288218
-12.285352,106,9813.513436
-9.398355,38,9813.949254
-19.118481,175,9815.964729
-10.870886,46,9816.488805
-8.339431,40,9816.948586
-11.538499,50,9817.528602
-43.391216,500,9823.288067
-13.377067,55,9823.922947
-20.550112,189,9826.146145
-46.767182,500,9831.930467
-8.684818,36,9832.337397
-47.707695,500,9838.312191
-18.421089,74,9839.239201
-12.011524,46,9839.799692
-8.600783,40,9840.296405
-17.386519,65,9841.086051
-7.233222,37,9841.538435
-17.701347,74,9842.427083
-15.565652,53,9843.072366
-10.348319,53,9843.703667
-12.6677,50,9844.299361
-25.188125,144,9846.059691
-12.181971,30,9846.432053
-13.135782,64,9847.190062
-42.472987,500,9853.261153
-16.209661,56,9853.935675
-19.708659,55,9854.593167
-22.378446,263,9863.333139
-12.189804,51,9863.95872
-28.471326,72,9864.785503
-13.182598,52,9865.379308
-10.502422,42,9865.880889
-19.642547,56,9866.521517
-8.364669,38,9866.953369
-14.526865,95,9868.05841
-17.101885,94,9869.141008
-17.116616,62,9869.854237
-9.587332,39,9870.307066
-15.643502,75,9871.170442
-6.819645,40,9871.632215
-9.144611,37,9872.057139
-3.756811,26,9872.370052
-16.251915,73,9873.202368
-15.004428,58,9873.873824
-3.941935,21,9874.119143
-8.912187,43,9874.606849
-4.300446,39,9875.052667
-11.46618,49,9875.61954
-18.51637,72,9876.491202
-46.264917,500,9882.258804
-11.735673,48,9882.802942
-79.800376,500,9888.825764
-18.45629,56,9889.48904
-49.83523,500,9895.50122
-38.292068,470,9901.136146
-17.430508,121,9902.600134
-15.711701,83,9903.607192
-62.991805,500,9909.622021
-78.610244,269,9912.911564
-19.863277,113,9914.274526
-44.511135,377,9918.80723
-12.383055,45,9919.358156
-21.070068,105,9920.611785
-16.840512,69,9921.453378
-22.457894,98,9922.625417
-7.904003,25,9930.354151
-3.574233,37,9930.801987
-74.876666,500,9936.557282
-18.242878,117,9937.903856
-11.480581,70,9938.711493
-25.3266,186,9940.862561
-15.043749,110,9942.168612
-17.646204,67,9942.949141
-13.531914,61,9943.674086
-13.554418,67,9944.446626
-17.344944,96,9945.547277
-14.848444,58,9946.265219
-15.069037,84,9947.23622
-12.157783,76,9948.117636
-20.460903,86,9949.11374
-8.792375,58,9949.792934
-11.798761,82,9950.745034
-17.159753,59,9951.424486
-14.526505,47,9951.968041
-12.557959,81,9952.90803
-2.448529,21,9953.146421
-9.89996,50,9953.721385
-7.195723,38,9954.182136
-11.475587,44,9954.695797
-38.120163,500,9960.487996
-12.813233,65,9961.249596
-11.922593,46,9961.783699
-18.223075,56,9962.436961
-47.220171,500,9968.249879
-138.955131,500,9974.226214
-5.873442,30,9974.588651
-85.336089,500,9980.633058
-2.993071,24,9980.935351
-17.930874,56,9981.601552
-20.011107,77,9982.525653
-16.563942,86,9983.550934
-34.281253,271,9986.84215
-11.840849,71,9987.704382
-18.549952,102,9988.923175
-3.464704,8,9993.589432
-14.913624,54,9994.235742
-10.161007,47,9994.752376
-18.545057,82,9995.676925
-93.854659,500,10001.475175
-30.75403,303,10004.953185
-12.087092,45,10005.521235
-14.289205,49,10006.099767
-57.850797,500,10012.095603
-11.175258,48,10012.666116
-12.173227,48,10013.231663
-4.225035,26,10013.547191
-8.788287,17,10013.749683
-17.923837,89,10014.809651
-18.706526,50,10015.395921
-14.004079,55,10016.073155
-3.555963,25,10016.372356
-14.734501,51,10016.986636
-12.859208,63,10017.743711
-16.691508,73,10018.62042
-11.314384,73,10019.497609
-35.271281,500,10025.529856
-16.793502,59,10026.263299
-9.311684,53,10026.889668
-14.898236,59,10027.596347
-8.900102,45,10028.139596
-14.112666,54,10028.787196
-4.973846,30,10029.156357
-10.610875,44,10029.689148
-5.276388,49,10030.27557
-21.735657,136,10031.935732
-17.304191,61,10032.677765
-11.169107,42,10033.178468
-18.084331,48,10033.746927
-13.319034,54,10034.388457
-6.454371,73,10035.26342
-10.398632,42,10035.757666
-47.907997,500,10041.787516
-84.855006,500,10047.768656
-12.159409,46,10048.330167
-16.073934,52,10048.969693
-10.667865,47,10049.53275
-37.038803,308,10059.265487
-11.881486,69,10060.106714
-12.184535,42,10060.596057
-7.512827,18,10060.804502
-11.844414,50,10061.391921
-45.567005,500,10067.212863
-6.117273,31,10067.578372
-18.793632,92,10068.647108
-38.195722,439,10073.770148
-15.344693,52,10074.392658
-7.786076,51,10074.993883
-4.59262,31,10075.37534
-6.126247,14,10075.544857
-52.440388,500,10081.673514
-54.667562,500,10087.768664
-17.805138,86,10088.818905
-18.032923,48,10089.397662
-8.268243,40,10089.892136
-33.877834,500,10095.935255
-12.404472,60,10096.672346
-12.860146,54,10097.33758
-12.403519,50,10097.946799
-20.011996,198,10100.328729
-6.248438,20,10100.572495
-9.093349,18,10100.787015
-11.935981,157,10102.682884
-25.161213,169,10104.76955
-9.474751,43,10105.278042
-13.308747,70,10106.11389
-9.18851,42,10106.63084
-41.369941,246,10109.619576
-4.469718,40,10110.099662
-15.636994,80,10111.056149
-14.845604,52,10111.683497
-10.655416,43,10112.219105
-51.502574,500,10118.270509
-9.926898,44,10118.802228
-18.151296,54,10123.779702
-13.595529,75,10124.678219
-9.694744,39,10125.135008
-12.489741,51,10125.714044
-13.1681,49,10126.277313
-55.335267,500,10132.043666
-11.122977,50,10132.616725
-19.12814,95,10133.755555
-11.873425,51,10134.370082
-60.480934,500,10140.440684
-60.156715,500,10146.474199
-8.97679,40,10146.954924
-10.586576,50,10147.576251
-58.571847,500,10153.622479
-11.580504,44,10154.146278
-20.834174,77,10155.061466
-14.151728,61,10155.791832
-40.39038,470,10161.425016
-16.373937,100,10162.636776
-17.587151,55,10163.290773
-7.985254,41,10163.779507
-10.210616,49,10164.37055
-11.161534,49,10164.962973
-16.7471,89,10166.034232
-12.96648,79,10166.987608
-9.945351,42,10167.491861
-78.594751,500,10173.559083
-22.257108,112,10174.904225
-19.422723,89,10175.971024
-13.262641,54,10176.630095
-10.294065,59,10177.335552
-23.399957,142,10179.07958
-12.57787,58,10179.785706
-16.476279,58,10180.493827
-96.433389,500,10194.006794
-2.743979,22,10194.255107
-28.233926,210,10196.725302
-60.507208,500,10202.657259
-10.80471,43,10203.224755
-85.882673,500,10209.266357
-7.680456,38,10209.725482
-31.348945,112,10211.085051
-15.181847,59,10211.843071
-15.750344,52,10212.466971
-8.758198,15,10212.645527
-11.603068,53,10213.284831
-12.590678,48,10213.85033
-14.491806,52,10214.472685
-9.643005,18,10214.690074
-34.912626,500,10220.698517
-3.358878,26,10221.058563
-16.207183,91,10222.168053
-12.490127,57,10222.862805
-9.14067,37,10223.298674
-9.679147,43,10223.820266
-86.145594,500,10229.84859
-12.667958,48,10230.437
-4.920847,32,10230.823965
-5.611838,42,10231.329719
-12.731913,55,10231.989966
-9.857022,46,10232.541751
-12.384544,55,10233.198977
-55.377907,500,10239.206345
-17.842963,66,10240.010475
-6.739544,33,10240.40044
-13.110625,53,10241.042557
-14.070764,94,10242.177279
-37.030276,127,10243.692113
-15.874309,76,10244.615609
-24.867651,187,10246.854889
-48.56361,379,10257.442163
-7.24684,45,10258.005813
-11.166998,58,10258.684389
-13.810978,49,10259.250893
-10.236431,53,10259.859247
-13.200689,69,10260.657425
-17.900204,46,10261.187153
-7.268538,33,10261.567154
-13.748818,69,10262.361432
-16.601524,57,10263.092238
-6.682706,33,10263.484227
-21.019823,85,10264.501775
-14.390314,34,10264.911195
-8.611035,17,10265.116626
-14.668532,67,10265.960388
-10.243075,48,10266.578748
-13.541825,53,10267.237175
-11.192535,48,10267.831624
-16.624696,96,10269.02942
-7.112317,33,10269.436342
-15.810935,53,10270.098585
-11.429823,51,10270.742904
-26.578584,373,10275.503249
-59.003299,500,10282.006
-15.121076,78,10282.989391
-11.810055,56,10283.676071
-11.251732,60,10284.395527
-33.663102,98,10285.585958
-21.074984,76,10286.51044
-17.510621,53,10287.156756
-17.928457,95,10288.303534
-12.750366,58,10288.98791
-19.21997,76,10289.908499
-12.451174,53,10290.548302
-8.627132,37,10290.992153
-10.954492,42,10291.503798
-11.248939,51,10292.123125
-9.79729,67,10292.907269
-11.51477,43,10293.432843
-14.881529,154,10295.288323
-8.301488,56,10295.985649
-12.281466,50,10296.580072
-36.972392,500,10302.627865
-15.93802,44,10303.164749
-16.319338,92,10304.258684
-37.343791,500,10310.309221
-54.364224,407,10315.206537
-10.75876,58,10315.897165
-10.10668,41,10316.405678
-17.830782,64,10317.18065
-24.520839,162,10326.008301
-87.739836,500,10331.78457
-17.466905,75,10332.641297
-58.631903,500,10338.434375
-19.483372,56,10339.076647
-6.928732,49,10339.638771
-79.897922,500,10345.411189
-11.035842,42,10345.893937
-9.171637,43,10346.410975
-9.158244,40,10346.872593
-28.617992,267,10349.99473
-15.562744,74,10350.862792
-24.002707,99,10352.052053
-11.729668,82,10353.0424
-14.269071,51,10353.661271
-11.572753,51,10354.261705
-12.127123,54,10354.918994
-11.549488,77,10355.848356
-14.828877,37,10356.298138
-82.211546,500,10362.313487
-3.897533,36,10362.755682
-59.123018,500,10368.780732
-28.123992,260,10371.891461
-49.078531,500,10377.923193
-9.746046,47,10378.494678
-9.790163,17,10378.700415
-12.401843,49,10379.284189
-14.484684,78,10380.214119
-19.607519,66,10381.022125
-81.74515,500,10391.507573
-16.749071,106,10392.735291
-14.03429,59,10393.425795
-13.114748,51,10394.016971
-7.383627,12,10394.153584
-18.439919,68,10394.954806
-7.030484,38,10395.394055
-12.094087,45,10395.917135
-13.130795,77,10396.810664
-15.075034,47,10397.357214
-46.459137,500,10403.147471
-23.10423,104,10404.363108
-47.237128,500,10410.242705
-7.252794,36,10410.670377
-13.523221,79,10411.609887
-11.729464,43,10412.105568
-6.015523,33,10412.488553
-13.14195,129,10413.974498
-19.625142,120,10415.340098
-19.417156,75,10416.228442
-21.89352,121,10417.630404
-15.426442,51,10418.226823
-9.225859,43,10418.721929
-16.599055,66,10419.49206
-14.198629,93,10420.558261
-38.22492,500,10426.403012
-25.373885,190,10428.612031
-85.105417,500,10434.456956
-8.653219,39,10434.905796
-18.481555,63,10435.636773
-10.605471,46,10436.170851
-3.777039,32,10436.538875
-9.549714,91,10437.601524
-8.412399,79,10438.516154
-23.974445,144,10440.172784
-13.37866,52,10440.785539
-57.944251,500,10446.854952
-18.186278,80,10455.892797
-15.388881,53,10456.523818
-11.951185,75,10457.361371
-11.420289,41,10457.811206
-11.631971,46,10458.362744
-9.068693,37,10458.789611
-16.085186,66,10459.543607
-11.827702,50,10460.123019
-15.988498,60,10460.798257
-11.807498,51,10461.389209
-5.539388,47,10461.925814
-13.893925,56,10462.578762
-22.655775,165,10464.491413
-8.590789,44,10465.007045
-18.756404,69,10465.808948
-18.378902,68,10466.640741
-13.711213,152,10468.479415
-11.795265,49,10469.075444
-28.506937,143,10470.809053
-83.167163,500,10476.877772
-145.968331,500,10482.900294
-16.891324,63,10483.646733
-17.831453,106,10484.920718
-7.544631,40,10485.401013
-16.607711,61,10486.1234
-9.904191,70,10486.970285
-15.692136,115,10488.352877
-13.780175,27,10488.671604
-7.276002,38,10489.125373
-15.624236,123,10490.636552
-14.380189,122,10492.106234
-5.84083,36,10492.538063
-11.389364,45,10493.089314
-6.03568,54,10493.742581
-20.159633,71,10494.589392
-4.913631,31,10494.967391
-14.509322,50,10495.56422
-20.569383,80,10496.520084
-3.646252,29,10496.870538
-11.389789,56,10497.560682
-17.290206,99,10498.768299
-10.429156,83,10499.769651
-16.598551,174,10501.905247
-95.199254,500,10507.947982
-14.830133,70,10508.784639
-7.450197,36,10509.216495
-30.021171,100,10510.411485
-8.030842,35,10510.880947
-10.907119,40,10511.364664
-18.344554,59,10512.063385
-34.172872,312,10522.306119
-24.174878,124,10523.791143
-12.94917,51,10524.383282
-10.593854,53,10524.996575
-16.173572,116,10526.353122
-10.184322,49,10526.911671
-11.166703,75,10527.858237
-9.37512,38,10528.326985
-8.835626,51,10528.974248
-38.51457,500,10535.05335
-16.030096,48,10535.639128
-17.608469,64,10536.407951
-11.556084,46,10536.988017
-60.868796,500,10543.055712
-9.760106,20,10543.292551
-12.806177,51,10543.900266
-10.675301,49,10544.491506
-11.90442,49,10545.080295
-21.798627,108,10546.35801
-10.765729,45,10546.899939
-11.184528,56,10547.574156
-11.376936,65,10548.357604
-15.631276,55,10549.028149
-12.085109,26,10549.334366
-11.22939,71,10550.192738
-8.120471,40,10550.672494
-15.523696,61,10551.409049
-19.198394,75,10552.324791
-19.814727,140,10554.030936
-28.93769,92,10555.145168
-16.25607,46,10555.705531
-10.238514,47,10556.280031
-23.42789,164,10558.268768
-24.149643,125,10559.768211
-7.452638,35,10560.189094
-24.524666,230,10563.02963
-11.620747,24,10563.334391
-7.209645,35,10563.78719
-20.458882,104,10565.129944
-16.056793,92,10566.224956
-72.517454,500,10572.235654
-13.220838,67,10573.087424
-42.160024,230,10575.877997
-10.755864,67,10576.721898
-19.285889,110,10578.064035
-42.039489,406,10589.450433
-9.081454,51,10590.039855
-40.481546,500,10595.738078
-15.942214,87,10596.775593
-12.365863,60,10597.472404
-10.138478,45,10597.998035
-3.947451,27,10598.314516
-16.913563,60,10599.001116
-21.229278,110,10600.275139
-37.392672,376,10604.636682
-43.283416,500,10610.446543
-44.961365,500,10616.220809
-18.702582,73,10617.095916
-10.492808,48,10617.691988
-38.837188,308,10621.40615
-15.798535,50,10622.013923
-10.4129,79,10622.977386
-11.499612,57,10623.670548
-5.646752,41,10624.162241
-14.118952,66,10624.969927
-8.698332,64,10625.746431
-9.466414,37,10626.219179
-12.051734,44,10626.756477
-39.878867,500,10632.797231
-9.835139,40,10633.279948
-15.160096,90,10634.394504
-10.825111,19,10634.625888
-9.22994,43,10635.141184
-11.149737,66,10635.938221
-11.258008,47,10636.501728
-10.046102,48,10637.074176
-11.764393,49,10637.660641
-48.565029,483,10643.483588
-7.198315,35,10643.909568
-13.080028,48,10644.48604
-20.810414,255,10647.551667
-49.765121,500,10659.26298
-12.052389,50,10659.843408
-5.915726,32,10660.213424
-11.002614,55,10660.846898
-13.499722,71,10661.680675
-12.491748,63,10662.406281
-10.221038,55,10663.034373
-16.089681,83,10663.989537
-10.152599,49,10664.5451
-16.25985,70,10665.350541
-42.507255,374,10669.686786
-6.227399,31,10670.048532
-10.501904,42,10670.539203
-10.681704,42,10671.029898
-11.089964,47,10671.56273
-11.270026,56,10672.218731
-53.737692,460,10677.564386
-11.488303,46,10678.124213
-19.329146,78,10679.015266
-17.731449,87,10680.010865
-15.322168,108,10681.27583
-34.50615,98,10682.40924
-7.602766,35,10682.808518
-18.959889,155,10684.634372
-11.844942,47,10685.221278
-20.4185,92,10686.381246
-5.901811,32,10686.770446
-27.791515,173,10688.917211
-15.249142,77,10689.859141
-32.561173,500,10695.910433
-13.993745,63,10696.661546
-7.317772,35,10697.087798
-16.154961,146,10698.848738
-52.536032,500,10704.896309
-41.407853,478,10710.672717
-17.995987,55,10711.355896
-8.715462,38,10711.812657
-10.872361,51,10712.421068
-13.087639,63,10713.187544
-12.431755,44,10713.719878
-12.467081,46,10722.393295
-13.198018,121,10723.802714
-8.173112,39,10724.253516
-130.96162,500,10730.074273
-37.07823,310,10733.662745
-12.344676,51,10734.249325
-7.073517,36,10734.658262
-18.026318,75,10735.517407
-14.721831,96,10736.625756
-17.547324,53,10737.2603
-4.620888,35,10737.679775
-11.454611,50,10738.264728
-3.565549,26,10738.559936
-6.850063,19,10738.780354
-16.961995,110,10740.042
-9.706371,54,10740.659568
-2.862758,24,10740.934826
-12.044196,46,10741.461427
-15.307645,60,10742.154007
-13.165611,73,10742.991455
-12.147741,66,10743.746471
-135.962226,500,10749.492473
-12.779422,60,10750.199824
-15.872391,71,10751.014658
-12.384883,50,10751.593616
-10.711058,46,10752.130715
-7.992057,40,10752.591648
-13.25196,53,10753.258327
-11.84217,77,10754.147961
-4.51845,31,10754.506009
-9.69341,48,10755.061116
-9.432756,57,10755.733891
-19.024935,65,10756.486382
-11.728648,75,10757.347801
-11.724838,49,10757.910307
-10.726635,50,10758.497074
-18.160804,51,10759.090953
-13.225263,56,10759.731246
-13.826371,71,10760.561546
-13.677216,76,10761.426273
-22.244611,115,10762.749728
-18.163177,72,10763.611724
-11.379437,58,10764.276955
-19.490072,59,10764.951722
-18.993912,91,10765.998468
-15.382719,113,10767.340425
-14.911275,91,10768.512455
-8.477238,37,10768.975611
-11.492011,47,10769.538805
-28.315725,226,10772.343854
-10.362792,46,10772.903829
-48.296432,446,10778.269906
-17.543342,57,10778.955164
-15.295934,60,10779.674218
-21.538829,86,10787.118337
-30.784512,207,10789.543642
-13.06973,56,10790.180362
-19.510482,55,10790.844595
-8.69807,41,10791.330281
-12.428332,49,10791.89028
-110.85605,500,10797.643541
-11.129972,48,10798.216565
-8.410711,43,10798.747204
-12.266169,60,10799.463595
-6.636451,36,10799.88069
-9.151423,42,10800.358031
-10.24946,46,10800.886654
-16.077525,44,10801.398294
-18.421991,72,10802.231779
-17.086844,97,10803.356554
-12.508892,50,10803.936784
-10.943003,58,10804.61245
-12.368835,48,10805.161993
-16.062703,54,10805.793783
-10.574966,47,10806.3285
-10.019211,44,10806.839117
-5.249724,35,10807.24404
-8.659762,73,10808.089987
-13.07468,62,10808.803728
-11.543843,102,10809.98755
-20.42167,61,10810.700027
-34.268628,301,10814.173924
-6.028883,35,10814.579819
-17.445603,103,10815.765665
-17.877035,179,10817.858065
-15.035071,89,10818.886001
-11.411544,47,10819.426484
-36.698386,252,10822.315944
-16.845447,53,10822.926296
-21.803497,267,10826.016834
-15.323462,85,10827.015015
-11.100361,50,10827.622031
-15.516774,101,10828.787578
-8.939501,36,10829.199453
-52.560485,500,10834.961821
-17.87313,204,10837.345751
-7.079621,35,10837.750291
-26.347851,193,10839.981025
-13.764783,53,10840.5824
-50.657344,424,10853.603531
-11.296947,79,10854.519067
-13.889508,27,10854.841211
-10.924482,120,10856.262972
-8.380935,38,10856.705795
-10.866644,71,10857.515536
-121.775244,394,10862.068377
-18.401535,60,10862.762532
-19.46393,92,10863.835324
-18.088664,88,10864.85318
-40.778387,328,10868.701609
-10.419056,41,10869.173357
-12.622852,57,10869.837875
-34.544206,133,10871.382085
-6.041946,36,10871.794013
-71.009975,500,10877.612763
-13.511419,43,10878.127833
-19.04236,93,10879.205673
-9.252241,42,10879.692108
-7.943419,34,10880.098
-10.774706,43,10880.586724
-7.24134,37,10881.011599
-11.146605,46,10881.551282
-18.112166,114,10882.87175
-68.127816,500,10888.678151
-14.196763,74,10889.527661
-7.660199,35,10889.929621
-16.026324,50,10890.504857
-10.370094,40,10890.960196
-15.110635,57,10891.606473
-36.739241,500,10897.432149
-20.044442,175,10899.45796
-48.918583,349,10903.564353
-10.326467,40,10904.032669
-12.10513,54,10904.658036
-15.271197,64,10905.394726
-10.042651,75,10906.260373
-50.965447,299,10909.740428
-15.150432,59,10910.412617
-8.490387,39,10910.909013
-14.680285,31,10913.95336
-43.854474,500,10919.768755
-56.699936,500,10925.528614
-17.867433,83,10926.535595
-86.994702,500,10932.331655
-29.531171,159,10934.15813
-97.315348,500,10939.95956
-15.56825,87,10940.961471
-19.616328,116,10942.290014
-18.515882,62,10943.005692
-15.349496,34,10943.39795
-13.626674,48,10943.945492
-8.682649,39,10944.396138
-12.840824,59,10945.087825
-10.959872,46,10945.622499
-33.395143,274,10948.937568
-11.339594,43,10949.447611
-7.984431,42,10949.947307
-11.066858,47,10950.515696
-14.091872,109,10951.813689
-17.631322,55,10952.47721
-22.249059,130,10954.04447
-56.031404,500,10960.075264
-12.158154,48,10960.652734
-11.305647,59,10961.357535
-14.8275,52,10961.983894
-52.092169,274,10965.260479
-6.596007,31,10965.628501
-16.560832,72,10966.519318
-12.309965,49,10967.1165
-12.16136,57,10967.787977
-10.489401,49,10968.393832
-12.822895,45,10968.939062
-16.998103,57,10969.627794
-19.529478,104,10970.878457
-11.258595,43,10971.384141
-68.197646,500,10982.741002
-13.746368,74,10983.593138
-10.942575,46,10984.120736
-77.197401,500,10990.138413
-46.101311,500,10996.208017
-8.971058,40,10996.684725
-17.958387,101,10997.92585
-5.380001,14,10998.09341
-8.087431,38,10998.543204
-26.573795,186,11000.784093
-34.546993,252,11003.792209
-25.264221,244,11006.721095
-9.836961,41,11007.288356
-45.731326,197,11009.755396
-24.706839,168,11011.817577
-13.39199,53,11012.45189
-17.346997,53,11013.093185
-20.31652,68,11013.914597
-16.7358,52,11014.546532
-52.670946,500,11020.624477
-8.909307,42,11021.128268
-15.008814,52,11021.751616
-12.735106,47,11022.322175
-25.894071,138,11023.978489
-17.583613,60,11024.710128
-9.635271,40,11025.18689
-12.878693,51,11025.803252
-14.117597,53,11026.431527
-66.648852,500,11032.480525
-18.065529,109,11033.778293
-9.347332,51,11034.389378
-9.32261,45,11034.929372
-20.077716,92,11036.037679
-26.378778,256,11045.468376
-14.778928,68,11046.268332
-9.050176,36,11046.692235
-40.32457,500,11052.834653
-10.264348,43,11053.359342
-10.557378,50,11053.953785
-13.978522,47,11054.524378
-5.313441,14,11054.689943
-8.718713,38,11055.141737
-5.785966,14,11055.310265
-9.490392,39,11055.776529
-7.59454,51,11056.380025
-18.806097,71,11057.232968
-6.055882,37,11057.681798
-7.566645,46,11058.253581
-9.41404,42,11058.751751
-46.47533,500,11064.794427
-3.142496,24,11065.08069
-13.255359,74,11065.974653
-17.261652,89,11067.029432
-18.231471,61,11067.764414
-58.309896,500,11073.829693
-27.502589,195,11076.155863
-41.051342,313,11079.960829
-12.660731,60,11080.680526
-14.193591,49,11081.26927
-17.72669,72,11082.126016
-25.064174,88,11083.198141
-8.510639,37,11083.641508
-10.193298,39,11084.102314
-26.430454,263,11087.257825
-10.719999,41,11087.746549
-14.827908,52,11088.364911
-32.424099,312,11092.126389
-11.167989,43,11092.638995
-8.992138,40,11093.112734
-28.752782,168,11095.125656
-48.30133,436,11100.409474
-15.537346,50,11101.004684
-14.312573,50,11101.594182
-9.378829,38,11102.051313
-18.194864,64,11102.815257
-6.482709,34,11103.212226
-52.936382,500,11113.527429
-7.338465,34,11113.918341
-16.127202,62,11114.676408
-24.441646,182,11116.786005
-15.182691,59,11117.474199
-16.965468,92,11118.532685
-13.003923,55,11119.176117
-16.804346,88,11120.185164
-12.699449,55,11120.820257
-11.673255,50,11121.418283
-11.395151,59,11122.101106
-60.95489,449,11127.372581
-9.378763,38,11127.837345
-71.199401,500,11133.967366
-27.244481,158,11135.890481
-13.495253,52,11136.512852
-13.337439,64,11137.289721
-11.125417,43,11137.80307
-18.734771,75,11138.702175
-47.677299,500,11144.764634
-9.927015,38,11145.231002
-50.595501,500,11151.226625
-19.938121,118,11152.646365
-10.968417,109,11153.944922
-12.494722,54,11154.596162
-14.233519,62,11155.381075
-10.906832,42,11155.879851
-13.168677,52,11156.490227
-5.897291,12,11156.631851
-10.975601,48,11157.205191
-18.992695,86,11158.252406
-15.485788,50,11158.852224
-7.666707,15,11159.038699
-8.992764,52,11159.663064
-11.132809,50,11160.275413
-9.520451,46,11160.832958
-14.085963,64,11161.609416
-46.593524,500,11167.838676
-32.264362,250,11179.783906
-12.091541,46,11180.322633
-9.235808,38,11180.767474
-8.667479,47,11181.304214
-13.461331,65,11182.05348
-49.824174,500,11187.881905
-16.429196,137,11189.471672
-9.749379,56,11190.124864
-14.570824,49,11190.690329
-13.812815,135,11192.238241
-16.882202,138,11193.839079
-15.799165,53,11194.449461
-10.787155,40,11194.922174
-20.046409,70,11195.778394
-8.256579,35,11196.180321
-50.233136,500,11201.9508
-50.732766,500,11207.73407
-47.470026,500,11213.490261
-12.173342,52,11214.085666
-8.759926,39,11214.542316
-16.867681,53,11215.145712
-9.018049,40,11215.600338
-8.387588,44,11216.146956
-13.384867,51,11216.733421
-17.915032,117,11218.091817
-10.029132,44,11218.599436
-11.910377,47,11219.139001
-15.339273,67,11219.909392
-11.12381,72,11220.736217
-12.861774,68,11221.531371
-10.026801,19,11221.745804
-10.745995,48,11222.294316
-6.607363,32,11222.675327
-11.953979,50,11223.259303
-9.761832,20,11223.504735
-134.11269,500,11229.341933
-29.673089,59,11230.030859
-10.692445,42,11230.512578
-69.085947,500,11236.304876
-17.423576,68,11242.200319
-8.624302,37,11242.609231
-7.600082,15,11242.773824
-20.264591,86,11243.719289
-17.927218,55,11244.328673
-17.113397,58,11244.993694
-8.295278,43,11245.486731
-8.912549,36,11245.907641
-12.807829,84,11246.915526
-11.970779,50,11247.501311
-6.920302,37,11247.918231
-13.70389,32,11248.289239
-16.810426,53,11248.897627
-64.213904,500,11254.64585
-48.278841,500,11260.451043
-15.499672,58,11261.118267
-19.399679,64,11261.843369
-11.315361,49,11262.406003
-17.482158,71,11263.209867
-137.42009,221,11265.815129
-9.306096,41,11266.290466
-9.364918,37,11266.712345
-8.851621,48,11267.257217
-37.0932,115,11268.577517
-4.957138,43,11269.066777
-47.908883,500,11274.90671
-13.667057,63,11275.661833
-11.956835,42,11276.168457
-17.539827,129,11277.708394
-8.630852,36,11278.139225
-11.151609,63,11278.900733
-14.185543,61,11279.632077
-32.031678,138,11281.316133
-17.177945,75,11282.218369
-10.203494,46,11282.777292
-12.14624,90,11283.864606
-101.609361,304,11287.552516
-16.705638,70,11288.381565
-12.888978,50,11288.983383
-8.013173,37,11289.459378
-13.316808,61,11290.277425
-8.535436,36,11290.739751
-14.017847,51,11291.359351
-22.368118,122,11292.878929
-6.672699,35,11293.316765
-50.511328,500,11299.34484
-15.596072,62,11300.092879
-30.989924,62,11300.838198
-7.189214,38,11306.986813
-17.691129,123,11308.371474
-24.852317,143,11309.969186
-17.982958,64,11310.708679
-3.048812,24,11310.98098
-12.597034,50,11311.568423
-12.857433,60,11312.249599
-11.682209,42,11312.734866
-10.932673,46,11313.27241
-141.688322,500,11319.071932
-14.458394,54,11319.704988
-13.486558,35,11320.108941
-23.561892,90,11321.146302
-12.043812,85,11322.132272
-31.364876,422,11327.060348
-20.999901,81,11328.009824
-18.646283,57,11328.666048
-13.622443,54,11329.291846
-14.608922,51,11329.881303
-6.583739,54,11330.524592
-14.70872,42,11331.004292
-8.323078,35,11331.404653
-13.851776,83,11332.35589
-2.625546,22,11332.61121
-16.955182,53,11333.216096
-26.422127,80,11334.180563
-52.796187,500,11339.921516
-12.149593,48,11340.474631
-10.290071,45,11340.998215
-23.043917,152,11342.764892
-16.816788,67,11343.540832
-8.927765,19,11343.757257
-19.109812,98,11344.941058
-14.35372,52,11345.534389
-4.898734,31,11345.899391
-26.745665,192,11348.120821
-16.594895,52,11348.71362
-7.729724,39,11349.162426
-9.793111,38,11349.612257
-6.839494,81,11350.541308
-16.820048,61,11351.24428
-13.167878,63,11351.964705
-33.166963,63,11352.691597
-25.076129,305,11356.214145
-9.594886,51,11356.796202
-7.077468,33,11357.190155
-11.410665,55,11357.820618
-12.695065,50,11358.392484
-9.424498,66,11359.166804
-13.800334,50,11359.744243
-20.524989,83,11360.734801
-14.05143,51,11361.330218
-11.274011,47,11361.868535
-12.31713,46,11362.395105
-36.475826,500,11370.147391
-9.698776,88,11371.168675
-16.763077,53,11371.791019
-6.998448,34,11372.180695
-16.441725,67,11372.948967
-11.979713,45,11373.473597
-8.099636,64,11374.199203
-6.676226,33,11374.57649
-12.308918,43,11375.073144
-11.262526,64,11375.805696
-6.8737,37,11376.267597
-12.855628,44,11376.782258
-12.106045,44,11377.289904
-13.961345,60,11377.987437
-15.859909,173,11379.987622
-18.486533,74,11380.831399
-8.118464,39,11381.278398
-11.886471,42,11381.76112
-10.602145,41,11382.229869
-15.572364,60,11382.921518
-10.188199,44,11383.428198
-14.055509,56,11384.08894
-19.664753,64,11384.82199
-11.563103,75,11385.700077
-18.472102,55,11386.375638
-14.094728,63,11387.107259
-60.926572,500,11392.896827
-11.705594,52,11393.50122
-42.292873,500,11399.351427
-20.180877,105,11400.578383
-11.617658,46,11401.104982
-16.909789,64,11401.836136
-45.35377,500,11407.62883
-18.373315,110,11408.890073
-48.398877,500,11414.885805
-11.334312,48,11415.474661
-12.578158,51,11416.087393
-10.797296,79,11417.07856
-12.383878,45,11417.610493
-17.133061,52,11418.244284
-83.754457,500,11424.275338
-8.947648,42,11424.787613
-43.158556,500,11436.373658
-9.605981,38,11436.819996
-16.784938,52,11437.41944
-13.911902,57,11438.125547
-5.790322,47,11438.675088
-16.968934,68,11439.484246
-26.162541,242,11442.280708
-21.593056,69,11443.073876
-36.655561,310,11446.645486
-11.647051,45,11447.176228
-16.315688,55,11447.84798
-47.395429,500,11453.627259
-9.056306,75,11454.492856
-8.660369,41,11454.975096
-10.390465,60,11455.665286
-12.371456,95,11456.747321
-15.304526,63,11457.477931
-17.502822,65,11458.263812
-15.717886,85,11459.239637
-7.813762,43,11459.764045
-17.003931,59,11460.448254
-45.725186,415,11465.289432
-7.680516,35,11465.705689
-7.762815,34,11466.103606
-41.516566,219,11468.671929
-9.928074,43,11469.166532
-8.052014,37,11469.5834
-16.087129,54,11470.199953
-42.429849,500,11475.985358
-51.423037,500,11481.773778
-30.136948,500,11487.556439
-10.130141,39,11488.018333
-12.195243,45,11488.57342
-9.741873,34,11493.992637
-6.30864,31,11494.40147
-8.357465,36,11494.827336
-13.153185,53,11495.44364
-45.727232,500,11501.280097
-8.52004,39,11501.729877
-18.145592,53,11502.349556
-12.848998,49,11502.908815
-11.158686,41,11503.393527
-26.611234,113,11504.67971
-15.311015,99,11505.800183
-11.072908,57,11506.45646
-16.706429,47,11506.997991
-7.208766,33,11507.377724
-16.874517,92,11508.484441
-12.856824,49,11509.047968
-12.073465,68,11509.833879
-3.50121,16,11510.022353
-14.450085,48,11510.57004
-15.731293,50,11511.147499
-12.037053,88,11512.165352
-26.751425,219,11514.682196
-13.400194,55,11515.311704
-15.02589,76,11516.183555
-41.949706,242,11519.112272
-11.032889,57,11519.812692
-10.068193,61,11520.55472
-15.852956,64,11521.374563
-15.344414,56,11522.056549
-20.274773,68,11522.873376
-78.628465,500,11528.960951
-9.320983,37,11529.405768
-15.433182,53,11530.039553
-11.293943,52,11530.670983
-86.108663,500,11536.668444
-12.381416,95,11537.803427
-18.058118,54,11538.46861
-13.206749,48,11539.05109
-9.326768,53,11539.686594
-19.385618,101,11540.902699
-11.752976,60,11541.625902
-5.8327,31,11541.999906
-16.522353,72,11542.861998
-19.712233,59,11543.569119
-11.523873,66,11544.355816
-12.578244,60,11545.081878
-5.758734,31,11545.464713
-11.369953,52,11546.097578
-33.67598,452,11551.578058
-10.401831,52,11552.196444
-13.187203,55,11552.850739
-10.567725,51,11553.456698
-2.524997,5,11558.253579
-11.504534,47,11558.847974
-11.827798,56,11559.514061
-42.738175,261,11562.507523
-57.62193,500,11568.264035
-39.051069,500,11574.100458
-11.656693,76,11574.973758
-11.07265,56,11575.620015
-7.683813,38,11576.051273
-20.578305,61,11576.751411
-21.432037,64,11577.494945
-12.873384,41,11577.968662
-22.651056,160,11579.828675
-31.659503,228,11582.47696
-40.810202,500,11588.373439
-132.960934,500,11594.1935
-13.262708,59,11594.877011
-11.613543,59,11595.550193
-114.366143,500,11601.331867
-12.946921,52,11601.937009
-78.76178,500,11607.759441
-2.978906,25,11608.062136
-8.930458,56,11608.733765
-13.171878,94,11609.816883
-106.725633,500,11615.635909
-3.806361,27,11615.945061
-10.0787,58,11621.098641
-63.367037,500,11626.886951
-18.450862,146,11628.606682
-15.736611,54,11629.223624
-66.876719,500,11634.976451
-38.491019,500,11640.766467
-10.567935,47,11641.316571
-5.606198,43,11641.813215
-11.75348,48,11642.370008
-12.293924,49,11642.935125
-85.032377,500,11648.75114
-49.292319,308,11652.483883
-37.254064,271,11655.865409
-18.092824,54,11656.507802
-15.172986,81,11657.525066
-45.907367,283,11660.902625
-13.376539,59,11661.611735
-32.831552,120,11663.056775
-10.783885,46,11663.604935
-35.31584,500,11669.671016
-11.173576,51,11670.275411
-14.53298,81,11671.256793
-21.26451,132,11672.839923
-28.28061,177,11674.972939
-10.376478,40,11675.459178
-14.587584,59,11676.158313
-10.182941,75,11677.052907
-21.679366,116,11678.47604
-17.737168,142,11683.427943
-21.704915,165,11685.382355
-11.117738,23,11685.649614
-8.199071,42,11686.137316
-18.440034,59,11686.812246
-38.345367,500,11692.647885
-16.159696,56,11693.285131
-22.072995,133,11694.829922
-14.876505,58,11695.492462
-10.101613,44,11695.993099
-37.482711,500,11701.798373
-10.853542,44,11702.300011
-8.720073,44,11702.809114
-10.003556,40,11703.263907
-11.389736,49,11703.827519
-12.740409,53,11704.429939
-13.00505,46,11704.966823
-21.459239,82,11705.907885
-15.605726,52,11706.512658
-9.639952,38,11706.95134
-22.313465,135,11708.556431
-12.329345,47,11709.09428
-14.87301,53,11709.701049
-80.833637,500,11715.454162
-12.383623,43,11715.941615
-14.224892,49,11716.504449
-10.757721,45,11717.025734
-16.640582,218,11719.560858
-8.85636,39,11720.004335
-8.703036,36,11720.419255
-16.41869,62,11721.144162
-10.362588,64,11721.885213
-14.980696,51,11722.466615
-12.189578,54,11723.082006
-9.838656,39,11723.5238
-54.65255,333,11727.391479
-21.971532,107,11728.624197
-7.898649,34,11729.063639
-14.889056,69,11729.870597
-13.568378,61,11730.581674
-18.104969,80,11731.516186
-11.80405,43,11732.021868
-69.110122,500,11737.797371
-16.830445,49,11738.356097
-8.15442,35,11738.758973
-14.225845,66,11739.580621
-19.368929,164,11745.431826
-12.514952,44,11745.961415
-11.462819,50,11746.539903
-7.604366,66,11747.303912
-12.88444,47,11747.858462
-28.642488,310,11751.488335
-9.655948,43,11751.986321
-10.04899,43,11752.478006
-11.07294,45,11752.986419
-16.462177,111,11754.263747
-67.338259,500,11760.051682
-9.425308,43,11760.547787
-6.993928,33,11760.947348
-18.228602,63,11761.670423
-11.874598,43,11762.18332
-15.958517,84,11763.184398
-19.464527,116,11764.662683
-12.858943,53,11765.308963
-10.870687,43,11765.889442
-71.10569,500,11771.946428
-54.3571,500,11777.95451
-8.275103,42,11778.452209
-12.266632,77,11779.368268
-27.693917,329,11783.384411
-15.395508,56,11784.058777
-15.134842,55,11784.717145
-9.455732,42,11785.221504
-10.039653,42,11785.723193
-68.182146,500,11791.770754
-47.410859,500,11797.761457
-12.34259,44,11798.282439
-16.864147,74,11799.17874
-11.574964,61,11799.912685
-18.115559,105,11801.212821
-13.350009,46,11801.787725
-11.91538,42,11802.29715
-10.186181,41,11802.785847
-17.461951,125,11804.288337
-7.97224,34,11804.689265
-11.038627,44,11809.279206
-9.534929,37,11809.74165
-10.069675,40,11810.19746
-55.287126,500,11816.001317
-5.380236,46,11816.531842
-15.074222,53,11817.14782
-15.758155,66,11817.904562
-64.362189,500,11823.764836
-7.3503,38,11824.204637
-42.037587,397,11828.792801
-10.413117,47,11829.338378
-2.787166,21,11829.588682
-8.337069,40,11830.048816
-12.045266,76,11830.95025
-14.237027,52,11831.574374
-41.421502,500,11837.567118
-20.748058,73,11838.436089
-12.13056,71,11839.281781
-10.09113,45,11839.831293
-16.650178,47,11840.38374
-12.330488,48,11840.970929
-9.269959,49,11841.596375
-47.119524,349,11845.804049
-12.833318,110,11847.128748
-15.474565,61,11847.868333
-37.817214,256,11850.945841
-11.44093,46,11851.553954
-10.200549,77,11852.476496
-8.040386,40,11852.948265
-7.919189,35,11853.369119
-10.725259,51,11853.975505
-19.287343,142,11855.6846
-14.774127,50,11856.280983
-9.32565,39,11856.747769
-15.172772,65,11857.528968
-7.530428,36,11857.976292
-17.54633,63,11858.725832
-12.009372,43,11859.240957
-13.591266,61,11859.969018
-17.453919,89,11861.021229
-27.35458,210,11863.635572
-15.013305,68,11864.444423
-11.928126,47,11865.004926
-71.164573,500,11877.428424
-38.950616,227,11880.045783
-14.090534,55,11880.679476
-9.899055,38,11881.117446
-9.587628,38,11881.555255
-8.628163,39,11882.047822
-12.159026,80,11882.963411
-17.147066,77,11883.851021
-12.087465,50,11884.422115
-52.942393,355,11888.527942
-12.706852,45,11889.039747
-7.452322,34,11889.439713
-10.2702,39,11889.897506
-15.021973,55,11890.534257
-9.220819,37,11890.957139
-12.669636,44,11891.478467
-15.476807,101,11892.687219
-11.981296,71,11893.499545
-10.530976,46,11894.023178
-12.546713,44,11894.543527
-24.752163,160,11896.385672
-27.326686,221,11898.934786
-18.682706,102,11900.120598
-13.483887,55,11900.807766
-16.082322,109,11902.183748
-11.276072,47,11902.758218
-15.559093,134,11904.412088
-15.479147,75,11905.317239
-14.656327,99,11906.510663
-87.104641,500,11912.579223
-9.501021,40,11913.055166
-39.170232,321,11916.896346
-15.279376,77,11917.830033
-49.644481,472,11923.533738
-37.379955,295,11927.060753
-7.551771,33,11927.448749
-9.592092,47,11928.014406
-9.966912,42,11928.515867
-9.539397,43,11929.033
-7.435716,70,11929.87276
-7.875665,57,11930.553348
-10.079024,44,11931.094515
-62.610002,375,11941.997782
-56.748993,500,11947.831797
-15.408231,51,11948.42039
-12.943039,78,11949.319997
-14.798327,102,11950.495003
-28.022838,255,11953.423986
-14.345372,51,11954.067274
-11.88557,43,11954.557991
-77.699725,500,11960.340393
-13.895203,48,11960.905318
-10.650482,44,11961.422826
-9.354757,43,11961.933495
-22.113893,132,11963.479674
-32.303803,500,11969.267117
-3.403981,24,11969.538751
-8.323539,40,11969.99901
-12.271128,84,11970.953491
-21.208904,73,11971.795739
-18.508032,93,11972.868738
-105.793834,500,11978.702874
-14.26266,87,11979.717279
-7.253158,14,11979.873834
-44.40729,500,11985.66739
-18.370907,164,11987.556794
-17.161258,109,11988.823422
-12.943936,97,11989.936483
-13.289062,57,11990.590878
-18.9156,87,11991.589652
-13.161766,79,11992.497472
-15.050148,54,11993.120538
-11.635636,50,11993.70097
-12.927343,47,11994.241529
-19.284185,100,11995.424403
-18.327253,107,11996.664803
-45.97689,299,12005.182661
-41.531111,500,12010.946506
-11.324628,48,12011.502992
-52.696127,500,12017.32192
-9.937463,50,12017.892375
-13.114615,56,12018.530843
-10.876791,42,12019.018987
-19.72139,96,12020.116852
-10.579712,68,12020.892789
-19.574209,116,12022.3077
-19.303052,197,12024.779942
-28.708178,246,12027.775818
-18.945268,73,12028.640791
-4.411437,13,12028.796367
-12.07618,52,12029.420229
-15.852538,56,12030.099889
-9.889112,60,12030.825171
-22.021542,117,12032.24611
-9.129842,43,12032.765726
-42.662071,500,12038.821345
-7.918674,20,12039.056718
-17.124666,83,12040.041404
-7.46441,33,12040.445356
-7.875767,39,12040.92045
-9.212608,40,12041.401141
-59.649252,500,12047.429809
-18.146452,92,12048.535171
-10.09399,44,12049.064294
-10.449805,41,12049.555011
-18.854032,78,12050.495017
-6.509695,14,12050.656588
-7.689546,42,12051.158281
-8.533218,63,12051.914511
-15.60957,73,12052.791986
-8.495697,37,12053.235776
-14.577902,55,12053.896346
-17.062411,58,12054.602279
-9.522205,50,12055.20144
-21.144647,86,12056.220178
-7.786186,34,12056.676698
-17.062849,70,12057.504206
-12.511764,45,12058.04377
-17.262423,79,12058.980732
-10.610181,42,12059.486993
-9.470417,46,12060.041523
-11.828415,56,12060.715416
-19.997818,160,12062.635976
-19.796172,115,12068.115855
-9.658196,49,12068.694439
-12.32199,53,12069.298473
-56.00119,500,12075.045594
-28.240638,195,12077.34719
-21.22296,173,12079.431883
-45.878515,500,12085.498797
-6.174186,13,12085.649396
-12.285802,82,12086.639759
-28.879355,203,12089.117156
-10.666085,44,12089.646608
-5.068527,30,12090.007622
-8.022234,37,12090.450466
-34.138989,296,12094.009605
-10.897962,73,12094.876568
-6.036644,31,12095.25356
-53.886887,500,12101.319956
-11.095656,46,12101.876498
-13.150348,41,12102.374223
-90.497343,500,12108.408778
-6.304499,62,12109.147785
-6.36194,13,12109.29987
-59.051811,483,12115.113439
-48.736297,500,12121.313166
-17.406445,69,12122.14821
-17.935912,96,12123.304107
-9.689073,39,12123.76958
-11.728399,47,12124.327071
-3.44248,26,12124.637872
-18.923425,93,12125.758829
-16.595325,55,12126.422038
-16.970096,105,12127.692654
-14.44064,34,12131.603543
-9.493429,47,12132.173773
-11.394133,84,12133.147712
-11.863473,101,12134.308239
-9.001464,38,12134.741345
-11.417765,80,12135.66619
-9.25226,51,12136.247855
-13.800573,97,12137.377934
-11.172334,32,12137.753135
-27.68625,244,12140.608155
-7.91919,39,12141.06793
-18.345595,72,12141.897721
-12.995975,46,12142.444264
-19.44717,82,12143.391579
-15.407411,53,12143.996968
-16.55198,54,12144.61707
-14.740473,49,12145.198726
-13.803404,46,12145.743757
-37.180618,500,12151.654191
-9.384377,39,12152.122469
-7.678624,16,12152.310963
-10.691112,48,12152.882503
-4.080955,27,12153.199658
-62.195666,500,12159.247903
-67.427879,500,12165.248696
-26.316492,179,12167.394749
-50.878231,500,12173.45284
-27.98693,181,12175.615719
-18.49829,64,12176.387042
-18.884929,83,12177.380677
-8.658941,37,12177.825496
-15.333984,73,12178.694178
-24.611872,158,12180.645091
-17.555911,89,12181.718268
-12.88082,68,12182.535828
-7.439027,65,12183.310265
-19.439248,89,12184.36989
-21.572167,87,12185.425927
-15.838174,95,12186.570681
-49.810181,500,12198.823109
-12.04167,49,12199.412246
-12.370628,51,12199.972801
-12.201884,79,12200.892918
-20.952707,105,12202.09986
-13.590918,70,12202.899054
-9.285306,44,12203.411689
-11.881071,42,12203.889875
-21.450149,95,12204.987979
-6.471695,33,12205.375319
-10.265433,50,12205.952783
-12.10767,55,12206.602043
-12.872896,65,12207.348639
-44.563385,500,12213.136418
-13.220797,51,12213.730835
-7.942594,40,12214.185226
-13.58797,60,12214.878356
-61.97845,358,12219.00708
-52.072732,500,12224.819823
-18.851824,56,12225.46472
-9.000471,36,12225.881586
-14.738871,55,12226.501326
-14.196222,82,12227.443812
-9.495289,40,12227.909289
-7.516489,34,12228.30374
-55.159453,500,12234.144373
-16.659855,53,12234.749791
-15.991234,68,12235.537242
-5.94005,31,12235.911246
-16.066515,70,12236.718199
-12.236669,53,12237.320775
-16.005758,69,12238.116995
-12.970026,78,12239.02978
-13.87174,57,12239.691295
-14.424574,49,12240.268727
-13.868934,115,12241.621848
-2.752265,22,12241.872183
-50.854134,500,12247.656934
-19.055392,96,12248.761118
-9.392358,42,12249.247798
-7.495988,34,12249.656708
-22.597371,162,12251.588182
-12.397076,82,12252.592157
-8.762835,42,12253.096031
-11.951092,48,12253.674979
-11.813406,77,12254.595528
-14.700158,84,12260.177514
-51.563403,500,12266.030023
-9.576464,46,12266.579773
-12.451726,59,12267.270308
-11.873172,51,12267.859682
-12.58231,69,12268.671127
-9.265283,41,12269.135901
-18.081947,97,12270.261156
-15.053959,108,12271.54419
-13.83307,121,12272.955986
-12.838703,78,12273.863596
-15.649492,63,12274.612833
-11.384778,47,12275.169014
-5.549301,49,12275.729545
-29.782738,226,12278.319581
-45.25375,500,12284.127224
-12.470124,48,12284.67876
-15.176046,48,12285.225263
-12.526238,44,12285.727924
-56.596449,400,12290.381171
-12.602295,56,12291.030053
-8.615086,55,12291.668353
-12.857177,49,12292.278312
-13.250217,83,12293.239075
-12.312666,47,12293.77863
-10.830491,68,12294.563535
-26.22275,207,12296.970039
-17.631437,60,12297.66461
-54.0133,385,12302.144642
-13.558836,71,12302.960493
-12.794926,46,12303.492084
-8.622134,39,12303.934368
-7.789325,41,12304.428078
-11.84936,49,12304.988996
-41.481981,500,12310.805228
-6.840048,39,12311.246054
-20.796682,110,12312.543182
-8.828764,44,12313.053845
-9.12219,44,12313.562624
-11.128136,48,12314.111186
-11.248004,79,12315.020317
-33.844349,215,12317.49584
-20.441273,89,12326.041331
-12.60363,66,12326.804437
-9.359859,41,12327.288849
-12.161144,74,12328.146539
-56.442324,500,12334.027846
-14.481894,51,12334.636595
-10.953,51,12335.257721
-16.076475,50,12335.837523
-17.895974,135,12337.411762
-14.797115,108,12338.663063
-19.534815,74,12339.51845
-20.148994,82,12340.484545
-12.434371,50,12341.060216
-10.668264,60,12341.749508
-20.127411,221,12344.324849
-26.351029,143,12345.996569
-10.124497,59,12346.691753
-11.181626,42,12347.171918
-9.452906,37,12347.599779
-9.595183,43,12348.098451
-16.92488,65,12348.851091
-60.820725,500,12354.666549
-12.417653,43,12355.164411
-18.549949,65,12355.914646
-14.926765,56,12356.564538
-18.650545,76,12357.437749
-23.695021,217,12359.930626
-15.219461,88,12360.953901
-14.655241,57,12361.609824
-27.197198,136,12363.227765
-14.867238,60,12363.961809
-45.387184,500,12370.102656
-10.539255,47,12370.65985
-17.114484,67,12371.461299
-15.383227,44,12371.996627
-17.71993,148,12373.873714
-14.143253,65,12374.688545
-17.051171,62,12375.441199
-10.913292,65,12376.215139
-12.779668,44,12376.750227
-62.586454,500,12382.76701
-17.768001,107,12384.063984
-8.010662,59,12384.802018
-65.2591,424,12397.425245
-13.64277,50,12397.99119
-8.481841,36,12398.415061
-31.824294,281,12401.638644
-34.298207,500,12407.427274
-11.850352,48,12407.988279
-13.082379,50,12408.563602
-12.681815,44,12409.082618
-7.55896,18,12409.288527
-13.893803,55,12409.924856
-30.47051,251,12412.825922
-10.477807,45,12413.344627
-12.817072,60,12414.039584
-9.588569,38,12414.478423
-11.219576,50,12415.050233
-13.533943,55,12415.679557
-16.750141,53,12416.317857
-43.594323,378,12420.902162
-11.27047,41,12421.409793
-16.201925,98,12422.589772
-12.713037,53,12423.2356
-44.326121,500,12429.294317
-8.503107,38,12429.753659
-16.983892,77,12430.67818
-17.471719,88,12431.742019
-7.471276,33,12432.136996
-15.824876,73,12433.027931
-38.97077,500,12439.097813
-11.884526,57,12439.785207
-12.920916,120,12441.228919
-13.778961,50,12441.843014
-15.334994,54,12442.48959
-9.265492,40,12442.977134
-11.15937,46,12443.532519
-14.300768,80,12444.499114
-42.446851,500,12450.584262
-12.96911,86,12451.605082
-18.466639,99,12458.072654
-8.805572,36,12458.488835
-9.168562,46,12459.015733
-10.414505,108,12460.270392
-13.630196,56,12460.902328
-12.934331,60,12461.5928
-27.953169,275,12464.799072
-12.568531,53,12465.408473
-8.870399,42,12465.888212
-52.755303,500,12471.677312
-8.61482,50,12472.254745
-9.840428,38,12472.684629
-10.201962,78,12473.583634
-12.423332,62,12474.303693
-9.362852,75,12475.157173
-15.354012,52,12475.749595
-10.078843,46,12476.275342
-15.505645,55,12476.902672
-25.010998,160,12478.771738
-45.920291,420,12483.600238
-25.571349,146,12485.272272
-13.850811,73,12486.106191
-7.440657,38,12486.551001
-19.305815,73,12487.39927
-12.610881,50,12487.979702
-18.952346,58,12488.685393
-8.192311,35,12489.08756
-8.899784,50,12489.685986
-8.75392,44,12490.214597
-11.026495,56,12490.890796
-11.346785,42,12491.397476
-19.003259,67,12492.205654
-12.843629,51,12492.838967
-9.095172,43,12493.359612
-9.844921,41,12493.862795
-9.209956,47,12494.424978
-47.46617,500,12500.486358
-11.958216,43,12501.006121
-17.843768,152,12502.821037
-30.35978,214,12505.40554
-6.094591,15,12505.600055
-16.694157,60,12506.325475
-11.750902,48,12506.908921
-9.186492,38,12507.39256
-8.739673,24,12507.680131
-18.609044,75,12508.599877
-10.774861,46,12509.177533
-19.061816,109,12510.486046
-14.743881,112,12511.829279
-27.720265,216,12514.41844
-8.756651,50,12515.023253
-11.632952,50,12515.63118
-11.265108,70,12516.471396
-5.625101,50,12523.662858
-6.04767,61,12524.364223
-53.236438,500,12530.153837
-6.319357,37,12530.577181
-10.107593,41,12531.044489
-50.126571,500,12536.785962
-8.018859,42,12537.261217
-14.120404,87,12538.261612
-13.092222,81,12539.191165
-12.585562,26,12539.493333
-8.549453,37,12539.923357
-11.869814,43,12540.465889
-12.081313,51,12541.048561
-5.061814,9,12541.146301
-13.633168,89,12542.189446
-12.529047,51,12542.778906
-13.432194,50,12543.36332
-17.527931,70,12544.188142
-8.107579,53,12544.796518
-24.214716,235,12547.524355
-23.066714,247,12550.403848
-11.309748,90,12551.439491
-10.67117,46,12551.96606
-18.055966,91,12553.011737
-21.216303,241,12555.775087
-46.43523,500,12561.590721
-8.589269,40,12562.063491
-13.207132,51,12562.662175
-8.9715,104,12563.86245
-18.070979,85,12564.841612
-16.920805,58,12565.507061
-27.639547,282,12568.801746
-20.667062,79,12569.70636
-18.153512,75,12570.569747
-12.74074,52,12571.212038
-10.80221,44,12571.714696
-10.901294,48,12572.258826
-39.903988,500,12578.044208
-22.16696,115,12579.361893
-20.23897,89,12580.386117
-15.23824,93,12585.917099
-18.314494,56,12586.56293
-30.537426,331,12590.393295
-17.237524,75,12591.255897
-77.342011,500,12597.06834
-7.912558,36,12597.491218
-10.617155,50,12598.078549
-71.120562,500,12603.873143
-8.620117,43,12604.360124
-10.410979,43,12604.859993
-17.448246,90,12605.892531
-19.661387,65,12606.642361
-10.313383,39,12607.095156
-12.412517,47,12607.633751
-11.69013,48,12608.204465
-4.669275,57,12608.869664
-15.441944,57,12609.532044
-9.390051,42,12610.020742
-12.426472,57,12610.680579
-12.428198,49,12611.245075
-10.488016,44,12611.753602
-8.390232,39,12612.198446
-8.999371,40,12612.71507
-11.466832,69,12613.533578
-14.788302,106,12614.80896
-18.032812,56,12615.489197
-8.926306,38,12615.942991
-6.795931,20,12616.189758
-25.953332,223,12618.8558
-7.846972,14,12619.027311
-13.580853,85,12620.050894
-18.2905,55,12620.707124
-47.258395,500,12626.850784
-17.499131,133,12628.508455
-12.525586,67,12629.356728
-12.578197,62,12630.113714
-8.932686,39,12630.580469
-19.384441,117,12631.986725
-13.341501,64,12632.757271
-19.757847,88,12633.868318
-12.141075,50,12634.463385
-14.751931,54,12635.104673
-16.758757,67,12635.912843
-8.19658,38,12636.371595
-16.641967,68,12637.184428
-58.835493,500,12643.157856
-11.612785,47,12643.771561
-19.2071,91,12644.863584
-2.081884,4,12649.917042
-9.950046,40,12650.440908
-72.283917,487,12656.10127
-20.345881,129,12657.587997
-36.737246,327,12661.393094
-8.992357,40,12661.867804
-22.761507,72,12662.723132
-15.437441,79,12663.663391
-11.520519,45,12664.200463
-8.49171,52,12664.875662
-22.207649,177,12667.006431
-7.389866,35,12667.424638
-55.982312,500,12673.444669
-12.031537,47,12674.000028
-6.899769,32,12674.386996
-12.911593,49,12675.015627
-9.866764,54,12675.653309
-14.533095,102,12676.881737
-12.217773,73,12677.754022
-18.546711,60,12678.483411
-10.754418,42,12678.990499
-45.728239,450,12684.37516
-14.768655,59,12685.125486
-13.91835,73,12685.995438
-8.056533,23,12686.270814
-24.524107,169,12688.310803
-10.975108,52,12688.930679
-10.386727,39,12689.399456
-28.039988,183,12691.585315
-9.971465,39,12692.066001
-14.362594,53,12692.707509
-18.754381,180,12694.859717
-17.719972,74,12695.799643
-9.712524,40,12696.274806
-12.79282,52,12696.903162
-47.413171,500,12702.892676
-13.889355,92,12704.001569
-19.840472,102,12705.220064
-12.686424,60,12705.979486
-9.640162,45,12706.528026
-13.49125,57,12707.212318
-23.053804,134,12708.827806
-11.64206,43,12709.338475
-57.925565,500,12721.586185
-13.365698,64,12722.324095
-17.371977,135,12723.87653
-17.600553,65,12724.615509
-17.602021,57,12725.263888
-12.541404,51,12725.853851
-13.388904,51,12726.445171
-13.504443,76,12727.365575
-17.726928,67,12728.167666
-15.666169,56,12728.842839
-12.606345,50,12729.44184
-8.607069,48,12730.020266
-17.970807,61,12730.760735
-20.143976,161,12732.692168
-18.048389,119,12734.119866
-19.972414,69,12734.937662
-15.95757,52,12735.556042
-5.526282,31,12735.931067
-11.168227,42,12736.431286
-15.779663,51,12737.069585
-39.518176,198,12739.44965
-19.112351,94,12740.591528
-38.138141,432,12745.768112
-10.761243,42,12746.282905
-9.203004,42,12746.778588
-14.267215,53,12747.439796
-10.084512,41,12747.962432
-15.821709,53,12748.608679
-31.335556,131,12750.183612
-12.137056,48,12750.764093
-9.00627,40,12751.24234
-20.22808,83,12752.226087
-9.841869,39,12752.697995
-25.082062,111,12754.035876
-21.564299,213,12756.57949
-25.969651,125,12758.127871
-25.888358,324,12762.032853
-15.784893,62,12762.767883
-12.108126,49,12763.365453
-79.459743,500,12769.402903
-21.075823,166,12771.395707
-9.261702,43,12771.902359
-8.410687,39,12772.372104
-12.374407,48,12772.943556
-10.033172,45,12773.47816
-19.222214,112,12774.83853
-11.180608,43,12775.361109
-14.075285,68,12779.530809
-93.886537,500,12785.330398
-9.324194,40,12785.791198
-18.531039,84,12786.764718
-6.605384,37,12787.19586
-8.142479,36,12787.634024
-8.943069,40,12788.158625
-19.946209,66,12788.951093
-5.214933,32,12789.333608
-12.853341,61,12790.073225
-11.072279,45,12790.620129
-10.139791,48,12791.213258
-12.273321,57,12791.90185
-34.98788,208,12794.399132
-4.822038,30,12794.775155
-8.43339,38,12795.232937
-9.833644,38,12795.67975
-32.507065,500,12801.729691
-14.292024,124,12803.228261
-38.255588,291,12806.748264
-8.070488,21,12806.999623
-12.087644,75,12807.897201
-49.355559,500,12813.888174
-52.22184,90,12814.957299
-31.920766,168,12817.014408
-11.719947,56,12817.68439
-10.355729,39,12818.15572
-15.157919,94,12819.295307
-12.415725,45,12819.83886
-8.801483,40,12820.324796
-18.871027,113,12821.682067
-10.629103,41,12822.172766
-9.058897,37,12822.622559
-8.127306,43,12823.134737
-9.46605,38,12823.588123
-9.114038,39,12824.064491
-9.203997,43,12824.588123
-24.660472,215,12827.238195
-13.293013,53,12827.872067
-17.601336,111,12829.203058
-26.927382,187,12831.427104
-13.366671,46,12831.977637
-15.837077,55,12832.626461
-9.622212,41,12833.115868
-51.171212,500,12839.205278
-9.70522,32,12845.617206
-23.589453,95,12846.755793
-12.790215,54,12847.42034
-11.326684,22,12847.689348
-10.568703,43,12848.203974
-16.079137,61,12848.927497
-8.431417,15,12849.10602
-9.982302,46,12849.65359
-10.541346,94,12850.784546
-12.444948,62,12851.524601
-19.284631,72,12852.382692
-10.487034,58,12853.082291
-19.743159,152,12854.903107
-18.071863,54,12855.5529
-9.635767,39,12856.030626
-8.449631,38,12856.500398
-19.476974,68,12857.308148
-19.763334,62,12858.090068
-13.908713,55,12858.745685
-13.405327,54,12859.38695
-6.789461,35,12859.803087
-18.010451,80,12860.759931
-11.651521,45,12861.297472
-14.424527,67,12862.106344
-23.691953,165,12864.093997
-6.117675,35,12864.512908
-7.533019,39,12864.981597
-15.637679,50,12865.574991
-10.678896,53,12866.202232
-11.968666,47,12866.763921
-12.207372,81,12867.726589
-12.801283,49,12868.392818
-11.610344,62,12869.226566
-7.210218,35,12869.67836
-14.074366,52,12870.306712
-10.43202,42,12870.816477
-13.065936,51,12871.456769
-8.235836,51,12872.087653
-15.074553,64,12872.851808
-13.118249,94,12873.996079
-10.549579,42,12874.510731
-15.870405,52,12875.137067
-19.05896,162,12877.088129
-24.185544,195,12879.518219
-14.442835,60,12880.253815
-16.288006,76,12881.146535
-13.834429,51,12881.757607
-11.424348,46,12882.321487
-8.514342,38,12882.778126
-16.597689,76,12883.690693
-13.145668,51,12884.301924
-32.605542,387,12888.961907
-14.525879,93,12890.076707
-9.659331,40,12890.562388
-14.043369,47,12891.135338
-13.529033,48,12891.704613
-14.122185,60,12892.420675
-70.245836,500,12898.433332
-11.247808,45,12899.023762
-51.870287,500,12905.031515
-9.978979,40,12905.506221
-8.814056,15,12905.685743
-11.542664,45,12910.689969
-11.375301,69,12911.489154
-10.28407,66,12912.252616
-66.870968,500,12918.01201
-10.953638,47,12918.554539
-17.387737,59,12919.233263
-14.678643,89,12920.316535
-13.758316,101,12921.486364
-18.152624,109,12922.750637
-24.942411,49,12923.310442
-12.976328,54,12923.928457
-9.505253,42,12924.418933
-10.168244,39,12924.87795
-14.525114,48,12925.440449
-9.304325,40,12925.903703
-23.464999,262,12928.942436
-40.127539,500,12934.760275
-8.4177,39,12935.209074
-153.62347,500,12941.023207
-22.000861,74,12941.929602
-25.354861,159,12943.840079
-16.779972,56,12944.505298
-10.692559,44,12945.055214
-30.323856,129,12946.611198
-18.771485,68,12947.42313
-12.533748,53,12948.070918
-13.409941,49,12948.655133
-12.555919,98,12949.821457
-15.60635,90,12950.929202
-51.345784,500,12956.920121
-17.499227,100,12958.117393
-8.173702,37,12958.558249
-14.810045,64,12959.3384
-11.270338,22,12959.601111
-14.328981,59,12960.306492
-8.202259,36,12960.74939
-16.094235,78,12961.724455
-21.34209,77,12962.6573
-37.96187,386,12967.300014
-18.635771,72,12968.157004
-35.904284,204,12976.153026
-29.981666,211,12978.592631
-14.330316,47,12979.142745
-34.228414,219,12981.680549
-9.006013,50,12982.286999
-12.977082,50,12982.873459
-18.571624,70,12983.694266
-16.066634,69,12984.492062
-13.422492,46,12985.029214
-14.948772,51,12985.620248
-18.508488,90,12986.665435
-19.609202,72,12987.522935
-13.580534,92,12988.60719
-16.567795,93,12989.687991
-19.825159,61,12990.397687
-15.664912,87,12991.410984
-13.542794,46,12991.941822
-3.700649,25,12992.235262
-18.074289,112,12993.602942
-51.400431,500,12999.599052
-25.390907,159,13001.501261
-10.513036,44,13002.039848
-12.732317,55,13002.69807
-8.502013,38,13003.20796
-9.198417,43,13003.729357
-12.094811,68,13004.550202
-16.152359,74,13005.452666
-11.179258,51,13006.072447
-10.493734,68,13006.889273
-31.190909,203,13009.325872
-12.943639,48,13009.912945
-8.720839,36,13010.346758
-14.569298,76,13011.266517
-14.622001,48,13011.843009
-11.119607,88,13012.905416
-10.050574,42,13013.408076
-17.117741,58,13014.149207
-54.157231,500,13020.194278
-13.515115,82,13021.181115
-11.743733,47,13021.742618
-15.5339,56,13022.415664
-34.370204,384,13027.081473
-11.442376,50,13027.693245
-38.023106,500,13033.700831
-15.549824,55,13034.398425
-20.954044,98,13042.943335
-11.952953,68,13043.727012
-50.995694,500,13049.553554
-17.331162,81,13050.49059
-15.022986,49,13051.061722
-24.003646,126,13052.516367
-11.385259,43,13053.011529
-15.843063,80,13053.938939
-22.297408,121,13055.331969
-8.077973,14,13055.496506
-13.030424,70,13056.356296
-7.671801,34,13056.763847
-19.12245,122,13058.175508
-7.383709,37,13058.599934
-24.516318,110,13059.863154
-19.484296,209,13062.276322
-11.635304,47,13062.82278
-13.032233,51,13063.416169
-15.792145,32,13063.789175
-59.06061,500,13069.602589
-13.021773,59,13070.267875
-15.258118,54,13070.897167
-9.68043,59,13071.578781
-7.399405,32,13071.948794
-8.734094,59,13072.626237
-14.090671,57,13073.295096
-10.446307,58,13073.96296
-40.759535,234,13076.658765
-9.719287,42,13077.185953
-55.892317,500,13082.992782
-12.681798,47,13083.560293
-19.700251,66,13084.415987
-14.819083,63,13085.211287
-7.505077,35,13085.651573
-9.974061,46,13086.236476
-17.66633,71,13087.156024
-30.794315,500,13093.182182
-7.563508,35,13093.612036
-11.003917,41,13094.099947
-7.255082,33,13094.497915
-13.115594,49,13095.106278
-39.163367,500,13101.139333
-8.324866,18,13104.819609
-10.902089,45,13105.358638
-7.432544,37,13105.795036
-11.185898,50,13106.398765
-16.45173,68,13107.189723
-12.483199,45,13107.759169
-19.13241,87,13108.771501
-11.204973,48,13109.323455
-7.723707,37,13109.751289
-13.143294,55,13110.394604
-11.038034,41,13110.863324
-22.387494,70,13111.665739
-9.055273,42,13112.154435
-12.535446,67,13112.930338
-12.158596,59,13113.610978
-9.224134,44,13114.131593
-16.144948,59,13114.817448
-19.14708,67,13115.588363
-15.324159,51,13116.173105
-13.409273,53,13116.801533
-38.144338,500,13122.614039
-38.980529,500,13128.382706
-14.543709,49,13128.964435
-12.56233,67,13129.734368
-9.096118,36,13130.145216
-13.965454,53,13130.764535
-14.885184,55,13131.404828
-24.07797,152,13133.181928
-15.146921,100,13134.344194
-8.262363,35,13134.74313
-6.910657,53,13135.363628
-15.533081,58,13136.030619
-55.880979,500,13141.876047
-8.398295,42,13142.360275
-10.265266,56,13143.01852
-11.293601,53,13143.643957
-9.938414,38,13144.08974
-8.204495,60,13144.780925
-55.811122,500,13150.625267
-7.884837,35,13151.024202
-15.296237,53,13151.627618
-37.094677,262,13154.645015
-17.345284,72,13155.47948
-10.166062,67,13156.244448
-12.780314,50,13156.821877
-12.480859,43,13157.3232
-17.887244,84,13158.300269
-16.401924,59,13158.977459
-37.735943,398,13168.193681
-12.691598,48,13168.752217
-21.201832,128,13170.276026
-8.330208,41,13170.746155
-11.016877,94,13171.831619
-63.28159,500,13177.588484
-13.157833,24,13177.858763
-10.122603,46,13178.411281
-11.70041,53,13179.016667
-20.996462,123,13180.470485
-16.516526,66,13181.231779
-8.874631,46,13181.772329
-8.162601,15,13181.943848
-19.362082,71,13182.761745
-13.11715,44,13183.269392
-19.324958,81,13184.190575
-18.689519,66,13184.952513
-13.028557,49,13185.526435
-16.753498,119,13186.889329
-36.849155,326,13190.618267
-141.820047,500,13196.410678
-18.612712,65,13197.157177
-19.991626,158,13198.981766
-8.948097,42,13199.457492
-13.145335,51,13200.041131
-10.653768,40,13200.495982
-13.898659,133,13202.072721
-22.424578,115,13203.457447
-8.868437,38,13203.920604
-14.166782,64,13204.688837
-17.008353,72,13205.56547
-12.96726,62,13206.305017
-15.971933,81,13207.290015
-15.456281,57,13207.994694
-9.321403,44,13208.512314
-75.251744,379,13213.101301
-9.786256,45,13213.637872
-35.162797,500,13219.657824
-6.335539,52,13220.293256
-12.856576,48,13220.855785
-11.07252,57,13221.545274
-9.704955,18,13221.759224
-16.179892,67,13222.603721
-8.530743,62,13223.360301
-16.874027,64,13224.130862
-17.093831,67,13224.941191
-16.021159,84,13225.972553
-5.634838,37,13226.420238
-4.366951,14,13230.013527
-12.616078,80,13230.966005
-51.506335,500,13237.148168
-6.606134,31,13237.524581
-13.384547,51,13238.150886
-9.589767,55,13238.824091
-7.074499,47,13239.387094
-15.240763,93,13240.49389
-12.300687,52,13241.118779
-17.299734,110,13242.473789
-3.198588,27,13242.794932
-5.627305,50,13243.418685
-9.290924,41,13243.913337
-7.226543,33,13244.307888
-13.35135,51,13244.912592
-8.010441,38,13245.381561
-15.077139,49,13245.972614
-9.119278,45,13246.505757
-15.069937,58,13247.198799
-12.032636,48,13247.778549
-18.3095,89,13248.856288
-25.412299,202,13251.298303
-10.115271,45,13251.840858
-18.892004,69,13252.674091
-42.029481,500,13258.727596
-16.628267,75,13259.625278
-11.732839,51,13260.239255
-58.845929,500,13266.381208
-7.619947,34,13266.801205
-15.591068,55,13267.462879
-52.622467,500,13273.472134
-9.850215,38,13273.9259
-10.831988,50,13274.55321
-42.652359,500,13280.560863
-11.310239,48,13281.144738
-12.903452,53,13281.782044
-73.03743,324,13285.711464
-21.118055,80,13286.666491
-16.92677,68,13287.491958
-5.92289,46,13288.05089
-7.955649,35,13288.472413
-12.916632,49,13289.053891
-32.931772,137,13294.377715
-9.618949,52,13294.985654
-8.504101,39,13295.451383
-11.69451,74,13296.378447
-22.508948,157,13298.261662
-9.942596,47,13298.815214
-17.78556,210,13301.3368
-10.422929,40,13301.836787
-11.222261,46,13302.382327
-11.950849,48,13302.945554
-9.123288,40,13303.423378
-14.803177,73,13304.299014
-19.277993,61,13305.03022
-12.280919,59,13305.741323
-17.660212,50,13306.382416
-18.873495,73,13307.255757
-11.897032,118,13308.669809
-14.268893,50,13309.280128
-12.468528,48,13309.855592
-24.056278,64,13310.629528
-14.086457,70,13311.468855
-10.321397,57,13312.149071
-8.699124,43,13312.665565
-11.972547,54,13313.307827
-11.87232,50,13313.903055
-10.188569,40,13314.380256
-11.786677,80,13315.329259
-27.887392,100,13316.564965
-15.439761,60,13317.301031
-9.914647,49,13317.888953
-11.962595,65,13318.705746
-12.526921,62,13319.505381
-10.028261,49,13320.090338
-13.177182,110,13321.456828
-12.831605,54,13322.104763
-12.895602,69,13322.923916
-20.431577,163,13324.865063
-10.406897,41,13325.373739
-11.753026,50,13325.982358
-13.647416,51,13326.591762
-9.362751,38,13327.08309
-10.482827,50,13327.683927
-13.394213,47,13328.256401
-12.137459,53,13328.909094
-10.294239,44,13329.442672
-7.581562,37,13329.896492
-8.337765,63,13330.656261
-22.656839,82,13331.657562
-18.735787,97,13332.811216
-14.552514,60,13333.541751
-14.070342,125,13335.04922
-9.957275,44,13335.57861
-9.345789,71,13336.429371
-17.333315,46,13336.987729
-11.360701,49,13337.59675
-25.800678,90,13338.669258
-19.698987,117,13340.079847
-11.516971,44,13340.617296
-14.937016,54,13341.261189
-11.615814,115,13342.639341
-7.168127,34,13343.048226
-17.247486,78,13343.989497
-21.078127,88,13345.030454
-17.499783,59,13345.738536
-22.753155,119,13347.206723
-8.276227,40,13347.733066
-11.339843,85,13348.776966
-48.975385,366,13353.156929
-15.854101,108,13354.452976
-7.02686,18,13360.32222
-13.085721,69,13361.145395
-14.837565,126,13362.600841
-13.954939,61,13363.295368
-30.727264,207,13365.708247
-14.15627,52,13366.303636
-57.567614,500,13372.092531
-12.709078,35,13372.487478
-18.307126,162,13374.347942
-24.741386,88,13375.363234
-9.338771,47,13375.906949
-25.451836,133,13377.425261
-7.373204,35,13377.83917
-18.444368,74,13378.688533
-31.467422,194,13380.958724
-18.826213,66,13381.724261
-12.11595,48,13382.275476
-11.158983,47,13382.818034
-10.482914,92,13383.8812
-3.882756,31,13384.236729
-6.699689,36,13384.652854
-20.434117,150,13386.385643
-19.85128,69,13387.178504
-26.214384,290,13390.623839
-46.168022,281,13393.861149
-16.715914,57,13394.539342
-34.010776,190,13396.770244
-15.616513,56,13397.407933
-8.261593,55,13398.044251
-20.192293,70,13398.870295
-6.284352,14,13399.041836
-30.781069,233,13401.733532
-12.737759,103,13402.919469
-10.312931,43,13403.413351
-11.266719,48,13403.969843
-75.511308,490,13409.803544
-114.973158,500,13415.83321
-8.109447,86,13416.869686
-20.344936,157,13423.888861
-13.480921,50,13424.493165
-11.450384,54,13425.086232
-21.752794,146,13426.71087
-7.941617,36,13427.119771
-4.556772,32,13427.496741
-7.079211,34,13427.921607
-8.494425,41,13428.387907
-11.394803,47,13428.930459
-8.143151,41,13429.400207
-18.630295,56,13430.052522
-18.727417,69,13430.842389
-9.206811,37,13431.263799
-10.486245,60,13431.957694
-67.747774,500,13437.761626
-17.554277,56,13438.446828
-10.553569,44,13438.96404
-11.145258,38,13439.402874
-18.854962,52,13440.018047
-19.257934,82,13440.979144
-24.030444,83,13441.936668
-11.085987,26,13442.232878
-17.59257,64,13442.976079
-8.864429,38,13443.412911
-24.953092,182,13445.523038
-17.851138,64,13446.276053
-14.037762,55,13446.914194
-9.390668,20,13447.14059
-12.026296,44,13447.655863
-21.115494,150,13449.442009
-12.369404,78,13450.343194
-8.466534,42,13450.829867
-27.248014,155,13452.603247
-10.262303,39,13453.055393
-8.610305,36,13453.465579
-18.877867,119,13454.837286
-11.799326,71,13455.659096
-28.478991,99,13456.796312
-17.634911,63,13457.511405
-95.055145,500,13463.335002
-63.503594,500,13469.095348
-25.274358,140,13470.786852
-15.970152,59,13471.500518
-15.418442,52,13472.125851
-12.303528,59,13472.833391
-10.902638,54,13473.507143
-20.055739,71,13474.406251
-10.615843,51,13475.030279
-16.798674,58,13475.724261
-61.660344,500,13481.825891
-11.09469,41,13482.329548
-13.065268,62,13488.560802
-9.301383,39,13489.009581
-49.655635,500,13494.848464
-11.595754,47,13495.391614
-14.522062,53,13496.000736
-25.395985,130,13497.498791
-6.54687,32,13497.86311
-12.338943,55,13498.50277
-59.415266,463,13504.019587
-19.227591,70,13504.856386
-7.640647,34,13505.267509
-11.82969,65,13506.060394
-17.217519,81,13507.025277
-22.583548,104,13508.276314
-10.107679,72,13509.139627
-10.526038,40,13509.612366
-10.166732,40,13510.104355
-27.542498,137,13511.770753
-11.346457,96,13512.937463
-13.093532,52,13513.568442
-22.822404,69,13514.402829
-54.805529,500,13520.442694
-11.041388,41,13520.935466
-48.814323,439,13526.281842
-21.746803,92,13527.40305
-14.651978,90,13528.491357
-16.346383,59,13529.204833
-8.919912,37,13529.642866
-17.17691,61,13530.364862
-10.144073,39,13530.841562
-17.189692,56,13531.513139
-14.897676,52,13532.138443
-15.381485,51,13532.799704
-7.497363,33,13533.20081
-10.286055,40,13533.685352
-8.597896,42,13534.205541
-120.593678,318,13538.019454
-18.44971,56,13538.688806
-17.991046,69,13539.509206
-9.516619,47,13540.080135
-12.860709,126,13541.607687
-28.400035,196,13544.01675
-12.390641,43,13544.531548
-20.903,80,13545.490714
-12.241472,46,13546.04073
-12.202795,63,13546.804267
-12.500885,49,13547.386276
-21.256413,63,13552.527013
-11.685027,42,13553.02022
-20.464909,63,13553.759471
-19.739851,209,13556.203136
-6.849669,60,13556.894316
-8.266686,43,13557.381991
-11.365641,75,13558.25729
-17.19948,114,13559.578001
-10.733759,46,13560.10532
-12.231341,106,13561.335682
-18.739136,66,13562.086674
-18.30025,72,13562.932395
-19.420854,116,13564.46972
-8.261504,35,13564.893775
-9.09542,41,13565.388254
-18.813768,72,13566.291888
-9.775276,38,13566.749669
-5.039906,49,13567.332103
-8.377546,35,13567.750015
-10.397127,45,13568.313059
-17.124637,93,13569.429183
-22.767798,107,13570.716193
-12.835007,45,13571.270743
-11.820703,23,13571.547975
-16.330495,65,13572.324588
-9.091481,38,13572.787385
-18.517546,165,13574.816181
-13.663466,78,13575.766986
-15.650033,112,13577.12643
-18.559919,55,13577.777692
-13.237221,52,13578.41103
-14.636505,62,13579.162001
-15.896817,84,13580.173912
-10.135689,41,13580.662161
-13.971374,48,13581.240485
-46.103752,500,13587.307133
-10.978466,51,13587.921082
-7.950772,40,13588.400331
-45.83804,500,13594.392897
-41.015174,329,13598.382241
-11.266002,61,13599.102667
-12.718655,45,13599.639791
-12.460581,44,13600.174509
-16.957103,69,13600.993335
-12.162393,61,13601.725825
-9.214417,65,13602.506768
-19.056052,108,13603.809088
-14.147428,48,13604.384838
-11.21953,48,13604.957317
-11.54335,41,13605.454959
-10.816763,58,13606.181024
-9.755453,43,13606.719229
-9.546998,39,13607.193988
-10.351043,64,13607.95504
-14.229714,62,13608.703974
-20.982119,90,13609.777448
-7.491701,37,13610.214283
-11.400986,42,13610.715529
-7.643101,54,13611.361142
-16.689973,50,13611.953564
-10.486645,39,13615.117592
-20.298238,84,13616.102189
-10.19856,39,13616.566975
-9.702126,75,13617.488341
-13.07375,44,13618.023993
-50.325984,500,13624.02249
-6.187103,56,13624.708615
-16.83663,53,13625.339903
-12.944958,83,13626.345836
-9.725471,66,13627.162207
-10.113338,44,13627.71099
-16.706149,66,13628.520357
-18.24273,71,13629.375268
-21.552299,117,13630.783672
-9.415046,48,13631.351776
-6.589084,36,13631.783589
-8.536256,37,13632.224438
-12.031565,48,13632.804751
-53.085387,500,13638.848413
-5.446203,44,13639.385434
-20.038927,54,13640.041327
-15.906315,52,13640.669627
-7.523651,37,13641.114441
-11.210061,55,13641.763124
-15.364637,57,13642.441895
-8.62089,41,13642.931924
-13.540368,55,13643.589918
-7.424053,34,13643.987334
-9.051964,57,13644.667495
-7.442632,40,13645.15837
-7.825062,40,13645.641675
-15.512434,96,13646.808209
-9.560689,53,13647.46247
-6.92605,37,13647.912378
-12.632202,57,13648.629466
-8.256464,39,13649.096222
-11.542499,52,13649.726541
-23.63448,129,13651.26844
-9.661952,39,13651.728215
-8.108933,58,13652.420288
-14.405769,53,13653.050608
-14.781507,52,13653.663528
-12.068689,115,13655.029843
-4.607743,34,13655.438281
-11.836067,42,13655.938971
-10.446619,58,13656.628683
-15.490403,56,13657.304992
-14.749897,54,13657.965041
-12.987102,65,13658.788487
-6.752385,35,13659.216264
-6.394279,64,13659.977453
-25.293707,135,13661.593036
-10.01801,44,13662.139491
-11.182278,53,13662.762827
-17.630077,57,13663.456003
-20.486098,65,13664.229119
-37.337052,500,13670.242248
-11.02922,45,13670.780566
-3.699462,24,13671.071789
-9.047409,42,13671.579958
-7.391547,41,13672.068368
-8.894345,38,13672.522187
-14.732371,55,13673.193978
-52.333202,253,13681.286828
-12.08125,84,13682.206198
-12.049742,52,13682.777674
-18.30963,69,13683.570945
-52.631296,500,13689.623356
-20.007139,76,13690.573491
-7.919689,41,13691.074126
-18.483312,171,13693.116605
-12.72452,97,13694.296705
-9.614093,41,13694.809215
-11.929129,71,13695.658465
-7.395631,34,13696.070344
-9.877048,43,13696.59638
-10.316098,45,13697.131951
-10.487913,40,13697.606684
-13.330917,78,13698.558493
-14.578683,51,13699.173822
-17.512447,60,13699.889496
-11.653367,47,13700.50608
-13.711549,45,13701.055202
-21.279424,139,13702.740722
-10.982005,79,13703.68619
-9.04297,74,13704.574819
-13.525899,48,13705.143304
-7.116049,69,13705.967879
-10.02359,77,13706.903685
-16.130463,55,13707.572529
-16.633656,109,13708.874593
-16.529261,60,13709.59107
-13.034673,45,13710.132649
-12.316946,88,13711.242597
-6.333622,30,13711.599644
-11.99532,81,13712.594722
-15.977466,127,13714.113619
-7.924228,34,13714.512548
-6.52492,32,13714.89852
-8.384721,39,13715.37292
-4.175649,29,13715.724353
-19.40442,63,13716.473138
-15.816724,65,13717.263209
-5.145524,14,13717.428803
-13.424156,52,13718.055831
-18.757875,76,13718.97067
-5.003745,33,13719.366589
-16.732502,156,13721.267457
-8.357187,47,13721.829364
-15.479264,53,13722.468273
-8.656685,58,13723.165386
-9.990822,40,13723.643886
-17.004383,60,13724.364938
-11.307651,44,13724.890437
-12.439566,82,13725.866255
-4.549295,29,13726.20535
-16.820818,73,13727.084885
-9.862629,59,13727.795013
-20.127274,125,13729.296735
-11.214286,57,13729.993231
-10.770955,40,13730.467267
-12.78049,69,13731.294645
-10.934532,95,13732.495125
-8.835484,43,13733.010775
-16.871962,57,13733.694944
-11.162154,60,13734.410319
-15.586432,100,13735.602139
-10.291335,72,13736.46182
-15.252379,120,13737.901615
-14.996302,56,13738.565518
-20.022053,85,13739.585198
-9.447756,42,13740.084889
-30.440707,127,13745.291337
-12.295002,62,13746.015432
-11.706923,73,13746.86118
-11.744196,54,13747.492493
-15.502092,52,13748.084912
-11.212864,93,13749.162386
-11.304175,42,13749.646065
-8.024252,39,13750.097791
-11.356828,46,13750.626516
-10.301088,44,13751.131146
-13.602773,47,13751.673948
-18.671306,69,13752.476781
-15.137241,50,13753.105561
-9.934519,54,13753.770508
-50.358216,500,13759.755852
-11.274872,45,13760.297435
-12.833026,52,13760.915095
-7.577857,39,13761.386837
-7.051267,32,13761.78331
-15.585703,154,13763.673798
-10.353702,80,13764.637141
-9.844314,44,13765.159751
-12.941632,53,13765.800806
-15.403934,50,13766.397243
-10.113263,63,13767.17215
-10.192407,46,13767.744651
-46.09201,500,13773.890516
-9.124489,47,13774.465081
-9.668952,66,13775.263949
-59.20064,500,13781.289472
-51.387977,428,13786.463348
-14.751906,83,13787.459301
-9.707414,42,13787.969418
-12.396334,52,13788.600768
-13.137863,76,13789.518285
-18.817652,130,13791.085357
-7.599094,53,13791.735596
-20.095271,87,13792.78156
-17.478893,82,13793.759337
-12.876174,50,13794.361734
-12.113581,43,13794.900889
-7.790419,37,13795.36166
-12.582947,46,13795.908831
-23.1094,164,13797.878929
-18.436464,55,13798.540201
-38.70121,491,13807.713657
-17.800004,54,13808.381152
-13.12959,45,13808.927664
-10.967115,63,13809.694855
-14.352946,51,13810.277413
-12.891025,44,13810.790203
-11.976587,50,13811.364645
-20.403971,127,13812.830623
-14.37717,94,13813.921475
-11.844927,100,13815.097043
-67.020236,500,13821.157454
-8.694566,38,13821.615669
-11.36076,46,13822.171632
-7.350351,33,13822.559592
-15.840465,60,13823.275656
-10.491765,45,13823.84895
-16.066909,57,13824.522132
-9.173663,44,13825.057106
-11.647115,46,13825.620729
-11.697899,47,13826.20118
-19.427953,75,13827.138059
-14.660485,57,13827.830856
-9.218174,41,13828.336095
-17.447887,68,13829.155818
-16.555589,64,13829.915814
-7.505419,35,13830.357014
-14.345239,67,13831.164037
-12.697529,51,13831.772929
-16.01185,61,13832.520897
-13.720669,64,13833.293845
-14.595884,59,13834.001698
-7.762137,37,13834.449473
-11.327747,48,13835.027583
-15.264591,50,13835.629951
-11.463369,43,13836.154552
-14.873572,50,13836.764923
-51.877913,500,13842.799043
-12.549484,97,13843.990078
-52.294096,500,13850.118103
-19.170009,68,13850.937416
-9.685392,52,13851.572749
-15.4751,56,13852.240134
-18.04397,85,13853.277367
-10.870461,40,13853.751679
-8.599521,43,13854.267303
-11.807581,52,13854.898203
-14.844736,57,13855.573889
-8.370147,40,13856.059617
-10.760462,41,13856.54439
-11.528446,42,13857.047557
-12.736304,51,13857.665219
-14.80861,56,13858.333048
-13.578569,57,13859.068591
-11.526837,67,13859.900638
-14.826389,78,13860.854351
-14.270561,104,13862.12527
-7.613399,38,13862.588034
-11.725539,47,13863.166441
-9.779517,47,13863.761851
-8.531759,40,13864.23965
-14.54342,50,13864.840048
-8.569265,40,13865.317772
-9.821698,46,13865.887796
-16.783419,68,13866.710123
-16.697883,61,13867.446159
-7.468089,35,13867.872023
-12.281778,29,13873.198833
-9.719774,38,13873.677078
-14.110941,56,13874.338361
-22.104224,293,13877.759914
-17.129088,88,13878.778955
-11.771144,49,13879.3504
-11.943884,49,13879.935059
-21.579969,200,13882.306851
-12.318665,93,13883.372504
-17.087806,57,13884.0379
-17.967706,70,13884.83845
-12.527311,48,13885.385997
-16.551262,191,13887.631941
-21.760037,158,13889.46032
-33.109731,500,13895.30056
-22.045913,188,13897.495358
-13.864699,62,13898.22242
-14.9294,51,13898.808877
-10.383935,48,13899.359384
-16.617589,70,13900.167289
-20.938061,69,13900.955217
-12.275631,47,13901.498736
-13.670039,60,13902.231136
-11.985307,59,13902.90918
-19.56784,69,13903.717236
-19.677948,72,13904.550978
-13.583143,59,13905.231188
-17.352243,72,13906.049369
-6.977693,100,13907.207989
-12.618486,43,13907.713639
-12.47096,79,13908.615241
-16.069379,71,13909.429631
-6.929956,35,13909.834574
-16.47126,121,13911.231466
-14.494877,100,13912.410086
-9.187752,42,13912.896818
-9.95346,41,13913.369526
-8.423258,41,13913.837121
-10.284404,44,13914.342775
-17.866953,58,13915.013308
-9.641556,61,13915.711718
-14.659014,101,13916.885586
-13.892123,54,13917.522354
-11.587118,66,13918.294324
-15.036437,48,13918.843245
-15.640205,50,13919.41601
-8.433005,37,13919.84686
-7.954823,35,13920.24822
-17.272151,74,13921.101445
-20.322847,131,13922.615906
-11.05601,52,13923.263739
-13.372871,53,13923.887126
-8.241041,36,13924.299374
-10.216117,44,13924.802644
-10.149232,45,13925.321259
-11.934104,50,13925.900293
-13.71221,54,13926.516491
-11.287104,46,13927.055049
-34.189844,392,13935.722827
-6.435254,37,13936.156698
-10.456819,60,13936.839875
-9.94086,38,13937.282665
-21.077224,115,13938.605354
-14.257107,54,13939.227723
-8.463238,36,13939.637629
-11.436606,44,13940.141845
-17.807459,71,13940.974617
-13.462863,49,13941.543042
-37.457473,500,13947.324279
-10.274519,41,13947.812691
-17.286932,112,13949.095529
-76.265231,399,13953.683586
-10.123243,47,13954.223748
-7.159095,38,13954.668536
-74.157379,500,13960.449027
-9.837956,40,13960.906805
-20.283211,69,13961.690626
-12.211266,56,13962.327949
-9.75478,42,13962.812655
-59.788732,500,13968.686958
-50.810357,500,13974.450942
-9.498688,41,13974.922881
-9.144834,45,13975.437506
-12.814933,54,13976.050373
-38.293633,382,13980.510598
-8.452521,38,13980.958374
-9.09817,36,13981.367283
-15.722374,57,13982.017547
-12.648126,67,13982.799785
-8.111162,36,13983.219315
-11.307414,41,13983.690936
-21.687139,181,13985.761892
-6.514624,93,13986.879191
-17.859071,63,13987.626824
-23.183074,307,13991.194704
-12.886582,46,13991.72432
-10.485271,56,13992.367619
-6.846821,32,13992.73861
-10.734823,56,13997.254045
-13.805776,81,13998.236389
-20.264064,76,13999.107469
-14.358676,61,13999.813507
-14.898381,65,14000.556525
-43.675706,500,14006.364549
-8.72839,41,14006.837296
-7.69577,36,14007.27822
-5.156724,40,14007.76891
-16.15384,92,14008.957989
-16.43182,85,14010.011845
-56.229406,500,14016.027021
-9.62118,25,14016.325221
-16.489244,62,14017.067216
-8.148611,36,14017.511061
-10.753803,48,14018.138383
-18.764385,50,14018.731012
-8.148943,44,14019.259197
-14.189979,50,14019.856791
-13.079888,53,14020.499075
-11.326407,56,14021.166479
-8.821499,42,14021.687519
-17.567799,58,14022.385231
-14.589187,61,14023.121004
-4.850256,33,14023.512654
-7.191232,68,14024.322495
-13.114326,45,14024.862501
-11.474751,48,14025.445622
-7.726996,34,14025.858129
-81.9593,421,14030.99683
-108.152392,447,14036.39285
-8.548649,40,14036.871536
-16.634613,58,14037.571546
-8.69927,38,14038.049842
-48.659143,500,14044.103719
-58.144909,471,14049.966739
-8.991541,36,14050.409526
-7.154586,14,14050.575084
-22.36647,181,14052.790548
-8.183109,43,14053.316144
-31.114482,334,14057.340057
-63.863178,414,14066.915369
-5.438478,9,14067.016099
-29.32895,248,14069.885705
-5.336139,43,14070.391847
-53.871814,500,14076.197572
-48.446772,500,14081.9633
-12.504144,49,14082.564479
-68.570161,500,14088.318648
-38.142497,500,14094.124976
-10.295543,48,14094.678961
-31.317987,441,14099.752373
-19.650528,59,14100.425581
-10.554212,54,14101.041928
-10.309931,55,14101.669229
-12.25693,46,14102.204833
-10.023026,40,14102.667966
-12.922506,49,14103.235482
-21.619238,74,14104.124384
-16.955636,54,14104.743028
-10.979214,60,14105.420192
-11.237303,47,14105.972767
-17.749991,73,14106.809775
-69.990122,500,14112.592447
-18.931797,59,14113.267645
-20.653482,73,14114.152585
-7.75304,34,14114.570495
-19.509105,76,14115.450122
-17.706721,54,14116.068407
-17.2682,51,14116.647862
-71.344666,317,14130.282983
-11.810618,43,14130.826155
-35.141771,500,14136.758696
-44.642632,500,14142.8569
-7.596178,36,14143.296696
-9.003054,44,14143.819333
-13.180801,52,14144.435658
-21.342192,61,14145.164712
-12.56153,50,14145.773221
-21.22227,93,14146.924619
-32.008416,392,14151.674106
-14.4931,110,14153.008799
-28.870869,358,14157.352266
-13.086214,45,14157.889894
-20.383726,76,14158.809293
-11.015419,40,14159.287765
-56.792979,257,14162.396238
-49.838532,500,14168.463856
-18.299802,54,14169.11016
-11.5915,42,14169.611446
-9.876744,58,14170.30674
-16.262038,63,14171.079653
-12.197263,42,14171.577349
-13.563963,101,14172.816039
-7.474523,33,14173.216969
-6.595105,33,14173.614019
-10.404303,49,14174.216507
-12.692349,45,14174.757039
-9.534196,44,14175.288886
-16.207415,82,14176.26521
-14.98563,55,14176.946966
-15.409768,64,14177.726176
-12.78038,45,14178.3056
-9.545803,45,14178.862139
-10.323805,43,14179.387282
-21.076865,68,14180.198095
-9.901282,44,14180.733525
-24.267877,175,14182.826002
-4.137191,24,14183.110837
-5.287538,33,14183.505813
-15.355542,73,14184.36786
-11.686138,51,14184.987529
-47.213282,477,14197.035221
-22.079148,139,14198.613135
-6.002987,58,14199.253427
-17.084509,59,14199.927915
-17.595017,54,14200.592512
-7.697332,35,14201.011424
-8.597327,37,14201.453239
-41.973792,500,14207.493014
-11.927138,54,14208.140314
-20.668472,84,14209.168571
-57.315476,500,14215.212034
-19.549171,100,14216.417398
-10.62289,53,14217.049422
-13.389464,50,14217.649507
-11.832073,41,14218.14993
-15.396708,52,14218.775263
-12.305525,70,14219.610819
-12.462142,55,14220.284045
-13.064388,51,14220.906361
-18.377573,73,14221.825326
-20.169362,94,14222.957329
-13.373729,57,14223.646514
-11.9239,68,14224.457657
-14.833509,67,14225.259743
-11.515569,46,14225.82017
-15.006066,55,14226.49038
-12.900185,59,14227.179541
-12.145678,54,14227.841015
-9.626945,42,14228.354989
-31.289314,399,14233.205805
-12.479242,70,14234.048614
-18.402534,63,14234.796649
-44.263539,500,14240.771824
-10.930327,117,14242.159706
-50.724401,500,14248.214298
-13.724212,46,14248.772935
-6.222588,33,14249.168902
-13.41487,74,14250.061498
-11.435546,52,14250.681841
-8.492675,41,14251.183479
-15.407558,49,14251.772906
-15.297798,55,14252.442893
-16.652922,68,14253.248016
-18.317989,80,14254.248214
-10.404513,62,14254.99819
-20.15431,196,14264.25344
-24.083076,189,14266.569859
-13.612655,59,14267.277963
-36.226914,284,14270.707011
-9.344977,42,14271.219994
-44.836921,500,14277.266186
-15.794508,73,14278.134132
-16.403183,58,14278.823287
-34.601662,310,14282.522961
-12.954541,51,14283.127659
-10.345587,50,14283.729642
-19.458208,121,14285.203707
-12.145453,51,14285.859114
-14.459388,87,14286.897768
-17.40676,147,14288.6845
-6.563757,33,14289.077776
-19.143357,171,14291.224772
-10.936465,71,14292.101462
-6.573987,31,14292.47344
-18.464492,70,14293.340583
-15.521222,51,14293.947404
-8.088567,85,14294.95533
-8.32448,35,14295.37521
-11.830951,42,14295.919987
-15.651115,183,14298.152575
-11.655283,46,14298.710111
-23.764325,114,14300.108864
-8.981191,39,14300.571605
-8.769681,38,14301.018412
-10.809208,64,14301.79981
-19.201207,195,14304.144001
-95.503483,500,14310.198017
-15.692891,75,14311.101579
-13.189693,55,14311.752866
-17.668218,89,14312.833794
-11.891786,80,14313.801684
-14.995011,57,14314.494017
-20.40714,153,14316.322977
-10.66402,53,14316.957138
-16.151482,64,14317.747667
-23.176938,136,14319.36472
-10.914267,54,14320.019388
-24.869089,193,14322.372417
-11.300009,46,14322.922975
-18.21041,73,14323.802759
-10.694711,40,14324.27617
-10.860532,30,14330.620403
-10.353318,42,14331.166077
-10.132272,40,14331.627004
-7.395344,39,14332.087846
-7.209893,37,14332.514329
-9.225035,37,14332.940199
-14.587588,84,14333.915145
-11.403788,75,14334.788815
-8.864077,39,14335.2521
-9.048062,43,14335.742815
-13.287089,50,14336.312761
-8.366963,39,14336.762117
-14.500511,46,14337.299689
-14.850347,53,14337.903069
-26.731541,240,14340.719023
-7.833458,38,14341.157187
-9.241427,42,14341.639868
-13.185523,55,14342.265469
-12.920694,89,14343.305387
-12.158616,45,14343.834171
-10.571815,60,14344.533349
-10.802941,40,14344.98869
-8.465848,38,14345.43051
-24.936679,253,14348.343808
-23.583651,147,14350.10683
-15.051428,84,14351.084142
-9.062214,47,14351.63465
-17.734205,87,14352.627013
-12.178793,75,14353.500246
-16.98996,65,14354.229511
-8.083176,35,14354.641402
-10.406933,99,14355.792308
-17.857085,107,14357.024591
-13.07201,53,14357.639467
-28.970813,230,14360.31953
-6.077244,36,14360.73435
-55.118922,500,14366.513402
-9.692137,41,14366.984171
-8.814882,54,14367.686453
-16.239613,50,14368.306073
-8.418939,35,14368.75034
-8.953488,51,14369.338017
-19.321903,68,14370.148164
-13.257144,75,14371.096657
-8.555536,43,14371.590907
-17.932464,145,14373.267244
-14.163566,65,14374.008361
-46.31358,337,14377.915233
-15.744721,48,14378.482714
-17.322548,127,14379.955783
-18.492315,136,14381.572267
-7.712609,39,14382.021213
-9.270932,41,14382.491934
-8.496148,35,14382.891865
-16.153021,74,14383.764959
-10.694685,44,14384.267618
-7.834222,39,14384.717389
-24.655867,125,14386.165525
-34.640846,239,14391.192037
-9.78945,50,14391.806222
-13.864372,48,14392.357774
-15.165598,57,14393.060873
-8.055142,41,14393.525656
-15.520258,74,14394.375223
-28.648242,228,14396.983526
-11.403437,50,14397.576088
-15.610757,58,14398.242309
-11.687536,76,14399.110693
-8.444879,38,14399.559465
-10.933899,44,14400.068138
-13.891974,54,14400.694437
-12.728072,60,14401.390157
-4.829186,31,14401.750173
-17.423216,75,14402.612527
-58.74389,500,14408.482471
-17.302093,90,14409.545747
-16.284757,76,14410.420122
-8.342545,36,14410.851397
-13.847716,52,14411.487699
-19.252278,103,14412.754675
-10.793483,41,14413.225118
-10.291155,44,14413.75187
-13.318606,45,14414.345315
-8.368576,40,14414.822013
-9.983206,42,14415.309493
-10.136911,62,14416.020571
-13.684008,68,14416.805039
-20.232231,76,14417.680297
-5.073284,31,14418.045517
-38.360185,377,14422.441332
-45.760202,401,14427.086911
-17.107008,64,14427.830262
-7.338227,37,14428.251109
-15.354054,102,14429.435889
-13.506727,52,14430.038258
-8.71512,40,14430.496067
-29.31188,124,14431.931149
-44.959997,500,14437.732004
-12.45046,53,14438.344016
-13.780035,53,14438.961378
-14.101302,54,14439.590646
-9.654455,47,14440.129687
-12.061077,52,14440.722449
-5.339785,13,14440.875017
-14.237921,75,14441.740737
-55.939357,500,14447.595965
-20.19812,114,14448.970073
-12.796311,71,14454.085107
-7.349632,38,14454.547843
-11.964093,47,14455.083442
-11.527128,65,14455.832565
-11.666494,52,14456.439104
-9.491113,43,14456.929117
-17.160388,62,14457.689815
-17.198579,74,14458.547569
-8.74159,36,14458.96106
-16.7542,91,14460.009291
-9.65484,38,14460.444023
-13.403577,52,14461.057028
-11.251918,41,14461.531777
-13.359637,47,14462.071338
-9.75759,60,14462.775973
-13.050962,50,14463.351851
-7.354272,18,14463.555337
-5.570445,11,14463.685959
-12.193057,43,14464.178673
-9.80692,41,14464.649474
-11.871886,100,14465.804498
-10.327801,54,14466.419094
-14.036656,66,14467.188551
-24.523825,117,14468.560121
-13.342381,47,14469.115302
-12.798852,49,14469.685266
-20.591145,97,14470.79671
-109.526833,500,14476.565977
-4.230986,28,14476.884152
-19.85702,51,14477.477568
-16.097118,51,14478.063568
-6.005289,38,14478.506776
-15.332703,73,14479.396167
-9.477313,47,14479.93869
-17.833922,76,14480.812359
-11.290637,49,14481.376423
-24.918434,166,14483.28179
-21.469167,120,14484.651363
-38.401927,296,14488.065128
-51.035506,500,14493.868575
-20.093904,131,14495.389702
-12.701741,51,14496.006558
-12.097336,44,14496.525175
-17.166316,87,14497.522858
-7.741545,38,14497.958724
-5.203691,31,14498.324343
-13.048526,45,14498.835005
-14.699159,48,14499.396683
-50.757401,500,14505.253961
-12.972087,80,14506.182057
-10.160486,39,14506.639833
-10.390532,45,14507.16513
-15.80385,95,14508.261053
-14.967452,85,14509.251866
-9.232498,59,14509.931289
-9.72454,42,14510.420982
-10.958985,71,14511.250797
-12.754073,51,14511.880956
-3.448697,29,14515.552767
-7.044702,19,14515.773148
-13.256635,78,14516.666529
-18.557035,82,14517.601586
-14.45095,55,14518.237322
-52.702393,500,14524.073484
-8.371526,44,14524.577138
-6.788675,36,14524.998934
-11.93257,85,14525.982306
-17.604222,68,14526.766441
-8.438864,44,14527.280006
-15.541435,59,14527.970757
-10.22475,46,14528.500345
-13.739909,51,14529.104708
-9.489194,45,14529.629937
-10.068061,42,14530.120596
-19.342197,143,14531.772189
-15.324516,82,14532.721679
-14.412459,53,14533.384884
-9.160242,47,14533.925441
-19.45401,51,14534.50991
-11.215432,53,14535.11933
-15.935012,55,14535.747944
-8.312096,38,14536.193227
-20.442244,93,14537.26491
-6.531123,15,14537.434457
-12.0001,49,14537.99186
-15.750219,65,14538.744858
-10.08254,43,14539.237455
-27.407681,284,14542.511515
-14.944695,49,14543.077256
-68.453666,500,14549.077292
-11.789217,49,14549.662939
-19.274943,56,14550.334044
-56.625638,500,14556.365439
-33.145346,248,14559.34697
-17.380046,95,14560.491434
-17.746073,73,14561.37532
-32.445319,193,14563.70476
-14.907021,48,14564.284251
-3.668661,24,14564.569484
-11.542967,50,14565.175992
-13.499047,66,14566.017183
-15.293615,76,14566.92916
-10.644439,38,14567.391928
-9.09882,46,14567.943121
-10.608622,54,14568.59208
-5.708903,19,14568.818476
-18.106373,111,14570.156713
-20.158213,67,14570.952589
-10.096059,40,14571.43225
-13.493228,49,14572.023668
-4.791622,15,14572.205178
-20.874361,105,14573.471226
-13.351457,52,14574.097317
-8.380022,30,14578.497658
-11.18915,41,14579.003317
-12.589078,43,14579.510963
-19.644848,65,14580.255951
-8.84037,38,14580.692785
-17.268552,93,14581.76951
-16.6508,55,14582.405783
-18.04731,80,14583.332192
-9.779414,40,14583.798553
-11.805842,53,14584.416873
-61.670657,500,14590.387339
-14.279412,54,14591.047559
-12.633323,45,14591.588109
-27.640136,310,14595.320324
-12.175423,74,14596.224908
-9.612071,43,14596.738512
-16.915238,92,14597.834534
-10.850319,49,14598.419973
-8.23298,38,14598.883375
-15.688536,56,14599.573835
-12.090048,64,14600.340789
-17.823164,76,14601.249858
-17.920356,104,14602.503483
-47.517579,342,14606.622237
-19.973262,107,14607.926237
-20.348518,122,14609.405265
-44.086079,500,14615.432097
-11.4744,52,14616.056003
-16.569563,53,14616.695675
-9.359444,30,14617.049706
-88.113321,500,14623.302402
-7.449432,79,14624.265185
-11.064779,43,14624.774848
-5.924622,14,14624.944371
-13.917631,48,14625.517841
-12.620437,45,14626.052553
-11.24637,45,14626.600121
-15.812097,54,14627.252859
-17.185215,72,14628.144596
-18.668379,60,14628.92252
-43.496308,500,14634.922367
-11.656531,49,14635.507995
-5.685913,12,14635.656567
-8.034475,16,14635.841075
-12.048605,43,14636.359715
-18.954251,96,14637.520962
-16.912192,63,14638.277536
-17.452605,54,14643.92574
-4.275427,27,14644.247877
-13.299524,46,14644.781601
-9.656101,39,14645.22777
-9.955738,39,14645.674671
-13.826881,57,14646.33424
-11.495942,50,14646.914666
-66.341692,263,14649.955017
-14.305715,70,14650.818954
-15.853276,79,14651.776489
-10.473529,50,14652.369071
-42.319439,500,14658.531313
-7.838989,35,14658.956174
-18.985394,72,14659.826485
-14.953027,47,14660.406931
-20.930047,142,14662.157277
-14.245224,55,14662.820985
-19.147147,54,14663.486314
-15.433331,57,14664.152537
-53.753212,500,14670.154669
-13.243876,61,14670.891057
-16.103775,81,14671.905393
-9.610638,47,14672.467648
-12.263119,44,14672.991221
-14.388081,62,14673.729388
-12.369264,51,14674.357853
-14.53064,51,14674.977985
-59.142272,500,14680.997071
-10.13306,41,14681.496738
-58.443289,500,14687.54925
-11.351419,47,14688.11671
-9.979955,41,14688.614406
-29.647759,308,14692.336272
-15.3731,61,14693.073492
-12.819271,46,14693.635922
-5.973688,30,14694.0189
-46.679786,500,14700.028784
-8.725621,39,14700.506508
-12.382426,46,14701.061712
-14.959202,60,14701.781789
-26.455788,191,14710.648325
-15.666991,53,14711.274666
-13.142762,47,14711.800572
-14.652108,57,14712.42291
-11.991905,47,14712.940528
-2.495046,21,14713.176921
-28.13049,246,14716.045195
-13.700016,70,14716.853998
-68.957488,500,14722.640697
-8.711656,36,14723.051575
-10.615224,54,14723.676443
-15.289051,62,14724.403067
-5.157479,10,14724.51676
-16.588238,58,14725.185324
-9.28912,45,14725.70524
-11.073833,53,14726.368041
-31.459073,150,14728.183527
-17.165611,53,14728.826839
-13.901302,87,14729.848335
-10.059346,20,14730.084672
-9.022534,32,14730.464686
-12.409221,47,14731.021291
-11.255144,51,14731.609747
-62.563469,500,14737.424618
-12.242666,52,14738.032689
-11.399864,43,14738.545344
-12.14684,65,14739.294168
-18.778576,55,14739.936817
-9.649681,48,14740.488372
-11.118888,56,14741.144629
-13.497997,49,14741.708111
-18.249033,61,14742.413405
-13.918126,49,14742.979893
-18.162464,61,14743.698
-10.464746,41,14744.170737
-12.870179,58,14744.838248
-11.563335,47,14745.375783
-39.579808,311,14749.038522
-5.517434,16,14749.22303
-16.65666,87,14750.232337
-11.553569,44,14750.73947
-17.218544,72,14751.583218
-12.561054,43,14752.080662
-18.664266,57,14752.745451
-5.079232,10,14752.861145
-10.051188,42,14753.347845
-18.144322,62,14754.076193
-8.0359,35,14754.482726
-9.333495,44,14754.986829
-11.250153,42,14755.471534
-33.569504,352,14759.582036
-15.14464,65,14760.341033
-10.708248,46,14760.887602
-18.983305,72,14761.719259
-18.283945,115,14763.05235
-8.98079,42,14763.537084
-9.654468,71,14764.355515
-5.570501,10,14764.466244
-44.720766,500,14776.051536
-16.553895,58,14776.686669
-16.172265,70,14777.462309
-10.175992,53,14778.079865
-19.500854,94,14779.16195
-7.224017,34,14779.55842
-48.752169,500,14785.334945
-16.331613,58,14786.011341
-10.767862,52,14786.610745
-10.223862,44,14787.126888
-14.88497,64,14787.861548
-13.015679,65,14788.616162
-15.323146,62,14789.329488
-11.458565,51,14789.916921
-8.800205,46,14790.440273
-20.109951,194,14792.736649
-13.918996,66,14793.518917
-12.547677,56,14794.168186
-11.640117,68,14794.950949
-15.038034,53,14795.575557
-12.067069,44,14796.085252
-11.923106,45,14796.595888
-18.34785,75,14797.466167
-12.000223,48,14798.029633
-25.926052,255,14800.968963
-11.743157,52,14801.597285
-13.822539,64,14802.33878
-12.593157,44,14802.840467
-10.145717,49,14803.407949
-14.431593,57,14804.058887
-10.467242,44,14804.568526
-10.321933,73,14805.415352
-14.657007,47,14805.96089
-19.246601,123,14807.376806
-22.791071,168,14809.300582
-47.815506,232,14811.966132
-16.935579,58,14812.674387
-20.137516,65,14813.427406
-14.886594,53,14814.032476
-11.348076,69,14814.824152
-11.3056,42,14815.310414
-9.958314,41,14815.781128
-14.958545,55,14816.424032
-18.807777,67,14817.215917
-9.067902,45,14817.744481
-8.475941,39,14818.19827
-18.926202,67,14818.97719
-18.04705,67,14819.759067
-20.188095,64,14820.493309
-22.454541,116,14821.853623
-11.726227,49,14822.420116
-21.336788,201,14824.779192
-16.424339,72,14825.605727
-55.100449,500,14831.374076
-11.365896,43,14831.877335
-10.660247,40,14832.34112
-56.654451,500,14843.151391
-8.782843,43,14843.641093
-15.49289,49,14844.20761
-32.294245,292,14847.619322
-10.202297,47,14848.162847
-7.989571,36,14848.577183
-10.842329,82,14849.515676
-8.026491,35,14849.921592
-37.904244,500,14855.771503
-12.291645,68,14856.559447
-15.25665,66,14857.320914
-15.587831,56,14857.974173
-11.363092,48,14858.523265
-25.977579,209,14860.968609
-10.488202,40,14861.423095
-8.714155,38,14861.879245
-22.751388,137,14863.465014
-15.131556,52,14864.071848
-27.65983,207,14866.502464
-11.670032,56,14867.170915
-8.02005,35,14867.581794
-8.948539,39,14868.027632
-70.270216,500,14873.795032
-17.085789,61,14874.496543
-38.781173,500,14880.305773
-11.851444,42,14880.801187
-13.270485,152,14882.564545
-13.595775,72,14883.398029
-24.663813,197,14885.69837
-7.995221,36,14886.107927
-41.054193,500,14892.11999
-19.219587,52,14892.745853
-25.587543,267,14900.425159
-12.969572,53,14901.066693
-9.999858,42,14901.550402
-18.055766,151,14903.294691
-19.39723,135,14904.872483
-20.220913,70,14905.704352
-19.07145,72,14906.548129
-5.307741,42,14907.037343
-13.776126,49,14907.611834
-43.556528,500,14913.433421
-9.380936,45,14913.956699
-20.589975,161,14915.830438
-18.665165,69,14916.633947
-10.841044,46,14917.163561
-12.735355,44,14917.67145
-10.360466,53,14918.289829
-13.219059,52,14918.899577
-18.882608,52,14919.500007
-10.0589,52,14920.117499
-10.511126,50,14920.723475
-43.402468,500,14926.51355
-53.519627,387,14930.978721
-19.805644,61,14931.70369
-7.88511,40,14932.170204
-19.180972,80,14933.087113
-18.510311,257,14936.058348
-39.882314,286,14939.365977
-39.320645,500,14945.174451
-14.595617,72,14946.013567
-9.412275,45,14946.527908
-19.506178,104,14947.719408
-10.737394,56,14948.376206
-47.261682,500,14954.226143
-10.976006,41,14954.706856
-13.075772,50,14955.285286
-8.029104,36,14955.705166
-14.935021,57,14956.360416
-38.515662,331,14965.913703
-10.755411,56,14966.555574
-20.070136,63,14967.293446
-10.309514,49,14967.847936
-9.236478,40,14968.320667
-19.41616,72,14969.149431
-12.86004,58,14969.812568
-8.279127,56,14970.46125
-19.079586,65,14971.213246
-9.693058,64,14971.953536
-19.312961,82,14972.900193
-7.4752,38,14973.340021
-7.200589,34,14973.729006
-26.579221,194,14976.001546
-9.658697,41,14976.480292
-18.696206,76,14977.349307
-7.917123,34,14977.744276
-5.21694,16,14977.927534
-19.705116,100,14979.100929
-16.832249,57,14979.746891
-18.102631,77,14980.639512
-14.285531,124,14982.121999
-6.284777,12,14982.266614
-18.229589,50,14982.917867
-10.382355,47,14983.487005
-9.804204,50,14984.10671
-17.031458,72,14984.984756
-11.029319,67,14985.835867
-12.054446,65,14986.619207
-17.20414,53,14987.25052
-5.269214,10,14987.369204
-12.075626,71,14988.210981
-19.834447,82,14989.185384
-13.191421,64,14989.954993
-46.318726,429,14995.140559
-15.649387,55,14995.801788
-8.601854,41,14996.332347
-15.638166,54,14996.992613
-69.115512,316,15000.816022
-6.829213,23,15001.091286
-26.017329,180,15003.248883
-13.693501,67,15004.049773
-13.883697,61,15004.775738
-19.797636,71,15005.627666
-14.593348,53,15006.264023
-14.521501,58,15006.991165
-18.832369,118,15008.391973
-8.486507,38,15008.846731
-19.107312,51,15009.468393
-12.986007,59,15010.19645
-15.55643,102,15011.418044
-18.873128,115,15012.805552
-13.164738,49,15013.387996
-14.801585,50,15013.998893
-13.603702,97,15015.159656
-44.401573,500,15021.2073
-13.067293,51,15021.83172
-12.357207,43,15022.338245
-5.858118,16,15022.529734
-10.443198,39,15022.995868
-16.721583,102,15028.522288
-6.657382,32,15028.897031
-14.05146,46,15029.428588
-13.443687,47,15029.970491
-16.97161,58,15030.638859
-15.910135,84,15031.60613
-5.515903,42,15032.095526
-9.774951,39,15032.541364
-15.638491,71,15033.369125
-17.021894,82,15034.319839
-16.975402,66,15035.072101
-14.771563,52,15035.674492
-12.341362,54,15036.292235
-45.754613,500,15042.075887
-20.482263,77,15042.971525
-13.351374,124,15044.408658
-10.800935,49,15044.970189
-12.602023,67,15045.742119
-14.411506,99,15046.878895
-47.315819,500,15052.684793
-7.700886,39,15053.1296
-16.179806,104,15054.329745
-20.658109,73,15055.165299
-11.507116,55,15055.805594
-7.308975,42,15056.302239
-19.265622,76,15057.170919
-11.497281,47,15057.706519
-10.981147,28,15058.030653
-56.447717,500,15063.916333
-68.061492,500,15069.941427
-13.029275,58,15070.649207
-14.398155,47,15071.245616
-10.891672,46,15071.801625
-50.830955,242,15074.710485
-51.896557,500,15080.738749
-16.03037,65,15081.517645
-8.824807,37,15081.957621
-7.95645,41,15082.50447
-6.210333,46,15083.066342
-17.240334,92,15084.177192
-18.923166,106,15085.447418
-19.527148,115,15086.823809
-13.948061,56,15091.680404
-8.697036,58,15092.367593
-23.409763,155,15094.212671
-8.967847,40,15094.675993
-9.661189,44,15095.179652
-15.353486,56,15095.866084
-25.209847,181,15097.960727
-8.281694,42,15098.43833
-12.135364,43,15098.936579
-17.032399,70,15099.7347
-10.248232,47,15100.274287
-18.843038,69,15101.073186
-56.268403,500,15107.016539
-6.368725,52,15107.643097
-14.259788,50,15108.25748
-10.138426,57,15108.930683
-31.235475,248,15111.926118
-16.351061,52,15112.547494
-12.104142,51,15113.161818
-13.487772,47,15113.721348
-10.68976,41,15114.20945
-9.073381,39,15114.67219
-17.064545,55,15115.375869
-53.335528,500,15121.412681
-15.652292,61,15122.146688
-25.160647,154,15123.993155
-35.620139,500,15130.038606
-52.08844,500,15136.054837
-9.751877,45,15136.608108
-10.969774,75,15137.541645
-19.564739,60,15138.264119
-15.063874,68,15139.081934
-13.20933,54,15139.726386
-20.359798,86,15140.75664
-8.800573,36,15141.187459
-10.989903,70,15142.026193
-14.105997,57,15142.710338
-20.826983,68,15143.519835
-5.677384,16,15143.708331
-10.011668,63,15144.458286
-13.12197,52,15145.083727
-7.913673,35,15145.516232
-10.934947,42,15146.011904
-15.830227,66,15146.798741
-9.686506,50,15147.416085
-16.471994,58,15148.144727
-4.882072,14,15148.324584
-5.723858,11,15148.45325
-3.741701,10,15148.568941
-11.476784,82,15149.557327
-16.909803,91,15150.654926
-9.106758,46,15151.205404
-5.57037,12,15156.539861
-20.28364,88,15157.538029
-46.892619,500,15163.23804
-19.879152,74,15164.086033
-13.004042,112,15165.38306
-24.709727,200,15167.706263
-13.42361,48,15168.261756
-47.566771,500,15174.082164
-9.189521,42,15174.562852
-11.059375,41,15175.033267
-10.572953,44,15175.536922
-14.51585,56,15176.192027
-11.955403,61,15176.899886
-39.865441,500,15182.710158
-14.559966,56,15183.366404
-7.166637,34,15183.757815
-16.463208,90,15184.797069
-18.831968,73,15185.650694
-63.311751,500,15191.583971
-14.781826,48,15192.156899
-10.831258,58,15192.84309
-16.421208,54,15193.490278
-19.507848,77,15194.401286
-9.410544,38,15194.854076
-12.248825,50,15195.454502
-8.604182,39,15195.923249
-5.223022,40,15196.411476
-12.634756,61,15197.138347
-11.794901,49,15197.720791
-12.829048,54,15198.362415
-10.859961,40,15198.839142
-12.063221,45,15199.387785
-11.210072,52,15200.005113
-10.193498,49,15200.596124
-64.028533,500,15206.642123
-19.208253,64,15207.404562
-46.905875,500,15213.431278
-8.940088,44,15213.951889
-27.898901,178,15220.72361
-8.1756,41,15221.200337
-13.872279,55,15221.826298
-13.958233,55,15222.46858
-8.788322,36,15222.887067
-3.375879,26,15223.25309
-9.866939,55,15223.937255
-8.875128,40,15224.440603
-17.791303,58,15225.171243
-9.423928,50,15225.776603
-10.247541,46,15226.363037
-31.426437,500,15232.391432
-16.048722,52,15233.008778
-17.549983,127,15234.576592
-11.470461,51,15235.18724
-17.918889,151,15236.992249
-18.822334,65,15237.784394
-11.134375,49,15238.367828
-11.703821,47,15238.937637
-13.135582,54,15239.585845
-9.511531,43,15240.098476
-19.128233,60,15240.81368
-11.588492,46,15241.367202
-50.535935,314,15245.145121
-12.618388,44,15245.733945
-4.760656,14,15245.909056
-10.430828,54,15246.570602
-136.079136,500,15252.580623
-19.70097,94,15253.736009
-11.889369,73,15254.615026
-10.442828,94,15255.72947
-18.738214,59,15256.478186
-10.7728,40,15256.956884
-5.131268,14,15257.122474
-18.029887,57,15257.795548
-19.539553,77,15258.737032
-19.015134,79,15259.687922
-11.796298,58,15260.391267
-17.030389,56,15261.079638
-19.585027,62,15261.8263
-19.818803,94,15262.953284
-45.999701,500,15269.013248
-8.737838,37,15269.453074
-12.997137,45,15269.985681
-5.453518,15,15270.166799
-16.917734,57,15270.861615
-10.082319,42,15271.386214
-17.920079,65,15272.168353
-19.331838,132,15273.759874
-11.409216,73,15274.652044
-17.010586,50,15275.249479
-13.016302,45,15275.793088
-4.589773,35,15276.218641
-35.424528,362,15286.089635
-14.861127,51,15286.713968
-16.665758,50,15287.282833
-16.679526,67,15288.064719
-10.362288,46,15288.595724
-14.883334,61,15289.304142
-12.862092,47,15289.881201
-43.016861,500,15295.642008
-6.566753,35,15296.041467
-12.107002,49,15296.602962
-40.870056,367,15300.880666
-6.28608,35,15301.283618
-9.090192,52,15301.886374
-11.327039,52,15302.483804
-17.197661,58,15303.148039
-8.437064,52,15303.752459
-19.797393,169,15305.69904
-3.251253,25,15305.986269
-15.088774,61,15306.688924
-15.784304,133,15308.214295
-17.559916,55,15308.839662
-69.035525,500,15314.648472
-20.287974,125,15316.087092
-52.762625,446,15321.218173
-58.468115,500,15327.007739
-14.85955,56,15327.662575
-13.686579,53,15328.271794
-49.473371,500,15334.068887
-55.507917,500,15339.83379
-27.867436,215,15342.327968
-13.639545,65,15343.085024
-7.766664,37,15343.514875
-14.962587,64,15348.079662
-12.500388,48,15348.637233
-18.711634,46,15349.158634
-13.6093,49,15349.725122
-9.255503,37,15350.159225
-9.464423,37,15350.595062
-20.498589,234,15353.329613
-14.553834,50,15353.923026
-10.692488,52,15354.5277
-16.791215,74,15355.433552
-9.294257,26,15355.724447
-20.099698,79,15356.645987
-7.497952,16,15356.827502
-13.189124,62,15357.545951
-14.888409,83,15358.500159
-22.219237,100,15359.647767
-18.785934,86,15360.664042
-3.711934,25,15360.955369
-13.589998,53,15361.573213
-11.651166,66,15362.341568
-19.710113,69,15363.165764
-14.856995,56,15363.817091
-9.811414,20,15364.047481
-16.168962,79,15364.963598
-53.64318,500,15370.798084
-15.837245,52,15371.416874
-8.872031,54,15372.100229
-11.633879,32,15372.485201
-19.934374,61,15373.214254
-11.900911,82,15374.201642
-13.90981,59,15374.911722
-41.678219,500,15380.971059
-13.242696,71,15381.82886
-9.003523,40,15382.306608
-14.994047,63,15383.063885
-49.978583,289,15386.553589
-8.506582,39,15387.015379
-13.667355,85,15388.097466
-21.585004,141,15389.787202
-17.945367,90,15390.873332
-13.315135,47,15391.434691
-17.638167,62,15392.186462
-22.342952,114,15393.552931
-14.405467,50,15394.152631
-9.180728,46,15394.707125
-12.92745,55,15395.375871
-33.124614,154,15397.253662
-15.915325,53,15397.892579
-15.673886,53,15398.529405
-21.056968,63,15399.325604
-12.458923,57,15400.002569
-10.890273,47,15400.577378
-14.820876,86,15401.62183
-20.57713,126,15403.143318
-23.945447,124,15404.626832
-33.037785,238,15415.815661
-30.222604,277,15419.048392
-9.987389,66,15419.804368
-18.258557,88,15420.828062
-31.661602,213,15423.334506
-10.009116,45,15423.854147
-56.391644,500,15429.678533
-16.204671,48,15430.23607
-10.479651,76,15431.125912
-8.701568,47,15431.663477
-12.348542,66,15432.496874
-30.354549,262,15435.667868
-16.424542,51,15436.27621
-12.221353,73,15437.144914
-12.478319,55,15437.789474
-34.14619,159,15439.707868
-37.702985,500,15445.763909
-12.464438,83,15446.760122
-7.312083,15,15446.951864
-17.21405,73,15447.840938
-21.167288,186,15450.083146
-33.067034,208,15452.582949
-5.659961,11,15452.714597
-5.929044,18,15452.926027
-97.866656,500,15458.988468
-59.122647,500,15465.038194
-30.490616,109,15466.358159
-12.878439,80,15467.310591
-16.137872,79,15468.253527
-12.855428,45,15468.798097
-15.723983,80,15469.748813
-57.583416,473,15485.57111
-15.653347,54,15486.20532
-19.416554,61,15486.925555
-48.070916,500,15492.63874
-11.738998,54,15493.260717
-51.575795,245,15496.105544
-7.73388,34,15496.503479
-16.658148,93,15497.611867
-11.726859,58,15498.276092
-9.795934,46,15498.812202
-11.289651,78,15499.71704
-9.164826,39,15500.167756
-10.719322,50,15500.790523
-73.251595,500,15506.887424
-11.256007,58,15507.577119
-4.237448,19,15507.8085
-18.018867,88,15508.917283
-16.792471,53,15509.549236
-11.757151,69,15510.39273
-6.598976,20,15510.635083
-49.53019,321,15514.487846
-19.304674,125,15515.970811
-13.499666,44,15516.519332
-17.712614,63,15517.284268
-11.968495,59,15517.995927
-18.548153,63,15518.754931
-10.267601,45,15519.333356
-64.872216,500,15525.376768
-19.744574,78,15526.327445
-13.006203,58,15527.009411
-15.442936,60,15527.727089
-14.494542,119,15529.136326
-9.560768,43,15529.650983
-12.369796,53,15530.330694
-18.660741,114,15531.697092
-22.591726,116,15533.098423
-40.055132,140,15534.788304
-66.421597,223,15537.468428
-14.631203,48,15538.038936
-15.148999,51,15538.654291
-15.347001,55,15539.320702
-7.525163,37,15539.757376
-16.76041,98,15540.942508
-32.853416,118,15542.403126
-8.712564,48,15542.977755
-39.06567,202,15554.518142
-13.687006,46,15555.101493
-47.859987,500,15560.864491
-77.180456,292,15564.283543
-42.81788,470,15569.914433
-42.796273,159,15571.810054
-3.563154,14,15571.985301
-9.897728,63,15572.751285
-13.102611,46,15573.300813
-10.143117,46,15573.855397
-10.438498,46,15574.408158
-12.569535,54,15575.107261
-38.10749,197,15577.46913
-8.098877,41,15577.95982
-14.135175,48,15578.526331
-64.124245,500,15584.563512
-75.63428,500,15590.272762
-9.396327,50,15590.843214
-87.876006,500,15596.63615
-7.407616,34,15597.035061
-10.254411,49,15597.665969
-11.821073,49,15598.226428
-14.853318,54,15598.851785
-9.445052,42,15599.340589
-103.827866,500,15605.129462
-56.064302,232,15607.812025
-8.953855,42,15608.345583
-39.400756,149,15610.11397
-13.751962,59,15610.822994
-12.211222,53,15611.461624
-11.96803,46,15612.021077
-39.602421,500,15622.699543
-14.999462,122,15624.163603
-39.125915,240,15626.950319
-8.599206,41,15627.430209
-13.613044,65,15628.176186
-35.584659,140,15629.771549
-13.561119,61,15630.533515
-20.440981,86,15631.540965
-7.915116,35,15631.964231
-12.006126,43,15632.502793
-13.176127,51,15633.109957
-37.397865,346,15637.273318
-8.385555,41,15637.767
-7.731535,52,15638.390628
-8.992463,42,15638.895707
-8.548457,49,15639.476046
-15.839145,104,15640.721119
-11.621247,42,15641.275304
-11.515822,55,15641.930737
-11.970115,80,15642.907357
-20.929722,115,15644.300453
-14.137235,55,15644.967125
-14.370074,65,15645.740746
-22.93277,181,15647.888024
-7.316884,34,15648.30223
-33.978035,282,15651.685395
-15.21504,53,15652.365106
-48.333191,194,15654.68916
-9.897962,47,15655.256646
-18.012333,62,15656.024238
-12.691079,60,15656.749233
-41.631594,500,15662.766896
-47.343498,349,15667.075235
-13.015851,48,15667.656339
-18.186588,82,15668.65094
-15.190722,61,15669.377335
-16.281908,57,15670.067119
-11.090314,78,15671.004617
-18.113565,73,15671.889006
-12.938607,89,15672.95884
-7.753016,39,15673.431554
-15.151209,57,15674.19029
-27.750425,178,15676.407357
-22.579019,166,15682.626385
-13.668587,46,15683.17915
-9.451363,47,15683.70774
-10.493604,49,15684.277497
-8.530931,38,15684.720298
-29.500539,352,15688.860065
-9.701037,44,15689.371056
-15.718819,49,15689.92458
-9.668414,43,15690.420706
-40.365996,500,15696.277582
-8.993557,73,15697.175735
-13.93852,48,15697.719288
-14.027396,50,15698.285988
-12.438331,48,15698.842502
-10.973403,48,15699.39004
-85.293783,500,15705.138017
-9.970832,50,15705.715471
-15.003864,60,15706.400617
-18.315433,51,15706.984059
-3.882433,11,15707.113711
-4.672619,42,15707.647855
-3.758921,31,15708.006896
-12.601066,92,15709.074018
-11.994317,50,15709.650477
-10.557877,59,15710.330999
-18.641372,58,15711.004587
-11.904985,52,15711.611452
-12.264288,53,15712.227804
-18.387544,56,15712.876405
-14.901086,66,15713.634067
-10.471668,41,15714.102818
-18.438753,56,15714.748065
-61.905736,500,15720.657703
-14.091113,48,15721.228603
-9.45767,42,15721.735223
-27.391837,199,15724.110394
-17.873914,74,15725.004148
-16.36415,80,15725.968833
-10.095688,52,15726.600199
-18.3942,58,15727.294887
-12.311708,46,15727.835401
-3.961573,29,15728.188462
-42.76277,340,15732.311315
-10.860781,60,15733.037369
-8.896861,39,15733.515097
-16.42427,60,15734.240107
-15.975263,98,15735.426966
-8.826499,19,15735.655385
-6.281671,48,15736.247111
-13.768568,59,15736.955828
-19.573504,74,15737.836177
-13.732627,52,15738.474008
-8.875351,42,15738.983215
-10.775141,51,15739.592477
-13.602277,55,15740.3027
-12.827946,52,15740.91307
-15.530711,50,15741.524313
-3.725146,9,15745.196339
-24.927185,131,15746.774829
-10.945512,43,15747.279452
-22.669682,141,15748.902236
-13.323396,47,15749.440797
-6.28452,14,15749.5984
-7.70153,41,15750.065993
-26.06984,169,15752.051019
-10.089304,57,15752.709839
-10.451801,58,15753.396005
-11.97634,60,15754.08528
-10.088338,44,15754.592465
-37.987479,500,15760.347549
-12.900949,48,15760.899081
-8.088916,56,15761.542125
-14.171652,58,15762.250046
-10.492385,58,15762.926464
-11.322273,46,15763.461061
-15.150094,37,15763.884496
-51.721123,500,15769.652411
-16.326415,60,15770.342951
-10.724638,50,15770.911193
-23.737576,330,15774.781592
-18.192326,80,15775.740557
-15.823772,62,15776.484595
-10.731991,45,15777.018758
-16.565327,69,15777.835272
-15.649706,55,15778.500489
-9.977998,40,15778.978666
-40.547717,500,15785.021492
-11.90876,50,15785.627456
-16.146278,50,15786.234386
-13.285841,59,15786.954846
-6.206025,12,15787.101007
-13.876973,52,15787.737208
-13.974726,53,15788.397444
-10.947177,42,15788.905056
-12.511084,56,15789.586343
-17.049078,66,15790.383496
-64.897713,500,15796.509853
-19.027435,160,15798.463785
-18.573588,54,15799.105042
-15.432149,56,15799.780765
-44.505798,405,15813.168458
-40.905217,500,15819.013906
-28.526836,237,15821.778665
-14.07955,86,15822.779399
-8.500834,36,15823.191299
-6.392864,13,15823.341872
-10.538868,47,15823.89133
-12.63649,40,15824.35113
-8.210983,18,15824.555582
-9.285755,37,15824.985107
-11.051963,51,15825.577677
-16.978801,74,15826.420879
-11.300566,54,15827.042189
-5.558927,36,15827.497972
-43.219996,383,15831.918171
-4.789002,34,15832.310121
-14.719465,52,15832.914476
-16.34609,53,15833.527379
-7.762545,91,15834.575228
-12.230788,48,15835.120742
-7.211341,37,15835.560304
-16.824824,50,15836.134161
-14.000621,67,15836.911567
-28.910269,315,15840.586176
-17.289312,50,15841.16248
-14.306021,79,15842.07214
-21.23884,78,15842.986076
-21.855518,107,15844.222796
-5.781154,13,15844.374399
-22.80424,119,15845.752188
-8.176289,39,15846.195028
-17.623643,75,15847.070069
-10.165198,44,15847.592844
-5.535966,10,15847.707563
-7.328315,55,15848.336755
-11.104416,63,15849.058424
-16.377525,168,15851.033131
-10.96646,48,15851.578357
-5.926143,11,15851.709552
-9.239881,49,15852.25921
-11.502553,83,15853.226344
-10.082303,63,15853.948055
-15.281585,62,15854.657082
-47.190322,500,15860.437857
-56.824265,500,15866.477772
-17.37433,87,15867.538961
-7.663296,34,15867.967906
-22.571561,142,15869.693249
-11.00412,51,15870.302622
-4.540224,12,15870.446262
-19.140923,74,15871.343991
-8.965122,27,15875.989348
-9.549673,55,15876.628609
-11.587236,51,15877.209676
-18.908595,124,15878.648377
-5.747714,12,15878.784013
-18.36121,72,15879.627289
-14.356593,63,15880.353935
-15.72654,56,15881.006789
-12.9905,52,15881.602818
-13.088266,67,15882.370839
-15.303286,50,15882.94136
-17.889091,102,15884.16231
-18.804389,53,15884.776304
-15.420138,48,15885.332816
-10.25007,50,15885.913261
-10.434854,48,15886.47457
-5.512833,15,15886.644866
-18.900039,54,15887.274712
-36.830017,500,15893.005459
-19.801755,53,15893.636238
-17.772367,61,15894.389578
-15.37675,81,15895.322712
-6.090149,18,15895.533079
-33.124298,477,15901.054137
-49.110278,500,15906.898629
-52.819065,500,15912.759546
-18.218777,74,15913.641215
-46.76423,500,15919.696088
-34.775557,187,15921.933103
-5.346283,13,15922.092648
-19.275488,142,15923.807341
-8.543642,36,15924.236467
-40.732379,500,15930.270972
-5.632653,15,15930.452515
-26.934628,182,15932.641827
-5.959822,15,15932.836553
-18.56284,62,15933.595829
-12.519647,60,15934.309423
-11.98969,35,15937.88296
-7.459599,17,15938.110144
-38.165535,500,15943.975634
-11.219914,55,15944.606921
-23.303585,115,15945.932634
-10.832847,49,15946.496733
-13.922528,49,15947.065213
-14.211764,66,15947.82876
-10.348061,43,15948.325546
-10.39312,58,15948.994369
-10.736249,48,15949.554874
-9.335375,18,15949.76232
-13.440963,46,15950.292418
-5.726677,14,15950.474906
-17.019679,71,15951.314672
-41.943145,247,15954.150181
-15.877105,52,15954.744588
-7.89172,36,15955.164745
-4.699485,10,15955.286235
-6.42421,15,15955.462941
-15.923744,111,15956.724437
-21.120554,202,15959.063331
-16.270562,53,15959.678649
-11.122092,55,15960.305947
-17.071231,60,15960.994266
-31.078511,194,15963.29514
-20.876156,94,15964.394512
-45.081487,500,15970.188912
-16.998373,100,15971.349123
-6.558178,37,15971.784963
-4.205,18,15971.993378
-3.438464,34,15972.424251
-16.422916,59,15973.098415
-8.895334,20,15973.327637
-16.584806,56,15973.974909
-18.814449,124,15975.498873
-4.432706,10,15975.615562
-19.458356,110,15976.943346
-14.802278,49,15977.525814
-13.652775,46,15978.075323
-11.277303,35,15978.532872
-5.414457,15,15978.712363
-12.231109,68,15979.539185
-16.649833,71,15980.382763
-3.803818,14,15980.559292
-10.928308,88,15981.619017
-10.712583,42,15982.118209
-11.602915,62,15982.863639
-17.956251,68,15983.742265
-8.41663,42,15984.239959
-6.895704,37,15984.678762
-8.976987,45,15985.219467
-8.522735,40,15985.703511
-19.181003,86,15986.754639
-11.037876,51,15987.373491
-55.763647,500,15993.345346
-11.472037,51,15993.959862
-14.941469,95,15995.161562
-11.755595,88,15996.23724
-14.100945,62,16002.581436
-11.081168,47,16003.165952
-15.87346,83,16004.098466
-17.359377,62,16004.784971
-13.81151,58,16005.437254
-14.794301,65,16006.250449
-50.139854,216,16008.725657
-5.806138,36,16009.143814
-5.087571,13,16009.299398
-12.543313,45,16009.832948
-5.288066,31,16010.197997
-3.861033,10,16010.319672
-57.914229,251,16013.365513
-44.795276,500,16019.449807
-12.528177,53,16020.091119
-12.380492,38,16020.544882
-43.214882,500,16026.568257
-12.52731,53,16027.19713
-18.037529,55,16027.919643
-16.842902,70,16028.771564
-32.396921,147,16030.53086
-19.121376,58,16031.234493
-12.343044,52,16031.851083
-16.2122,66,16032.646495
-15.510932,51,16033.257836
-8.355826,42,16033.760166
-26.484693,232,16036.551988
-50.209243,500,16042.630732
-83.532652,278,16045.953711
-15.15834,58,16046.660741
-36.939823,500,16052.718071
-13.364149,48,16053.287895
-12.295945,69,16054.131182
-10.58386,65,16054.908219
-9.870988,80,16055.85339
-9.266438,45,16056.390716
-6.479626,36,16056.826504
-15.135221,62,16057.574534
-17.549966,59,16058.289037
-23.686681,189,16060.53603
-41.307183,286,16072.07461
-17.01783,67,16072.855079
-18.848831,52,16073.441542
-58.367888,500,16079.196056
-8.804467,50,16079.775979
-9.487184,40,16080.24373
-7.937789,42,16080.727467
-13.891227,64,16081.472444
-10.207028,54,16082.108744
-4.667098,31,16082.465793
-11.78736,46,16082.999779
-17.152538,64,16083.783713
-14.635461,57,16084.437319
-9.005839,41,16084.903294
-20.153767,111,16086.195645
-23.20754,114,16087.517976
-9.708985,45,16088.035563
-19.54875,54,16088.667434
-6.807449,35,16089.078486
-13.106964,63,16089.809428
-37.154235,500,16095.834328
-8.002054,36,16096.26221
-14.395629,97,16097.428247
-8.832564,40,16097.912981
-36.838515,500,16103.909721
-16.755378,67,16104.710315
-12.155077,52,16105.37218
-18.046461,66,16106.171077
-60.315366,500,16112.350139
-10.34424,64,16113.111291
-17.569103,58,16113.816009
-16.922717,58,16114.516286
-19.170418,59,16115.221008
-14.676184,118,16116.66957
-12.765014,74,16117.565928
-6.932012,34,16117.984385
-13.85092,63,16118.756737
-5.318091,33,16119.145083
-59.558737,287,16122.584761
-38.474018,500,16128.621505
-11.897945,47,16129.189604
-10.564397,50,16129.787779
-12.082612,58,16136.699039
-9.703164,39,16137.204936
-12.758963,49,16137.77544
-39.857895,500,16143.798443
-11.048307,47,16144.371937
-4.406159,11,16144.508821
-12.722372,68,16145.333592
-41.837522,500,16151.38701
-12.856916,52,16152.008943
-15.835712,55,16152.661737
-25.970742,187,16154.924701
-14.768862,90,16155.997842
-18.385854,56,16156.669824
-13.630257,45,16157.21607
-8.4244,53,16157.873447
-48.919377,500,16163.929627
-12.735385,51,16164.547977
-13.497013,50,16165.145208
-15.886536,72,16166.009893
-11.796618,49,16166.594308
-10.243226,73,16167.476473
-52.472351,500,16173.517719
-91.167367,339,16177.611334
-9.457993,40,16178.094016
-23.800117,168,16180.091755
-12.489991,98,16181.254495
-19.285785,133,16182.855027
-18.943041,65,16183.635684
-16.901048,57,16184.367705
-10.995319,49,16184.959597
-16.745495,52,16185.586351
-10.436155,64,16186.377741
-8.89903,39,16186.851026
-7.198431,33,16187.241982
-18.817534,78,16188.185459
-12.104285,56,16188.8602
-10.389882,40,16189.329939
-10.718881,46,16189.878433
-14.169076,49,16190.47041
-14.169298,70,16191.300166
-36.157772,193,16193.620072
-29.980336,305,16202.594139
-9.737046,73,16203.431427
-12.739693,52,16204.041671
-16.645654,97,16205.177739
-16.896356,58,16205.871725
-27.535154,202,16208.234479
-12.323045,72,16209.074212
-16.673761,57,16209.740505
-13.777955,51,16210.326939
-13.526413,47,16210.85954
-12.331734,58,16211.528342
-11.35067,52,16212.122179
-13.05227,52,16212.720556
-12.898488,99,16213.865013
-3.22076,25,16214.1602
-10.570919,46,16214.697122
-16.213832,114,16216.027554
-36.565582,500,16221.856086
-15.275161,61,16222.560202
-14.853305,60,16223.248736
-12.559563,51,16223.82918
-10.128017,49,16224.392799
-11.060227,56,16225.035818
-10.585211,47,16225.57635
-23.55023,84,16226.544683
-17.006533,54,16227.172012
-10.854186,51,16227.750437
-9.325488,59,16228.424625
-11.790133,57,16229.077197
-8.980793,43,16229.616936
-11.77618,50,16230.197385
-13.666899,137,16231.780993
-18.143265,56,16232.425246
-15.414852,108,16233.672194
-17.633187,101,16234.853041
-19.104942,112,16236.141631
-8.519675,47,16236.683636
-10.794919,47,16237.227184
-14.95883,66,16237.987736
-11.177538,61,16238.711778
-8.473327,47,16239.249462
-15.366074,52,16239.852247
-10.370633,40,16240.3173
-11.64961,48,16240.865859
-8.726404,40,16241.368944
-10.60369,67,16242.178342
-18.478749,62,16242.921672
-57.318962,500,16248.965586
-16.041352,61,16249.691142
-11.697774,50,16250.298519
-6.823612,38,16250.788808
-33.962217,500,16256.998197
-12.845633,66,16257.796425
-13.031252,47,16258.355159
-16.059356,68,16259.170828
-9.20523,41,16259.675156
-9.116775,54,16260.316664
-7.029679,17,16260.518152
-9.972532,45,16261.073257
-9.759106,29,16266.487134
-8.913684,37,16266.954044
-19.095779,72,16267.781831
-9.906824,44,16268.287534
-85.645019,500,16274.076167
-17.601934,58,16274.785872
-14.020278,46,16275.335954
-12.775457,44,16275.864127
-18.887657,84,16276.862768
-15.190794,49,16277.464726
-11.512201,76,16278.382978
-12.430194,55,16279.058149
-9.68238,45,16279.61707
-14.603132,47,16280.173584
-15.00698,49,16280.769156
-142.972461,500,16286.829474
-15.976463,52,16287.457793
-9.8275,21,16287.707133
-14.350581,114,16289.066304
-17.100228,49,16289.657566
-22.825399,175,16291.774943
-47.982145,500,16297.821223
-18.478409,58,16298.520379
-22.397143,142,16300.221182
-9.883828,61,16300.948214
-12.162084,46,16301.487556
-17.856985,62,16302.227992
-22.22468,117,16303.63351
-38.058321,200,16306.05409
-119.225,500,16312.124048
-12.555318,155,16313.980554
-6.570957,16,16314.169052
-9.225258,24,16314.469569
-39.609868,500,16320.51009
-7.059413,17,16320.713522
-14.839129,55,16321.370966
-8.265198,43,16321.890772
-14.14582,100,16323.094196
-18.587448,94,16324.233184
-22.060641,116,16325.627056
-10.877681,45,16326.169427
-13.999634,55,16330.793467
-45.657654,500,16336.549371
-11.024953,75,16337.410653
-56.600752,500,16343.249587
-6.484235,61,16343.957088
-13.700759,51,16344.553591
-7.916206,16,16344.732139
-17.048635,63,16345.468124
-15.578447,57,16346.136315
-22.081045,119,16347.525603
-16.683264,70,16348.348352
-11.760691,49,16348.913936
-13.066966,46,16349.4599
-24.939648,163,16351.349606
-17.325708,71,16352.162197
-8.373747,72,16353.031539
-19.48301,58,16353.709727
-8.090149,41,16354.182488
-10.333236,53,16354.792454
-31.223949,500,16360.945859
-14.657008,72,16361.804536
-8.674048,38,16362.253873
-69.369786,500,16368.32525
-9.743515,59,16369.032571
-31.473481,273,16372.323901
-17.516105,53,16372.967159
-44.922379,388,16377.662015
-22.509671,218,16380.297368
-8.594861,35,16380.721064
-8.556341,37,16381.179075
-13.488233,103,16382.424573
-17.854051,89,16383.476239
-10.948377,56,16384.153431
-27.123955,286,16387.653099
-64.745593,262,16395.465233
-10.736478,48,16396.028779
-15.663503,51,16396.616185
-8.479792,40,16397.122832
-9.950138,70,16397.930609
-15.110393,99,16399.080477
-46.777627,500,16404.85402
-11.368426,65,16405.620313
-14.731384,56,16406.268718
-16.235155,223,16408.908731
-17.733155,130,16410.417256
-20.368003,74,16411.285965
-10.667755,45,16411.804135
-17.560004,92,16412.861474
-3.941391,39,16413.31426
-26.904827,170,16415.276016
-9.454645,40,16415.733817
-14.992917,53,16416.349174
-17.76808,51,16416.934615
-16.378502,107,16418.168088
-45.04787,500,16423.988006
-42.538341,315,16427.635649
-26.363949,108,16428.8769
-15.663096,66,16429.644862
-4.486695,29,16429.981961
-9.990901,47,16430.552466
-42.577978,500,16436.305863
-4.799568,14,16436.463467
-11.590651,53,16437.072646
-19.047145,135,16438.631005
-3.107052,10,16438.744697
-11.129731,51,16439.333703
-45.245588,500,16445.19425
-41.678031,500,16450.966947
-10.379579,47,16451.506536
-8.477747,37,16451.930398
-43.858594,500,16462.547882
-17.828808,58,16463.21707
-17.797944,61,16463.923213
-17.254652,61,16464.630576
-6.671395,36,16465.085135
-8.95173,83,16466.084094
-17.225757,103,16467.340239
-16.987085,53,16468.058747
-29.202015,202,16470.558992
-9.284229,39,16471.029725
-19.046025,63,16471.788531
-10.039922,45,16472.322884
-7.593446,20,16472.56028
-8.538466,45,16473.109782
-10.94196,51,16473.71473
-9.186353,35,16474.143587
-12.013693,52,16474.775727
-51.085656,500,16480.844065
-13.234574,93,16481.977551
-14.750349,70,16482.820011
-13.897187,65,16483.606665
-11.572756,56,16484.28576
-89.059598,500,16490.323502
-11.070474,47,16490.891328
-7.3588,43,16491.402933
-16.243159,59,16492.127871
-14.835535,81,16493.106959
-11.0703,52,16493.730269
-11.454714,49,16494.323778
-9.362353,44,16494.857329
-18.201887,61,16495.592854
-39.295728,402,16500.506748
-17.101884,57,16501.188957
-20.517803,71,16502.053169
-18.251183,117,16503.448737
-6.533822,37,16503.902539
-5.42414,16,16504.096992
-42.041192,191,16506.39863
-12.784262,46,16506.944182
-49.724112,500,16513.011475
-45.818541,414,16520.121393
-18.905774,107,16521.419339
-46.416836,441,16526.511503
-6.698039,35,16526.922221
-12.24694,50,16527.503006
-45.178735,243,16530.309627
-24.169688,201,16532.670807
-11.49964,57,16533.352984
-11.868232,42,16533.867207
-48.98324,500,16539.894926
-10.111717,55,16540.550176
-12.018769,93,16541.660211
-5.867663,11,16541.788867
-8.962397,40,16542.273919
-14.830496,97,16543.496634
-13.745751,53,16544.136672
-8.792357,37,16544.586355
-12.149288,44,16545.129687
-9.66266,58,16545.82984
-12.434988,49,16546.42024
-18.184143,80,16547.372625
-10.86759,72,16548.239286
-20.800591,220,16550.886096
-54.321191,500,16556.958975
-11.347911,44,16557.491528
-57.051562,500,16563.531442
-19.128481,112,16564.875257
-14.765493,82,16565.909429
-17.378034,74,16566.797029
-53.050263,500,16572.828097
-27.725226,280,16576.23177
-11.384787,81,16577.256294
-43.50078,411,16589.001784
-16.055476,66,16589.774697
-9.943025,45,16590.29744
-5.423289,14,16590.462024
-6.84853,20,16590.69042
-11.442433,42,16591.184365
-19.350436,71,16592.016168
-6.712236,14,16592.183182
-17.034343,54,16592.795904
-9.674725,41,16593.268665
-56.404084,500,16599.043826
-14.023518,48,16599.607348
-3.045258,13,16599.772403
-5.430062,18,16600.016773
-33.741611,320,16603.699851
-10.148208,53,16604.309567
-10.540909,48,16604.874272
-13.240201,52,16605.477655
-8.715246,38,16605.90868
-6.806364,34,16606.298637
-15.76387,96,16607.398855
-14.60165,59,16608.077173
-11.948087,66,16608.847139
-19.360879,83,16609.797791
-19.230205,81,16610.753638
-13.493307,45,16611.29751
-13.418216,103,16612.486918
-5.748353,32,16612.862919
-55.990878,500,16618.671446
-9.399492,23,16618.945714
-18.023456,88,16619.969074
-25.186763,157,16621.785203
-8.23291,37,16622.250594
-17.88926,64,16623.012555
-7.507789,16,16623.197067
-42.602354,500,16628.99369
-15.780125,54,16629.621562
-19.920073,58,16630.289317
-14.375542,48,16630.83736
-6.344924,31,16631.196425
-10.834657,51,16631.784854
-14.480478,56,16632.426966
-9.531135,58,16633.11349
-102.976219,500,16638.924916
-7.815938,36,16639.340649
-11.0119,41,16639.82336
-33.777846,500,16654.510357
-21.07985,82,16655.469336
-9.570613,20,16655.709694
-16.563627,147,16657.456708
-9.553636,40,16657.929843
-69.611103,500,16663.731952
-5.660422,17,16663.932422
-9.133847,26,16664.244936
-9.796096,45,16664.758606
-3.780762,15,16664.931765
-9.406981,44,16665.44352
-5.318454,15,16665.622019
-14.406293,112,16666.931449
-7.871556,34,16667.321573
-44.855429,433,16672.385036
-12.627813,100,16673.547057
-9.605462,53,16674.166542
-9.492173,41,16674.641927
-12.004139,64,16675.399472
-3.525792,13,16675.552093
-53.118196,500,16681.439996
-11.419445,44,16681.94168
-11.969927,51,16682.534074
-18.822385,52,16683.129911
-13.992194,170,16685.127513
-13.542496,33,16685.508498
-58.499687,500,16691.393871
-35.296446,500,16697.20586
-10.138703,69,16697.997328
-56.682462,500,16703.95043
-20.78953,60,16704.672105
-16.107486,56,16705.357676
-51.188716,500,16711.382892
-10.419201,44,16711.93865
-9.29491,42,16712.45128
-6.86288,24,16712.737516
-3.12049,6,16720.69531
-12.66818,50,16721.324652
-5.868415,31,16721.679831
-110.326248,500,16727.547442
-14.087696,68,16728.327496
-7.881786,36,16728.741129
-6.618652,37,16729.170979
-15.180555,54,16729.793293
-68.862857,500,16735.695148
-10.194691,50,16736.335437
-16.576217,61,16737.080885
-12.771282,52,16737.713195
-50.093552,500,16743.79633
-8.730185,41,16744.293452
-11.731061,60,16745.008559
-12.806566,53,16745.636222
-55.214019,500,16751.759198
-7.501556,36,16752.192065
-14.871702,88,16753.248219
-7.059685,21,16753.496836
-8.708971,30,16753.858869
-11.883286,55,16754.525088
-10.293699,20,16754.76139
-9.444973,44,16755.285989
-11.485975,53,16755.918619
-5.832133,31,16756.289854
-36.27113,500,16762.403862
-6.601596,17,16762.607607
-48.675449,500,16768.661796
-11.471417,44,16769.199789
-15.327416,52,16769.827434
-56.808067,469,16775.479194
-13.070779,54,16776.130799
-42.72287,393,16790.031903
-21.485766,94,16791.154754
-11.856351,45,16791.711243
-17.419554,63,16792.442289
-12.77853,46,16792.968884
-75.20601,500,16798.708007
-52.465285,500,16804.517043
-41.749164,500,16810.284976
-38.469071,320,16814.038661
-8.378062,38,16814.475026
-16.796452,37,16814.91386
-46.047676,500,16820.661129
-7.280518,22,16820.912458
-11.331094,46,16821.441769
-8.300573,38,16821.877581
-10.81112,40,16822.341629
-53.004211,500,16828.251995
-29.95276,325,16832.115771
-57.099258,500,16838.191298
-18.942158,64,16838.95704
-15.582121,58,16839.650217
-9.722395,40,16840.125917
-56.59191,500,16846.134365
-17.367019,68,16846.949477
-18.591583,167,16858.785188
-8.82253,41,16859.279408
-6.719233,49,16859.880802
-45.837994,289,16863.218964
-11.122538,24,16863.502049
-7.007584,32,16863.875077
-44.700968,500,16869.634429
-9.246868,37,16870.067842
-39.480933,500,16875.881162
-51.683385,500,16881.649772
-16.661243,56,16882.303562
-18.361187,64,16883.05719
-7.53448,35,16883.463619
-11.883914,52,16884.064232
-16.924154,71,16884.889004
-9.93055,45,16885.413291
-47.643787,259,16888.400653
-9.266127,39,16888.858959
-18.708321,66,16889.62192
-6.519471,21,16889.863865
-47.790414,500,16895.677392
-22.165291,140,16897.282537
-12.581149,54,16897.906331
-51.861521,500,16903.718532
-43.962032,500,16909.547935
-11.225484,106,16910.765075
-9.66322,43,16911.266254
-12.798725,68,16912.056231
-14.004985,90,16913.09181
-10.23447,41,16913.556543
-9.793858,46,16914.087126
-4.0022,10,16914.198827
-29.259643,173,16916.20525
-3.851022,10,16916.327898
-10.594743,29,16925.145605
-16.543682,62,16925.873
-43.887942,500,16931.548429
-41.16162,368,16935.792291
-16.092528,59,16936.47961
-53.356037,500,16942.32406
-15.580779,81,16943.249082
-14.042719,68,16944.037514
-8.302487,46,16944.567311
-15.3166,55,16945.191543
-3.959284,10,16945.310226
-15.966739,55,16945.945691
-15.708142,50,16946.537403
-16.337111,55,16947.1707
-11.628763,57,16947.82867
-9.992594,39,16948.290126
-12.259148,47,16948.832266
-55.575307,500,16954.682544
-13.088421,54,16955.305074
-16.514656,60,16956.000211
-4.564642,22,16956.267905
-15.492659,51,16956.855335
-17.117164,63,16957.59145
-17.524196,74,16958.459015
-11.453321,48,16959.013559
-28.778469,216,16961.514047
-15.465765,75,16962.42231
-15.746439,101,16963.590214
-12.044949,66,16964.351497
-17.133742,85,16965.338833
-19.919048,116,16966.676174
-21.228021,86,16967.664532
-20.816813,250,16970.553419
-36.421172,500,16976.382267
-12.370418,68,16977.171159
-18.80913,65,16977.998976
-13.627457,51,16978.664169
-10.244471,45,16979.20935
-15.443877,116,16980.666278
-6.669514,32,16981.059228
-8.022769,57,16981.754177
-15.336065,146,16990.286272
-62.282159,500,16996.206203
-7.490248,35,16996.615081
-38.52203,500,17002.365556
-11.28952,46,17002.889156
-8.933498,42,17003.385358
-13.94699,76,17004.259956
-40.263461,500,17010.297448
-13.429039,49,17010.885848
-18.425493,74,17011.777107
-31.37356,208,17014.278276
-16.376781,56,17014.95634
-60.288445,500,17021.110584
-9.40803,43,17021.62521
-8.584527,41,17022.180897
-17.041176,56,17022.85011
-6.765288,33,17023.243611
-6.471139,55,17023.916566
-15.536813,61,17024.650316
-19.437366,58,17025.377373
-18.468558,67,17026.188777
-4.106547,16,17026.387248
-46.409444,500,17032.447795
-2.516105,20,17032.686158
-50.128089,500,17038.657258
-57.425691,500,17044.762314
-9.84701,56,17045.437485
-18.33338,92,17046.546091
-17.773879,65,17047.329023
-41.902723,264,17059.874045
-106.755334,500,17065.590209
-12.594669,49,17066.152706
-6.68898,35,17066.556871
-5.552517,65,17067.321827
-11.221316,57,17067.989666
-10.001126,41,17068.466426
-19.478761,69,17069.25943
-10.427855,44,17069.772475
-61.301726,500,17075.576738
-13.740227,55,17076.221337
-16.01605,51,17076.815726
-8.393509,41,17077.279873
-56.468839,500,17083.049544
-17.04817,53,17083.668889
-12.776154,51,17084.247902
-15.641092,60,17084.933327
-18.376363,58,17085.640031
-6.73743,36,17086.042419
-84.777869,500,17091.776913
-45.583736,500,17097.591914
-15.619794,57,17098.267303
-51.111299,500,17104.443615
-48.916695,328,17108.418642
-12.168049,57,17109.107833
-16.334893,60,17109.83198
-13.304004,48,17110.407441
-19.195327,244,17113.340593
-12.642882,48,17113.921017
-44.030575,353,17118.160504
-46.073142,500,17134.110068
-8.045178,38,17134.549989
-43.195991,500,17140.339245
-19.704326,96,17141.437762
-45.148408,500,17147.247419
-15.863669,49,17147.818098
-15.145924,67,17148.589042
-17.436065,111,17149.874294
-8.400024,60,17150.586619
-9.321537,73,17151.428683
-27.082676,257,17154.441619
-18.787069,79,17155.356403
-11.17179,74,17156.209147
-16.731428,56,17156.871305
-17.27357,53,17157.501453
-15.978329,68,17158.300344
-16.6476,50,17158.875123
-9.526696,48,17159.44116
-7.575948,39,17159.893926
-15.304357,58,17160.568364
-14.330521,49,17161.156492
-16.663224,61,17161.861695
-4.355711,29,17162.207659
-12.445679,43,17162.7163
-38.741889,309,17166.533479
-8.67353,43,17167.052088
-8.266397,39,17167.516202
-4.396535,29,17167.861026
-68.930751,500,17173.864553
-14.211867,121,17175.300716
-9.749658,47,17175.911934
-8.514205,73,17176.788593
-12.158594,47,17177.369928
-20.549571,87,17178.413102
-16.894309,55,17179.064092
-53.318955,477,17184.811413
-17.536239,52,17185.437992
-7.595223,33,17185.824855
-8.631788,36,17186.261664
-14.121167,65,17187.062266
-39.379371,500,17200.063133
-6.661242,34,17200.447083
-18.151587,60,17201.129178
-14.179331,47,17201.668736
-12.683314,46,17202.207273
-17.680722,55,17202.83689
-8.486659,80,17203.759454
-14.815509,51,17204.355831
-16.339334,54,17204.97987
-11.742825,43,17205.479558
-15.608547,54,17206.134864
-13.117328,46,17206.658405
-10.297192,48,17207.213719
-19.195335,68,17207.986233
-44.371257,353,17212.083282
-16.722611,91,17213.128935
-9.630561,61,17213.832895
-13.366948,38,17214.268729
-12.864168,40,17214.729296
-10.068451,39,17215.174383
-12.804543,56,17215.831167
-16.483999,156,17217.617467
-15.702035,56,17218.30403
-7.254736,37,17218.789731
-8.337641,40,17219.29885
-15.19007,64,17220.077798
-12.230559,56,17220.787427
-13.703341,53,17221.434726
-28.315666,195,17223.831074
-11.443214,40,17224.309304
-10.977999,54,17224.960564
-12.758634,57,17225.640703
-42.043159,500,17231.720036
-13.599881,71,17232.581945
-13.681058,46,17233.187323
-8.337748,35,17233.605805
-4.650935,32,17233.985761
-18.035172,51,17234.588513
-16.973196,70,17235.424729
-95.663476,500,17241.409427
-7.01888,33,17241.820335
-12.109107,50,17242.423692
-8.988863,38,17242.876099
-11.596417,51,17243.492157
-30.2818,320,17247.385221
-13.836727,46,17247.945521
-12.164861,48,17248.531954
-13.556446,112,17249.878766
-12.52675,50,17250.4745
-27.888861,331,17260.705672
-16.36561,52,17261.343394
-19.746925,76,17262.228026
-11.582382,49,17262.783844
-12.823804,60,17263.481954
-10.474618,48,17264.033909
-14.546689,92,17265.088246
-13.674778,63,17265.812998
-10.604281,46,17266.342485
-33.214678,258,17269.372137
-20.614095,107,17270.659635
-11.930891,59,17271.366716
-20.445257,115,17272.755931
-6.817417,24,17273.052116
-13.145962,83,17274.050517
-18.597091,59,17274.756218
-10.821168,46,17275.300734
-12.235328,45,17275.841319
-12.051321,43,17276.365454
-10.983744,48,17276.94662
-25.403505,390,17281.623657
-8.992793,36,17282.064377
-8.135677,81,17283.030436
-42.121657,500,17289.113615
-35.976435,374,17293.629338
-44.456155,500,17299.686067
-31.514294,245,17302.616228
-8.149266,40,17303.092955
-11.217133,48,17303.665261
-34.981175,500,17309.660623
-12.591218,69,17310.48267
-24.309991,254,17313.603761
-60.869952,500,17319.636928
-7.911379,48,17320.207913
-11.915993,44,17328.656643
-14.321121,50,17329.270253
-51.688275,500,17335.101879
-9.230213,43,17335.601547
-55.415385,500,17341.495991
-15.454385,51,17342.12833
-53.440356,500,17348.21918
-15.987152,124,17349.700657
-44.749198,500,17355.713426
-12.173428,55,17356.374507
-14.796121,59,17357.120547
-12.880341,51,17357.732499
-19.99822,96,17358.880409
-11.730899,48,17359.448885
-17.666057,75,17360.351766
-17.248484,125,17361.856469
-5.688185,30,17362.211495
-14.887366,50,17362.819249
-16.677015,58,17363.514416
-12.086205,52,17364.123158
-14.520599,53,17364.764445
-19.155752,87,17365.805457
-17.635344,81,17366.789075
-5.877125,33,17367.199022
-41.803491,500,17373.270014
-18.599646,73,17374.154652
-17.193302,77,17375.080736
-16.286879,61,17375.829731
-15.672121,98,17377.009553
-45.638328,473,17382.74727
-10.475552,45,17383.301287
-15.009651,54,17383.943599
-17.476373,49,17384.532207
-16.793719,86,17385.566471
-27.086359,280,17394.719578
-16.407457,59,17395.403749
-41.087921,500,17401.206445
-23.125169,217,17403.844145
-23.456664,263,17407.071013
-8.73499,38,17407.525775
-56.20879,500,17413.543177
-16.50826,87,17414.580434
-46.64498,500,17420.637032
-25.226398,298,17424.204573
-9.401804,50,17424.814474
-9.910667,41,17425.303328
-13.971784,88,17426.375036
-11.026445,45,17426.93352
-11.344875,47,17427.50637
-31.660976,167,17429.512975
-11.084443,45,17430.061896
-6.951381,32,17430.443905
-13.448416,69,17431.274968
-11.814657,55,17431.938437
-9.18178,40,17432.413192
-32.621854,307,17436.127956
-13.612385,57,17436.809302
-8.999681,70,17437.654117
-12.280124,55,17438.379793
-15.490442,58,17439.083113
-35.93168,500,17445.108108
-22.393951,100,17446.300921
-20.190108,80,17447.262138
-12.231629,51,17447.872735
-17.236256,66,17448.66862
-14.622696,62,17449.408519
-17.820339,87,17450.49362
-13.990859,47,17451.061026
-19.958297,52,17451.689182
-7.244009,82,17452.665245
-11.278373,30,17453.027697
-11.374955,42,17453.538471
-10.527895,46,17454.081348
-13.355825,66,17461.509372
-14.95441,58,17462.224461
-7.924496,38,17462.720136
-13.197726,82,17463.672059
-10.291133,52,17464.33828
-9.278867,74,17465.242501
-38.614367,500,17471.293258
-12.9142,148,17473.136622
-38.220336,500,17479.137659
-38.380788,396,17483.934675
-34.93221,500,17489.941742
-16.715471,84,17490.944896
-40.22501,404,17495.99366
-28.912459,215,17498.57371
-17.66607,61,17499.316433
-11.831202,31,17499.689435
-13.067281,100,17500.911278
-16.543953,73,17501.791787
-9.954797,49,17502.385178
-6.950227,32,17502.772457
-13.823138,53,17503.416736
-8.471184,41,17503.914657
-7.81754,35,17504.341991
-11.328538,42,17504.840662
-16.360648,64,17505.620969
-14.392188,78,17506.598339
-13.399103,46,17507.153249
-41.041659,500,17513.23156
-41.685281,338,17517.321283
-49.528726,407,17529.42399
-7.47045,57,17530.099644
-12.207049,47,17530.652144
-13.953982,98,17531.794567
-35.307614,297,17535.269597
-43.491598,500,17541.131907
-18.441693,74,17541.984318
-10.030221,51,17542.557354
-51.486711,500,17548.372749
-25.432085,143,17550.024694
-10.331516,57,17550.683964
-7.649736,41,17551.154587
-20.705857,73,17551.994303
-17.067451,73,17552.867
-13.583247,64,17553.61297
-10.945045,47,17554.153948
-13.037715,39,17554.60586
-8.300795,37,17555.033311
-16.59011,98,17556.161175
-10.030382,70,17556.970356
-28.188928,195,17559.213804
-59.001304,500,17565.068731
-25.429641,208,17567.580769
-10.381931,63,17568.353897
-3.171828,26,17568.677871
-13.344916,46,17569.235386
-15.084957,101,17570.446737
-10.091924,21,17570.68864
-10.114093,50,17571.292031
-5.283903,34,17571.708932
-7.381153,62,17572.464144
-12.032422,90,17573.531297
-8.677122,40,17574.009758
-10.652108,64,17574.7797
-18.09538,60,17575.534394
-9.865491,48,17576.123597
-16.292694,59,17576.828743
-10.685231,44,17577.35234
-14.270722,65,17578.166242
-10.000718,48,17578.740997
-15.681385,95,17579.893239
-13.084275,87,17580.95295
-8.045803,38,17581.400754
-12.56725,52,17582.01913
-7.39792,33,17582.442
-13.062324,45,17583.027063
-13.061313,67,17583.86283
-11.232717,53,17584.52811
-14.724915,62,17585.300059
-20.452673,91,17586.434495
-9.113789,59,17587.163204
-14.950061,56,17587.859996
-18.856257,63,17594.68033
-7.263071,77,17595.573009
-14.544756,135,17597.182634
-20.130128,154,17598.981184
-13.761523,49,17599.545141
-8.669395,44,17600.044774
-14.684117,74,17600.908467
-9.695094,44,17601.418138
-5.222512,46,17601.968666
-16.163438,89,17602.991175
-12.089716,47,17603.53508
-55.676437,500,17609.372341
-12.864275,89,17610.406303
-9.507415,42,17610.896024
-29.129678,169,17612.842974
-38.599546,500,17618.595844
-15.914356,192,17620.862714
-23.42202,143,17622.526108
-10.7146,41,17622.990843
-17.8545,56,17623.635677
-12.681985,54,17624.256021
-54.916098,500,17630.005463
-19.302068,60,17630.702867
-11.054909,45,17631.266149
-9.51959,81,17632.196784
-11.803714,45,17632.716954
-12.226016,86,17633.729718
-11.650016,50,17634.304156
-10.089185,44,17634.816421
-12.57792,53,17635.420329
-15.064506,53,17636.03128
-15.215531,59,17636.707448
-15.748122,69,17637.501327
-10.798676,57,17638.172534
-15.294089,71,17638.991345
-35.715167,394,17643.591263
-18.212841,61,17644.295801
-14.457365,74,17645.143539
-7.539399,40,17645.60401
-22.489072,136,17647.184691
-12.060026,47,17647.721655
-8.841364,50,17648.301765
-4.96411,30,17648.642877
-13.214578,47,17649.193406
-11.867967,46,17649.726981
-31.215246,248,17657.68842
-9.076262,40,17658.155797
-20.216044,81,17659.048096
-9.467958,43,17659.520833
-18.608273,126,17660.942879
-13.747145,86,17661.920335
-31.727891,344,17665.965625
-12.107628,44,17666.482338
-13.711359,55,17667.127429
-28.566924,373,17671.475515
-18.485719,63,17672.205123
-20.530656,111,17673.487287
-6.425357,34,17673.886221
-21.649595,148,17675.589179
-8.183718,33,17675.966548
-42.405924,500,17681.811322
-49.414382,500,17687.566385
-52.504792,500,17693.382046
-11.258929,49,17693.953013
-18.768533,65,17694.705689
-11.728255,55,17695.345824
-12.672969,65,17696.120749
-17.44628,73,17696.957219
-10.086454,47,17697.512705
-7.03013,38,17697.945853
-13.583747,52,17698.567192
-11.076038,50,17699.141237
-16.77542,56,17699.836873
-14.798295,142,17701.537865
-55.316421,500,17707.530809
-16.135154,61,17708.268994
-9.359327,51,17708.885349
-8.468778,42,17709.389032
-18.028191,76,17710.302135
-13.630175,48,17710.904538
-3.675317,27,17711.226156
-10.282587,54,17711.885366
-8.479518,41,17712.375057
-31.042261,272,17715.671289
-52.161797,500,17725.030537
-13.675421,47,17725.574765
-12.175822,49,17726.139256
-9.069155,43,17726.652859
-13.344687,52,17727.265252
-16.160217,54,17727.887995
-7.986325,36,17728.310839
-16.013281,59,17728.994999
-10.566989,49,17729.561989
-10.029174,49,17730.136576
-7.238769,35,17730.540929
-10.662319,39,17730.991695
-15.846201,103,17732.175865
-12.180375,61,17732.876095
-10.352393,54,17733.55531
-4.076029,40,17734.018736
-20.555975,109,17735.265928
-40.245747,500,17741.049317
-3.816352,14,17741.205896
-14.716006,76,17742.08693
-9.811491,43,17742.581561
-7.293712,33,17742.955585
-23.920462,180,17745.07059
-11.27343,56,17745.711905
-20.915253,117,17747.06227
-12.656958,47,17747.609551
-8.945733,49,17748.172021
-7.627873,23,17748.440305
-34.754431,203,17750.773712
-15.383439,59,17751.457412
-15.575234,63,17752.214799
-25.936362,273,17755.517187
-41.053709,500,17761.57828
-16.79683,68,17762.404578
-16.057876,75,17763.371189
-9.618554,44,17763.942251
-12.571249,50,17764.596019
-2.617422,10,17764.717669
-19.009508,112,17766.109591
-11.271327,41,17766.608283
-15.275867,80,17767.563327
-10.1097,46,17768.147808
-18.233729,76,17769.100261
-11.051621,55,17769.757061
-24.192302,240,17772.680309
-8.931595,42,17773.192916
-20.402069,78,17774.124456
-13.15865,86,17775.171165
-15.107156,86,17776.199285
-9.541516,51,17776.826275
-37.266402,199,17782.87264
-23.360849,160,17784.760761
-7.861005,30,17785.106835
-9.154537,40,17785.577578
-19.734328,83,17786.531549
-11.004564,49,17787.114961
-11.437949,42,17787.593709
-6.924949,34,17787.993739
-10.226637,51,17788.580172
-20.032619,73,17789.439315
-11.042489,39,17789.898114
-11.805955,43,17790.392148
-11.555495,56,17791.099173
-11.198033,61,17791.808866
-16.94374,54,17792.425194
-17.93819,93,17793.499276
-15.180411,85,17794.4856
-19.329445,80,17795.407901
-12.618809,66,17796.188813
-15.681001,112,17797.498978
-15.017229,66,17798.261967
-8.182693,39,17798.718718
-15.952829,73,17799.573997
-9.115707,28,17799.891149
-27.98233,331,17803.788518
-11.81419,44,17804.315912
-11.055049,47,17804.874376
-13.003627,50,17805.483
-13.668154,80,17806.442412
-13.723399,54,17807.100653
-18.267734,76,17808.013943
-15.245103,55,17808.674833
-11.306668,50,17809.294665
-41.025883,452,17814.773096
-15.086271,52,17815.397758
-24.502258,168,17817.404823
-10.68769,41,17817.907037
-17.272878,66,17818.762934
-11.354833,73,17819.682502
-35.152545,500,17825.780555
-27.268632,223,17828.489967
-13.708202,61,17829.243733
-7.697129,44,17829.772291
-33.265041,178,17831.918621
-11.866041,36,17832.35449
-54.214992,500,17838.403802
-10.5363,68,17839.218974
-8.694269,27,17839.542063
-33.554075,267,17850.922053
-7.330527,19,17851.198531
-14.59467,57,17851.864461
-21.619809,99,17853.031711
-17.00928,89,17854.053494
-17.945108,60,17854.736669
-9.707656,45,17855.259757
-28.358098,233,17857.939565
-23.429677,273,17861.102572
-8.814197,31,17861.473582
-25.099612,216,17863.973306
-41.741256,380,17868.380131
-16.918153,95,17869.481293
-14.120303,52,17870.076727
-32.567346,251,17873.03151
-10.56624,49,17873.600014
-18.806202,67,17874.370572
-45.085939,500,17880.141671
-24.020347,100,17881.325507
-20.261879,59,17882.00492
-49.079582,500,17887.955465
-38.159396,246,17890.968538
-55.546297,500,17897.084604
-9.323065,46,17897.641146
-45.503624,500,17903.633116
-54.870048,500,17909.736196
-14.290146,52,17920.493828
-35.651525,246,17923.330285
-18.141143,78,17924.222847
-18.515191,59,17924.909986
-14.356009,54,17925.532757
-14.727188,140,17927.16057
-63.65493,500,17933.000623
-16.96935,69,17933.790118
-67.02267,500,17939.588136
-64.542352,500,17945.444801
-11.771467,49,17946.041241
-9.17277,52,17946.709653
-48.90552,500,17952.7849
-37.744423,500,17958.850752
-12.515522,53,17959.483063
-49.04734,500,17965.525337
-32.842489,213,17968.146297
-12.452775,53,17968.77524
-17.289945,64,17969.551236
-43.986983,500,17975.541837
-59.998348,500,17991.116929
-16.645881,100,17992.310735
-35.378472,309,17996.022241
-11.258046,45,17996.556817
-47.148438,500,18002.600386
-40.644235,488,18008.512438
-50.221588,500,18014.59807
-30.563698,373,18019.074209
-33.398468,279,18022.410545
-15.44659,65,18023.190451
-50.963704,500,18029.266163
-19.527424,143,18030.989929
-23.738737,75,18031.897095
-11.05272,48,18032.470562
-80.954004,500,18038.535282
-23.261534,176,18040.65646
-111.293858,500,18046.752681
-30.376541,259,18057.761975
-62.84779,500,18063.717287
-22.709887,90,18064.856497
-18.29802,64,18065.675309
-22.469531,122,18067.168587
-16.280506,54,18067.804912
-22.697696,70,18068.67026
-13.60783,63,18069.431958
-21.007023,129,18071.04991
-23.369426,261,18074.194024
-22.64459,69,18075.027373
-16.542222,53,18075.660901
-12.831327,47,18076.223089
-64.350977,500,18082.305542
-13.079675,52,18082.931141
-55.47596,500,18088.956949
-11.176822,41,18089.456727
-72.787354,500,18095.595213
-8.276765,34,18096.018083
-27.22964,165,18098.006793
-62.387853,500,18104.077327
-8.752412,39,18104.57267
-69.874806,500,18110.618245
-13.446605,74,18111.497277
-19.417834,122,18112.983922
-12.961886,48,18113.562934
-17.375133,73,18114.45613
-14.658399,54,18115.109384
-31.578182,276,18125.620772
-15.665883,51,18126.230119
-15.235961,54,18126.817642
-15.148007,77,18127.727993
-20.630077,62,18128.429323
-12.220579,53,18129.038253
-21.84947,193,18131.256973
-16.727027,56,18131.904248
-14.726249,55,18132.559453
-9.273695,37,18132.981349
-11.895571,47,18133.531855
-26.285367,214,18135.990718
-10.522416,40,18136.456281
-11.719573,99,18137.57817
-10.212878,39,18138.029963
-17.229764,56,18138.661213
-13.906459,53,18139.315421
-10.401259,45,18139.849997
-51.079319,500,18145.88865
-15.766143,56,18146.562034
-12.435752,47,18147.13248
-12.062462,54,18147.786629
-8.352797,43,18148.299842
-18.218087,141,18150.017251
-13.003611,54,18150.705961
-29.394282,129,18152.246233
-15.092989,51,18152.858587
-21.451328,199,18155.267256
-13.110196,76,18156.181811
-14.856076,60,18156.9059
-20.88504,69,18157.742392
-8.080571,38,18158.190618
-21.042581,90,18159.268293
-12.616534,52,18159.890375
-18.882984,70,18160.732633
-16.384468,53,18161.381928
-13.101462,49,18162.018387
-50.437187,500,18168.066844
-10.106603,65,18168.859195
-23.992424,161,18170.807446
-13.150259,72,18171.683002
-12.042922,45,18172.222784
-18.546653,95,18173.383565
-16.014023,108,18174.714476
-9.783402,46,18175.272246
-38.99063,286,18178.707826
-41.22368,500,18184.80405
-15.192562,50,18191.068965
-17.370681,59,18191.782147
-11.058474,41,18192.228956
-5.232833,45,18192.741237
-13.590857,51,18193.304781
-49.590811,484,18199.13182
-23.64087,187,18201.362047
-14.403153,143,18203.069764
-13.241612,93,18204.178107
-7.47902,35,18204.589161
-13.161189,50,18205.186571
-16.695539,106,18206.45739
-19.462215,78,18207.437125
-16.761492,58,18208.147804
-13.485975,74,18209.042967
-11.645633,52,18209.670319
-51.828842,388,18214.323811
-17.354323,56,18214.997439
-23.859719,164,18216.957526
-7.482819,36,18217.392817
-8.608153,59,18218.138502
-31.146969,231,18220.922633
-12.616953,43,18221.429278
-13.407442,52,18222.054904
-13.824515,53,18222.683254
-56.77864,500,18228.707618
-12.028835,40,18229.189947
-19.428782,115,18230.649185
-23.578604,149,18232.45182
-12.114208,45,18233.000603
-48.276627,500,18239.06319
-10.406625,45,18239.611695
-17.883384,93,18240.720629
-13.100546,52,18241.39919
-15.939618,112,18242.750728
-15.362634,78,18243.684436
-35.162674,500,18249.743328
-21.271896,138,18256.233984
-8.175625,35,18256.67302
-16.431355,71,18257.497293
-11.134064,48,18258.054289
-19.837058,68,18258.842872
-10.898993,46,18259.360986
-15.314306,99,18260.508924
-10.734802,47,18261.047485
-6.912353,24,18261.324744
-9.301308,63,18262.052773
-6.928095,63,18262.78209
-18.971195,66,18263.542035
-20.326956,88,18264.593831
-11.653916,77,18265.464303
-13.855517,47,18266.003414
-32.154159,419,18270.874095
-9.799299,43,18271.379969
-14.22177,55,18272.013864
-10.258188,60,18272.713486
-33.206133,500,18278.505994
-25.851084,180,18280.572273
-11.940179,47,18281.116844
-12.665179,68,18281.896339
-12.658489,64,18282.638606
-8.86608,42,18283.128673
-11.443949,65,18283.889307
-18.332422,189,18286.0903
-44.158207,500,18291.934019
-5.389923,45,18292.447645
-14.447153,58,18293.115865
-12.954373,49,18293.682351
-10.722647,52,18294.28772
-64.327308,499,18300.115411
-11.775817,47,18300.66392
-10.15887,45,18301.195498
-11.52161,45,18301.708575
-10.456707,45,18302.236454
-19.618418,131,18303.759355
-10.141518,40,18304.225134
-9.041872,41,18304.69987
-10.104885,54,18305.322201
-25.609911,211,18307.780873
-21.748519,167,18309.876556
-11.729533,56,18310.556872
-18.474888,77,18311.582942
-42.244308,145,18313.318423
-13.407343,51,18313.952991
-15.623461,54,18314.59458
-16.964488,110,18321.710746
-13.582202,64,18322.500606
-13.627892,60,18323.194088
-17.347343,59,18323.872276
-75.350451,500,18329.675886
-12.294649,43,18330.174577
-12.33518,90,18331.215688
-27.089253,215,18333.717509
-12.396199,43,18334.266043
-17.011001,55,18334.903562
-19.687546,71,18335.733706
-17.661165,73,18336.577449
-11.104748,41,18337.061157
-16.611777,76,18337.95584
-14.087817,52,18338.556786
-4.872759,30,18338.900892
-18.814562,82,18339.877979
-13.009068,52,18340.480203
-16.289687,86,18341.47499
-7.452522,33,18341.857939
-8.132889,39,18342.310693
-17.123638,64,18343.037321
-153.083241,500,18348.884341
-5.101846,39,18349.336128
-62.786593,500,18355.132387
-16.933781,80,18356.054077
-14.897695,57,18356.716304
-12.060696,60,18357.404469
-21.266821,80,18358.381798
-15.567978,93,18359.503791
-17.220722,83,18360.505294
-19.755884,72,18361.372771
-13.665776,52,18362.002717
-12.281086,59,18362.724936
-10.795656,69,18363.564344
-10.602506,59,18364.28788
-60.52827,366,18368.718488
-13.136874,52,18369.384883
-5.416918,25,18369.692063
-11.869925,62,18370.433053
-24.291289,146,18372.189095
-13.111274,54,18372.845874
-68.672672,441,18378.13793
-26.224275,129,18383.059291
-20.518716,67,18383.856402
-10.228199,40,18384.319624
-10.412862,43,18384.825632
-15.265344,73,18385.67854
-14.357495,67,18386.455458
-16.417609,52,18387.059843
-9.209081,36,18387.486707
-17.477715,70,18388.286225
-11.730559,43,18388.78093
-8.475444,35,18389.179866
-14.382782,61,18389.888853
-11.245789,42,18390.370713
-12.993698,50,18390.955127
-17.648797,59,18391.666374
-15.43763,75,18392.586914
-3.030832,24,18392.8614
-8.495568,35,18393.264349
-14.555995,53,18393.874719
-10.728459,47,18394.420189
-53.075697,500,18400.224971
-18.600732,73,18401.075886
-6.173064,35,18401.470368
-17.540758,103,18402.665761
-70.892769,477,18408.201655
-11.371202,54,18408.838976
-4.412404,13,18408.983566
-10.427007,56,18409.631867
-17.089881,64,18410.370118
-8.839624,40,18410.8369
-28.936403,165,18412.737633
-7.90173,35,18413.140533
-12.386212,36,18413.554426
-26.744352,237,18416.34618
-10.452852,39,18416.79779
-12.098795,49,18417.368241
-10.029525,64,18418.108292
-54.391745,400,18422.790858
-6.580952,23,18423.05917
-16.145913,63,18423.784815
-13.681753,55,18424.429646
-11.389976,45,18424.95726
-6.917334,35,18425.363944
-59.805075,295,18428.844987
-13.863004,49,18429.408954
-13.753968,67,18430.193018
-10.3588,56,18430.84995
-8.156772,41,18431.325762
-19.282601,83,18432.280462
-13.866886,47,18432.857919
-8.773075,60,18433.559803
-26.087566,126,18435.020754
-11.06709,49,18435.584762
-12.994972,47,18436.134753
-13.270765,50,18436.724178
-15.665547,66,18437.494689
-21.40299,92,18438.607921
-15.484667,117,18439.958086
-13.4077,47,18440.495817
-14.622347,64,18441.23899
-6.663113,37,18444.802991
-10.013201,89,18445.864177
-10.9152,57,18446.519206
-9.54685,48,18447.076113
-26.524824,186,18449.219566
-10.240838,53,18449.900746
-13.331322,51,18450.492364
-9.467526,42,18450.983026
-12.571307,45,18451.490252
-26.975016,197,18453.76304
-17.198173,58,18454.431259
-48.935154,500,18460.221536
-15.224325,56,18460.888284
-15.1525,57,18461.561485
-10.405557,48,18462.110018
-10.517177,54,18462.746806
-8.850475,38,18463.183614
-12.081759,50,18463.765294
-9.38512,39,18464.231044
-17.976179,100,18465.396068
-8.404802,53,18466.007995
-32.583798,335,18469.859278
-26.210767,163,18471.752534
-15.928024,86,18472.784429
-26.067365,266,18475.840607
-45.326945,89,18476.877481
-14.637601,68,18477.659361
-11.928276,42,18478.158069
-17.91938,67,18478.94161
-12.522725,94,18480.034665
-15.022059,98,18481.179622
-10.224224,58,18481.843846
-22.959324,145,18483.504785
-10.148621,48,18484.087228
-17.135134,63,18484.84221
-33.500036,208,18487.370073
-32.647881,390,18492.096919
-9.078092,41,18492.582592
-14.809993,76,18493.499694
-15.700234,55,18494.167286
-14.266402,61,18494.910295
-18.184136,97,18496.13258
-9.383481,45,18496.677346
-6.526427,36,18497.110574
-11.615287,50,18497.718691
-41.614402,500,18510.428996
-11.232691,47,18510.988501
-20.24882,162,18512.849028
-17.657143,85,18513.828056
-9.622248,42,18514.320322
-18.220252,91,18515.359043
-18.74996,110,18516.629225
-6.770058,47,18517.178113
-12.233095,43,18517.677777
-16.260822,63,18518.404382
-7.526528,43,18518.931973
-10.171684,39,18519.395858
-19.960793,92,18520.458572
-12.040913,49,18521.021153
-12.972651,120,18522.417994
-12.736212,91,18523.467565
-7.384939,35,18523.869484
-7.986042,36,18524.294134
-9.424039,52,18524.881541
-22.462942,120,18526.299389
-10.055164,43,18526.804778
-18.083873,63,18527.52984
-14.648769,62,18528.238919
-16.644178,81,18529.163549
-4.037407,27,18529.473696
-13.30072,41,18529.938478
-28.526944,156,18531.779629
-6.737667,13,18531.92723
-11.733314,61,18532.646308
-68.713073,500,18538.38925
-3.904996,9,18538.519638
-20.803374,145,18540.181978
-13.514106,109,18541.465577
-25.395458,210,18543.949919
-62.783222,500,18549.726364
-19.354751,121,18551.128066
-17.769054,59,18551.814649
-7.53603,39,18552.262038
-3.991008,9,18552.360779
-3.891144,9,18552.459517
-10.077201,47,18553.01245
-10.825003,63,18553.735517
-57.548837,493,18559.498403
-4.290347,9,18559.599158
-35.844487,168,18561.552157
-13.250709,86,18562.554948
-10.675556,65,18563.323943
-17.461579,52,18563.920222
-13.679126,65,18564.662239
-10.780571,51,18565.254084
-14.270261,74,18566.149666
-4.430592,9,18566.255408
-14.700239,51,18566.84384
-3.801641,9,18566.94853
-11.401444,45,18567.48313
-19.228523,97,18572.58128
-4.340104,9,18572.681014
-5.705233,13,18572.830613
-4.12286,9,18572.93124
-12.998643,86,18573.911596
-18.852442,101,18575.097791
-55.413855,500,18580.915753
-6.511023,33,18581.300944
-6.265943,30,18581.653002
-18.44685,89,18582.675403
-40.646839,321,18586.382167
-15.900356,52,18586.973394
-5.021584,9,18587.081747
-13.131964,63,18587.806209
-4.747246,9,18587.90893
-14.17539,54,18588.536842
-97.64702,500,18594.546427
-4.263547,9,18594.653167
-13.5674,49,18595.241199
-89.7826,500,18601.334646
-8.935755,50,18601.941999
-5.076377,9,18602.0537
-18.683825,64,18602.823149
-3.81739,9,18602.932069
-3.906021,9,18603.034795
-12.547161,50,18603.642171
-7.474598,59,18604.362123
-5.040737,10,18604.476816
-4.625611,9,18604.583332
-19.060873,51,18605.189836
-14.989474,139,18606.865353
-4.695141,9,18606.975616
-13.629693,97,18608.149512
-6.784197,12,18608.292583
-17.24924,55,18608.948162
-29.719928,78,18609.888236
-3.708641,13,18610.041824
-4.37657,9,18610.150505
-82.164835,500,18616.233034
-65.191847,500,18622.426722
-5.405673,13,18622.580339
-6.012429,12,18622.723956
-5.861828,12,18622.869538
-18.312185,75,18623.772738
-6.256696,12,18623.918348
-4.041002,9,18624.066489
-7.068594,12,18624.223071
-19.474835,70,18625.07306
-4.056307,9,18625.182737
-6.571516,12,18625.325355
-4.447628,9,18625.434065
-5.317178,12,18625.577681
-3.677059,9,18625.688409
-6.112999,14,18625.861921
-5.44357,13,18626.014545
-2.571318,8,18626.119801
-6.57528,12,18626.26245
-5.813183,13,18626.419998
-5.482278,10,18626.537684
-23.463171,85,18627.583465
-15.988177,72,18628.443167
-5.716615,12,18628.586808
-4.286814,9,18628.715466
-38.719135,277,18634.027804
-13.018127,50,18634.62465
-15.323442,57,18635.339425
-6.7969,13,18635.498001
-6.935139,12,18635.65957
-5.146517,11,18635.818146
-5.669285,12,18635.961762
-5.088671,12,18636.104436
-4.964598,10,18636.21913
-5.70646,13,18636.376709
-6.82477,12,18636.520325
-5.344341,12,18636.66397
-6.515433,13,18636.827527
-4.438288,9,18636.943195
-4.638941,9,18637.047916
-14.800726,64,18637.821875
-4.705128,12,18637.963497
-5.714088,12,18638.108105
-8.098148,14,18638.276631
-5.2347,10,18638.395313
-10.311059,48,18638.977965
-7.006401,12,18639.123204
-9.234052,42,18639.634861
-14.719462,58,18640.338736
-4.886712,12,18640.481353
-6.595173,14,18640.645019
-5.638738,12,18640.788664
-5.526512,12,18640.934287
-8.213716,14,18641.106854
-5.889672,12,18641.262926
-75.598484,500,18647.315508
-6.551971,14,18647.50896
-7.134374,12,18647.678507
-5.387591,13,18647.83908
-47.833748,452,18653.456762
-4.640222,9,18653.564281
-7.778998,13,18653.722828
-6.081664,12,18653.867446
-18.753213,89,18654.941248
-14.453336,194,18657.292745
-15.762141,58,18658.01791
-28.700939,114,18659.409897
-5.018383,9,18659.521673
-5.777096,12,18659.66925
-5.457037,12,18659.818393
-6.120064,12,18659.963038
-5.772189,13,18660.115627
-7.807576,13,18660.269188
-5.016133,12,18660.411836
-19.604787,63,18661.178493
-6.110902,12,18661.320139
-5.756684,12,18661.465724
-5.024425,12,18661.614329
-4.07242,10,18661.736757
-6.722177,36,18662.16966
-23.498159,184,18664.395928
-6.518064,12,18664.537523
-5.716513,12,18664.684155
-6.34712,12,18664.825777
-17.271143,96,18665.9941
-13.520336,71,18666.842209
-4.586698,9,18666.955905
-4.561797,9,18667.073615
-4.820312,12,18667.218234
-6.824223,12,18667.360848
-5.387878,20,18667.598188
-4.866924,12,18667.737815
-7.320738,12,18667.880979
-5.831349,13,18668.040523
-4.647703,12,18668.184385
-6.112419,12,18668.331116
-12.966978,52,18668.961439
-5.242809,13,18669.123972
-4.535991,16,18669.317419
-14.303709,65,18670.107836
-7.347679,12,18670.260398
-19.794497,128,18671.847748
-5.990928,12,18671.988409
-6.45537,13,18672.146948
-6.114749,13,18672.308363
-13.194374,51,18672.926285
-5.63752,12,18673.065917
-10.989683,52,18673.709169
-17.881021,84,18674.730682
-3.928973,9,18674.835432
-6.431846,12,18674.979018
-4.288501,9,18675.090749
-6.086203,12,18675.237658
-17.338224,63,18676.001615
-6.361211,12,18676.141905
-4.729414,10,18676.269392
-8.599861,15,18676.464303
-6.756966,13,18676.625303
-4.819158,10,18676.741018
-5.582186,13,18676.898601
-6.485413,15,18677.082081
-13.456917,63,18677.835216
-16.059723,59,18678.5369
-7.122663,13,18678.6895
-6.246593,12,18678.832572
-5.601305,13,18678.987084
-6.204075,17,18679.189572
-4.342332,9,18679.304708
-8.95147,22,18679.574013
-9.429221,21,18679.820329
-6.82398,12,18679.961951
-25.735722,192,18682.287125
-9.923703,30,18682.654134
-8.750826,20,18682.894658
-14.720083,38,18683.353461
-5.89432,18,18683.569879
-9.737595,24,18683.854093
-7.748067,16,18684.051565
-7.430578,16,18684.2371
-7.360953,13,18684.393651
-7.970848,21,18684.641645
-46.772989,500,18690.705117
-6.951391,12,18690.852337
-12.796291,26,18691.162211
-6.88279,13,18691.316769
-14.899596,30,18691.677828
-8.125654,13,18691.831566
-6.726456,12,18691.980193
-7.182804,13,18692.138745
-9.76598,20,18692.379104
-8.134441,14,18692.545688
-7.142446,12,18692.69526
-11.037245,22,18692.959577
-8.58462,14,18693.121145
-6.021795,14,18693.291421
-12.006692,27,18693.621514
-5.900052,13,18693.778163
-13.015195,26,18694.096318
-10.681254,25,18694.396514
-7.625111,13,18694.553225
-6.561728,12,18694.699802
-4.290601,12,18695.725284
-5.637408,13,18695.873292
-6.342775,12,18696.010895
-13.78603,28,18696.33605
-9.018371,19,18696.563447
-44.555343,444,18701.753069
-6.292122,13,18701.911617
-7.942065,17,18702.102107
-8.18777,14,18702.260683
-16.04332,31,18702.618313
-11.931421,45,18703.135937
-15.18439,27,18703.445102
-13.224556,63,18704.170785
-13.95225,30,18704.513873
-15.804741,30,18704.859943
-25.502272,39,18705.31862
-16.565891,33,18705.706583
-25.659212,88,18706.734272
-11.859716,23,18706.998564
-6.619334,16,18707.180055
-11.082318,22,18707.433401
-13.970067,31,18707.792417
-9.500517,20,18708.018894
-26.138453,41,18708.493393
-18.79338,36,18708.906493
-19.691527,31,18709.271858
-8.782498,21,18709.519227
-12.134965,23,18709.79848
-25.786689,39,18710.239671
-18.428889,36,18710.658115
-23.990618,38,18711.09398
-11.718532,25,18711.392154
-13.094737,28,18711.764158
-15.864105,30,18712.110234
-10.728272,21,18712.351329
-25.664068,44,18712.851563
-16.178375,27,18713.169713
-21.691613,34,18713.55625
-5.796557,16,18713.740756
-6.782936,15,18713.90831
-4.563357,9,18714.01455
-6.988789,13,18714.161135
-16.868863,34,18714.544141
-5.137941,12,18714.68277
-11.609128,21,18714.919352
-9.666258,20,18715.146719
-19.549987,34,18715.546675
-11.489226,22,18715.800971
-11.03795,21,18716.040661
-10.189267,22,18716.291961
-24.440457,40,18716.749737
-14.297335,30,18717.100088
-7.957316,16,18717.283601
-11.145349,21,18717.51994
-20.843742,33,18717.911254
-4.548754,15,18718.083791
-19.66674,33,18718.471013
-9.787611,20,18718.705112
-6.649955,14,18718.863716
-5.573354,11,18718.991375
-8.083153,17,18719.186854
-14.410408,25,18719.475082
-10.842125,22,18719.730151
-24.889982,55,18720.362932
-9.346548,18,18720.567415
-10.307398,22,18720.823729
-9.848775,24,18721.106567
-11.51214,20,18721.325963
-8.04547,17,18721.519446
-10.165241,24,18721.795218
-4.723333,11,18721.920906
-8.939759,16,18722.100434
-5.249391,15,18722.270947
-14.519017,25,18722.558434
-4.190839,13,18722.707067
-14.374169,27,18723.030332
-21.475739,32,18723.434252
-6.018088,13,18723.59582
-10.018836,20,18723.83276
-8.176778,19,18724.049207
-9.146986,20,18724.274607
-7.796859,21,18724.512943
-11.121385,21,18724.752302
-11.82839,23,18725.017777
-10.673079,22,18725.268138
-11.608603,23,18725.529832
-8.633429,19,18725.755206
-13.658954,25,18726.042438
-10.02095,21,18726.278924
-10.358997,20,18726.500715
-12.439392,32,18726.866736
-13.274853,27,18727.172944
-16.295096,31,18727.53099
-4.745173,11,18727.654631
-17.279814,30,18728.0182
-14.757368,24,18728.294487
-14.911796,42,18728.806094
-20.01049,34,18729.195262
-10.683231,29,18729.533382
-5.096692,11,18729.65706
-11.120976,22,18729.915623
-16.896104,26,18730.20787
-13.697834,23,18730.471757
-9.888711,22,18730.71408
-19.508976,44,18731.215725
-14.946202,42,18731.712711
-11.576912,22,18731.975116
-14.72856,23,18732.238385
-11.535541,22,18732.491687
-9.180319,19,18732.708108
-11.780577,21,18732.946069
-17.316633,28,18733.26618
-4.879299,12,18733.406828
-12.430428,21,18733.646193
-12.378589,26,18733.955693
-11.818678,22,18734.207016
-11.64632,26,18734.50909
-20.915215,32,18734.910513
-8.758227,17,18735.119978
-12.922124,28,18735.440197
-8.223366,16,18735.626705
-11.847312,21,18735.866035
-13.36045,26,18736.162308
-13.178285,29,18736.494449
-11.201463,23,18736.761063
-5.149667,11,18736.884761
-12.569553,23,18737.161023
-10.386516,21,18737.405746
-11.235242,23,18737.671493
-9.879816,20,18737.900851
-12.651374,24,18738.171497
-19.310885,31,18738.537547
-22.460648,37,18738.961415
-11.692745,21,18739.203762
-13.685415,33,18739.577305
-15.762002,36,18739.988202
-11.633362,28,18740.319292
-9.563302,21,18740.558747
-16.748022,29,18740.89781
-15.20726,31,18741.246901
-14.421552,27,18741.561037
-24.006391,37,18741.981941
-4.424743,11,18742.111595
-17.482799,45,18742.634327
-14.109612,24,18742.914554
-5.166967,11,18743.040665
-19.040652,34,18743.431621
-12.908725,27,18743.739821
-14.296691,24,18744.018078
-13.440655,24,18744.294315
-5.644723,11,18744.415989
-12.642727,26,18744.71519
-4.543275,11,18744.839881
-19.786872,41,18745.309556
-11.718177,22,18745.567533
-13.042084,27,18745.873685
-4.906753,11,18746.012685
-13.243965,36,18746.479462
-16.71345,32,18746.853468
-21.302592,37,18747.281294
-13.230098,24,18747.553602
-21.821599,36,18747.978491
-10.950742,22,18748.233795
-15.515196,25,18748.532942
-16.774249,27,18748.846102
-17.733021,36,18749.256401
-15.44111,25,18749.55407
-14.803416,31,18749.919051
-4.202997,15,18750.091567
-12.23287,26,18750.389769
-17.635237,32,18750.758784
-4.886651,11,18750.883449
-5.504888,11,18751.010498
-19.352563,30,18751.351584
-22.166206,39,18751.806343
-25.26303,45,18752.321079
-25.238847,38,18752.773346
-5.015197,11,18752.906022
-14.213314,28,18753.217825
-13.189788,24,18753.494085
-6.274103,12,18753.632758
-3.639337,7,18754.752314
-7.01711,17,18754.955182
-4.744734,11,18755.080382
-13.798093,27,18755.395515
-21.69025,41,18755.870522
-25.272221,43,18756.367361
-24.047953,37,18756.791108
-5.277316,11,18756.921118
-19.610369,32,18757.291218
-20.256305,33,18757.684451
-15.278063,24,18758.00659
-14.913709,32,18758.376601
-4.863921,11,18758.499297
-17.740342,33,18758.87826
-19.735158,47,18759.435328
-9.583622,20,18759.674688
-13.73276,24,18759.950324
-18.546358,34,18760.346265
-4.944211,11,18760.471937
-14.987913,30,18760.824725
-16.627781,27,18761.154689
-5.091771,11,18761.278359
-13.611084,26,18761.586564
-19.033405,30,18761.927195
-12.704159,22,18762.176528
-4.555748,11,18762.308174
-11.638472,25,18762.602389
-18.545888,30,18762.95266
-19.64684,33,18763.33065
-20.260397,37,18763.747534
-15.144275,31,18764.105216
-16.038614,25,18764.399398
-4.530943,11,18764.523101
-8.042956,13,18764.676658
-16.105746,25,18764.960811
-5.202832,11,18765.094455
-13.880896,23,18765.363759
-11.10635,17,18765.561552
-16.089552,26,18765.865625
-8.056944,19,18766.090994
-9.793942,20,18766.316976
-21.371758,46,18766.851786
-11.157921,19,18767.07818
-11.281556,19,18767.304604
-12.096991,24,18767.578867
-6.40333,12,18767.723455
-10.522582,18,18767.935448
-13.384022,22,18768.187774
-12.950262,24,18768.47002
-6.083269,12,18768.609647
-10.012588,16,18768.790188
-8.905911,14,18768.950843
-5.786903,11,18769.09144
-15.130704,25,18769.412581
-9.191091,23,18769.678899
-8.021739,14,18769.841391
-5.751638,11,18769.972395
-16.222003,28,18770.310492
-10.748623,20,18770.549669
-5.51295,11,18770.687304
-13.225358,23,18770.963537
-5.304879,12,18771.104161
-5.293782,11,18771.23581
-11.692348,21,18771.488135
-10.903037,23,18771.771034
-8.465632,15,18771.949724
-9.904118,19,18772.176149
-4.118831,10,18772.291764
-5.667329,13,18772.44837
-11.75139,23,18772.730621
-11.079578,22,18773.016926
-11.02075,20,18773.274238
-8.967292,24,18773.589075
-8.036483,25,18773.908229
-11.545662,22,18774.200416
-9.986082,19,18774.450892
-14.681781,24,18774.740674
-5.508431,11,18774.873292
-10.83118,20,18775.112682
-6.125203,11,18775.245321
-4.788049,11,18775.380935
-10.617804,17,18775.614312
-9.667743,24,18775.914509
-9.769983,17,18776.127938
-15.226966,26,18776.434119
-11.495387,25,18776.747866
-5.281586,11,18776.878546
-10.69811,20,18777.126854
-9.308576,23,18777.40511
-4.844444,11,18777.542897
-9.850772,16,18777.732386
-4.812378,11,18777.866005
-11.818646,22,18778.134287
-9.23751,22,18778.407184
-9.308589,33,18778.805091
-5.773427,11,18778.948707
-8.621726,26,18779.25391
-5.778392,11,18779.38656
-4.636945,11,18779.524163
-12.343622,24,18779.806409
-5.543007,11,18779.937459
-9.040628,19,18780.166841
-10.496334,20,18780.448066
-6.137543,12,18780.591705
-11.435252,21,18780.848993
-6.278205,11,18780.997596
-11.366462,21,18781.252937
-4.920441,11,18781.38855
-6.151762,11,18781.52718
-10.710917,20,18781.768152
-5.697761,11,18781.911744
-6.787737,11,18782.044389
-8.329247,23,18782.312114
-4.781792,11,18782.442789
-10.43709,23,18782.719483
-5.292569,12,18782.871054
-5.829348,11,18783.007688
-7.791627,21,18783.255056
-5.671624,11,18783.389691
-10.957945,21,18783.649972
-5.732536,11,18783.781617
-7.522594,13,18783.937173
-9.002647,18,18784.161572
-9.376678,14,18784.3381
-5.321659,11,18784.471743
-7.659533,14,18784.650392
-6.531727,11,18784.781041
-7.677215,13,18784.936625
-4.787527,11,18785.067492
-4.788944,11,18785.196155
-5.967855,10,18785.315801
-7.396643,12,18785.459442
-8.349708,16,18785.651927
-5.467489,11,18785.787541
-4.999244,11,18785.917194
-8.434399,15,18786.10771
-7.352507,23,18786.383946
-5.9737,11,18786.514597
-11.341979,21,18786.763597
-9.467061,17,18786.96507
-7.914521,19,18787.198418
-9.049955,23,18787.488062
-5.082721,11,18787.628661
-6.85375,12,18787.776296
-5.391663,10,18787.897941
-6.577962,12,18788.045547
-9.205586,22,18788.311143
-11.03179,22,18788.578428
-7.115057,12,18788.727056
-8.180364,19,18788.953542
-5.357353,12,18789.092989
-9.278095,18,18789.310524
-8.273286,14,18789.479108
-10.049192,20,18789.720085
-10.813346,24,18790.013301
-6.582849,20,18790.263632
-5.189316,11,18790.389516
-12.078577,24,18790.718231
-6.854551,11,18790.877804
-12.845097,31,18791.257818
-12.380452,27,18791.57893
-8.668833,21,18791.840532
-8.381918,15,18792.024042
-7.340398,16,18792.215106
-9.101368,17,18792.415581
-11.556156,27,18792.745704
-6.892504,19,18792.968081
-8.865666,16,18793.160598
-5.995069,11,18793.294242
-4.849868,12,18793.436856
-7.513249,13,18793.58646
-5.136141,11,18793.718076
-5.07938,11,18793.867676
-10.763483,22,18794.139947
-11.032485,24,18794.434166
-10.121525,20,18794.68072
-5.506785,11,18794.807381
-8.570185,18,18795.023832
-7.166565,13,18795.181381
-4.982731,11,18795.310037
-12.397555,26,18795.619746
-8.60808,17,18795.826619
-4.907872,11,18795.966275
-5.722275,11,18796.096921
-9.027533,29,18796.449466
-20.219478,41,18796.949729
-5.878123,11,18797.08235
-5.456194,11,18797.219623
-6.289566,12,18797.364237
-5.450539,11,18797.493891
-7.176854,12,18797.634514
-4.545799,11,18797.769126
-8.074742,18,18797.991559
-9.208083,18,18798.205716
-9.413547,29,18798.550794
-11.004167,23,18798.836004
-7.40992,12,18798.97666
-7.417933,17,18799.179117
-4.83874,11,18799.309773
-9.903511,22,18799.575412
-4.903771,16,18799.767892
-10.830123,23,18800.046124
-9.138135,20,18800.32438
-5.186812,12,18800.46999
-7.385323,13,18800.625841
-6.459922,11,18800.766464
-6.107634,10,18800.884181
-5.692662,11,18801.015798
-7.618304,12,18801.154456
-5.018768,11,18801.282111
-4.828117,11,18801.412768
-5.58247,11,18801.542418
-8.4618,15,18801.719944
-5.290834,11,18801.850593
-5.02326,11,18801.980247
-6.510536,12,18802.135831
-7.833565,13,18802.292413
-9.807004,23,18802.565711
-12.830094,30,18802.926591
-9.222252,18,18803.148532
-8.39801,14,18803.309078
-5.505313,17,18803.519541
-9.223082,23,18803.799796
-5.480746,11,18803.937423
-6.817699,11,18804.070044
-7.708694,17,18804.282475
-7.111419,13,18804.444073
-7.970198,13,18804.594641
-7.730802,12,18804.736287
-5.43683,11,18804.871901
-9.827739,26,18805.177111
-7.250212,12,18805.314896
-5.493233,11,18805.447567
-5.954146,11,18805.584205
-5.220891,11,18805.70585
-5.371615,11,18805.845506
-5.097175,11,18805.977125
-7.645042,13,18806.133706
-5.965679,12,18806.274355
-5.020506,11,18806.404008
-8.821775,19,18806.631407
-7.455519,12,18806.781584
-7.130251,13,18806.938135
-5.472749,12,18807.082775
-7.863395,13,18807.249332
-4.781657,11,18807.383961
-5.563767,11,18807.510652
-4.979262,11,18807.640357
-9.614233,27,18807.964491
-7.376356,13,18808.119109
-6.512602,13,18808.275659
-7.894606,16,18808.466179
-9.358416,21,18808.717507
-6.613,12,18808.862091
-7.980269,27,18809.181218
-6.586099,11,18809.324859
-4.884548,11,18809.452517
-7.677643,13,18809.606112
-9.245291,20,18809.846469
-4.680985,11,18809.974128
-5.561822,12,18810.119271
-7.163487,19,18810.355609
-8.372854,26,18810.665804
-7.00148,14,18810.829373
-7.133286,14,18811.000884
-4.915126,11,18811.138516
-6.891807,13,18811.293673
-5.243014,11,18811.434121
-5.487302,11,18811.590703
-24.081213,67,18812.400568
-7.702655,14,18812.564194
-7.762617,13,18812.726736
-9.233009,18,18812.94032
-6.175968,11,18813.074931
-4.831847,11,18813.20541
-8.208047,13,18813.363961
-10.370846,22,18813.627259
-6.800518,16,18813.820711
-6.250163,17,18814.025188
-8.436274,14,18814.194519
-8.863007,14,18814.364091
-5.173362,11,18814.496736
-6.93991,12,18814.638333
-6.936448,13,18814.793917
-5.82843,11,18814.926436
-10.016908,38,18816.396604
-4.797544,11,18816.520274
-4.999182,11,18816.64696
-6.26195,11,18816.777901
-5.906471,11,18816.908523
-8.176511,19,18817.131926
-5.571429,11,18817.258587
-6.027245,11,18817.381289
-6.551472,11,18817.508947
-5.304906,11,18817.641593
-6.563863,11,18817.778228
-7.05907,12,18817.914833
-7.018801,12,18818.046481
-7.323679,15,18818.219684
-5.985994,11,18818.349313
-6.64156,12,18818.496917
-5.171434,11,18818.622612
-7.128857,12,18818.757248
-5.917879,14,18818.91879
-5.176811,11,18819.043077
-5.708622,11,18819.17872
-5.577708,11,18819.303357
-6.458322,11,18819.433011
-4.93335,16,18819.612559
-17.211542,37,18820.036397
-12.654824,26,18820.33859
-5.10863,11,18820.481209
-6.494513,11,18820.606427
-5.358349,11,18820.73608
-39.05814,90,18821.776323
-133.013541,298,18825.356555
-4.693046,12,18825.499171
-5.112824,11,18825.628795
-6.715586,12,18825.775431
-6.649595,14,18825.946968
-4.821456,11,18826.077158
-5.622233,12,18826.222768
-6.826463,12,18826.36861
-6.469262,11,18826.498264
-5.52301,11,18826.642877
-5.737537,11,18826.78749
-4.265552,10,18826.907144
-7.242151,12,18827.057741
-5.576319,11,18827.184427
-7.834283,13,18827.343976
-7.06712,12,18827.489586
-15.495759,32,18827.883557
-38.543789,99,18829.07039
-6.460645,11,18829.204003
-5.606171,11,18829.33122
-5.273766,11,18829.464862
-7.070327,12,18829.605486
-5.546699,11,18829.736137
-5.317742,11,18829.868783
-4.824394,11,18830.002455
-5.762545,11,18830.129087
-6.068229,11,18830.262729
-8.942492,17,18830.462196
-6.449742,11,18830.602864
-6.506454,13,18830.762414
-6.844437,15,18830.947919
-6.064887,12,18831.096521
-6.618361,14,18831.259086
-5.806396,11,18831.38874
-136.910092,500,18837.44724
-10.724377,20,18837.695873
-6.481553,10,18837.818547
-17.290386,29,18838.166609
-36.381194,99,18839.369849
-21.322957,39,18839.840589
-4.865175,11,18839.986351
-14.503752,30,18840.345892
-12.72467,23,18840.620787
-10.456145,18,18840.843221
-10.474693,21,18841.113655
-14.183265,25,18841.417448
-5.863978,11,18841.555082
-9.173584,16,18841.743549
-5.749511,11,18841.879186
-7.241616,16,18842.070674
-157.64182,500,18848.145669
-261.239374,500,18854.187067
-18.925173,35,18854.602704
-8.371433,15,18854.785222
-243.579748,500,18860.884721
-10.596987,22,18861.146022
-7.91434,14,18861.30403
-251.260741,500,18867.368629
-186.113937,500,18873.610048
-7.019258,11,18873.747652
-120.844392,500,18893.033852
-171.488225,500,18898.900301
-218.289967,500,18904.69373
-224.282378,500,18910.45324
-76.855921,281,18913.790264
-245.359866,500,18919.896209
-30.509454,52,18920.524267
-249.232622,500,18926.612413
-19.818342,48,18927.213005
-17.302856,59,18927.916519
-68.720238,126,18929.44833
-186.652081,500,18935.489912
-221.220936,500,18941.497764
-186.440039,451,18946.946557
-188.30312,500,18969.812613
-8.960551,38,18970.253438
-129.201447,500,18976.07168
-75.418434,208,18978.493751
-243.199843,500,18984.330861
-143.097544,500,18990.13526
-40.169927,500,18996.043565
-40.180772,141,18997.719749
-64.420641,231,19000.463054
-111.962296,416,19005.495709
-296.124587,500,19011.526879
-65.804319,500,19017.525336
-68.595366,238,19020.432765
-12.521988,47,19021.002859
-37.13765,131,19022.560842
-110.396098,271,19037.046651
-150.269531,500,19042.79583
-297.965281,500,19048.558954
-20.065776,106,19049.778056
-50.786742,267,19052.822369
-23.168859,173,19054.854407
-77.811943,500,19060.593713
-194.906476,500,19066.3893
-6.377096,33,19066.772277
-15.537664,31,19067.131346
-207.84203,500,19072.882678
-22.380722,127,19074.344282
-6.25567,30,19074.688362
-4.94634,50,19075.257121
-11.128225,44,19075.762552
-18.891148,151,19077.498973
-13.145116,45,19078.062459
-12.022341,67,19078.835651
-10.142365,59,19079.523081
-16.895126,58,19080.184894
-20.887956,82,19081.132906
-7.623072,34,19081.535829
-8.840416,42,19082.020955
-10.019251,72,19082.869461
-158.553433,500,19088.663412
-15.755474,54,19089.321491
-19.122736,73,19090.168208
-11.435347,44,19090.686088
-12.510783,50,19091.269088
-21.325396,105,19092.479851
-9.9955,46,19093.01509
-5.519438,25,19093.299328
-17.023363,59,19093.978211
-15.23768,109,19105.725001
-9.254143,43,19106.228657
-14.821694,54,19106.848547
-9.263074,38,19107.309324
-32.574715,172,19109.433635
-9.820449,95,19110.670592
-92.613786,500,19116.67172
-13.788301,46,19117.223274
-30.895726,121,19118.707594
-10.135374,70,19119.548648
-18.392282,71,19120.395308
-29.249326,139,19122.05405
-19.092251,108,19123.359198
-79.400812,500,19129.405712
-10.252932,40,19129.893409
-18.962951,66,19130.677862
-26.553353,134,19132.288342
-12.079465,57,19132.98015
-23.495952,186,19135.239906
-36.326027,333,19139.270519
-11.347458,55,19139.929781
-11.906829,52,19140.572867
-48.666035,486,19146.482058
-10.653455,88,19147.548416
-8.798004,39,19148.027137
-16.467729,59,19148.739664
-25.290961,77,19149.656832
-14.774539,57,19150.32906
-10.066107,56,19151.019407
-13.558687,60,19151.732502
-8.896163,36,19152.159296
-13.710177,49,19152.75529
-84.903935,500,19158.863756
-20.175526,65,19159.676808
-19.077227,122,19161.191131
-16.689479,58,19161.89327
-4.505194,13,19162.047855
-4.451357,12,19162.193496
-6.889015,35,19162.618358
-10.39985,63,19163.381763
-13.703902,86,19164.414322
-12.691023,98,19165.651016
-10.050366,22,19171.757193
-19.245165,66,19172.518391
-66.55206,500,19178.260071
-7.561878,70,19179.056949
-16.353095,59,19179.73613
-7.662286,35,19180.14005
-21.601094,122,19181.550225
-16.224202,52,19182.159279
-20.445441,113,19183.503978
-24.071907,117,19184.851963
-17.779324,66,19185.611386
-8.194434,35,19186.012284
-7.834983,52,19186.608691
-13.646507,50,19187.194237
-53.642172,500,19193.069826
-32.829429,225,19195.687324
-13.628047,45,19196.214294
-47.827853,329,19200.056257
-19.350768,96,19201.205945
-22.090713,120,19202.591908
-45.776935,500,19208.383466
-15.398313,56,19209.025696
-17.852564,178,19211.076362
-13.61792,53,19211.681384
-51.830131,500,19217.558478
-20.278048,177,19219.599582
-9.851387,39,19220.058387
-11.98517,47,19220.602664
-49.257712,500,19226.430565
-12.589677,48,19226.98829
-37.822878,309,19237.068694
-17.1087,66,19237.828952
-39.065503,268,19240.947917
-16.469501,65,19241.706887
-10.947596,44,19242.207142
-42.052658,500,19247.980029
-19.460389,61,19248.68731
-17.630226,58,19249.419634
-18.525212,65,19250.161943
-7.997525,27,19250.476621
-27.202932,287,19253.795812
-13.235034,58,19254.46206
-15.555575,137,19256.034934
-19.004398,131,19257.570501
-9.38889,47,19258.113212
-6.717863,36,19258.530419
-13.658064,46,19259.064989
-29.325057,168,19261.070786
-16.434769,57,19261.746693
-48.265873,500,19267.941677
-21.958115,216,19270.530118
-118.500899,500,19276.600782
-74.915046,500,19282.612254
-15.881394,69,19283.443747
-13.068193,54,19284.110962
-18.621648,61,19284.906467
-19.42001,72,19285.778896
-23.050424,159,19287.711027
-15.427867,72,19288.583471
-9.051246,37,19289.032928
-13.628576,51,19289.640727
-66.701605,500,19295.644886
-21.065538,75,19302.943331
-4.85266,32,19303.322123
-14.845597,57,19304.01662
-18.119413,66,19304.805837
-17.017626,53,19305.447013
-27.111475,179,19307.60045
-2.865972,24,19307.893017
-16.245358,52,19308.565244
-13.395103,51,19309.18269
-9.975934,48,19309.755161
-13.349617,47,19310.321466
-24.913254,219,19312.95843
-38.363517,274,19316.314397
-11.371388,62,19317.051457
-15.985144,64,19317.835796
-58.047884,257,19320.972962
-20.163333,79,19321.934557
-40.049586,179,19324.0885
-8.22844,35,19324.503423
-36.551879,500,19330.535511
-18.145826,109,19331.842812
-28.838312,211,19334.367878
-9.618058,65,19335.151892
-7.524147,26,19335.467078
-15.182664,72,19336.337281
-26.009441,264,19339.505054
-45.825903,500,19345.563196
-10.896626,26,19345.865258
-16.858134,166,19347.871893
-11.0589,47,19348.458628
-13.742369,75,19349.349382
-17.08516,116,19350.739599
-36.172317,425,19355.904542
-16.898455,57,19356.592731
-15.064046,54,19357.250187
-17.708282,183,19359.484587
-14.125541,35,19359.907997
-10.77276,54,19360.549282
-9.884394,39,19361.015405
-13.774402,51,19361.62829
-24.692576,156,19366.66739
-23.314049,151,19368.455815
-46.741061,500,19374.227978
-15.071151,94,19375.330202
-10.968747,48,19375.886545
-15.533756,60,19376.579716
-16.585003,61,19377.292815
-35.763898,265,19380.404386
-14.507462,54,19381.037358
-15.337545,62,19381.752664
-7.007318,32,19382.12852
-40.053978,356,19386.271548
-11.363045,43,19386.761817
-17.694579,75,19387.661154
-12.159296,45,19388.204264
-11.454834,43,19388.711881
-61.658202,500,19394.606183
-15.531892,62,19395.356371
-26.687631,121,19396.824068
-15.20345,50,19397.426183
-15.04549,59,19398.149274
-8.691906,36,19398.583654
-17.768389,117,19399.995005
-17.443168,54,19400.645515
-12.841489,55,19401.332348
-14.294997,54,19402.020262
-8.619125,37,19402.454093
-16.209671,56,19403.119781
-16.394417,143,19404.819735
-16.152571,61,19405.554633
-25.751186,169,19407.597446
-7.598664,28,19407.928158
-9.691913,53,19408.570093
-16.631718,59,19409.270197
-15.019039,68,19410.345853
-13.671867,68,19411.15909
-9.545489,40,19411.635889
-8.682453,34,19412.038817
-11.10134,41,19412.541445
-14.882286,56,19413.260124
-13.073078,52,19413.893596
-8.469253,41,19414.381914
-9.746078,40,19414.868612
-14.832553,134,19416.481957
-23.506146,121,19417.932317
-8.325221,36,19418.37416
-16.312916,48,19418.955581
-12.348841,84,19419.956403
-12.458423,74,19420.841667
-20.886577,86,19421.868891
-6.591847,38,19422.32459
-16.22324,49,19422.91997
-15.797819,53,19423.574177
-16.933398,54,19424.230623
-8.553475,64,19425.040461
-12.639458,60,19430.274575
-40.80176,295,19433.78386
-8.950195,38,19434.218715
-9.834527,42,19434.700081
-15.052655,41,19435.171793
-13.391428,54,19435.791264
-10.890218,43,19436.282949
-18.476443,68,19437.125002
-30.286061,205,19439.480326
-10.593352,36,19439.901207
-11.86385,43,19440.397656
-39.095744,500,19446.170973
-8.337675,34,19446.561928
-52.210705,500,19452.396477
-14.236453,109,19453.666728
-16.167408,52,19454.280088
-46.84409,500,19460.062458
-21.920346,70,19460.906536
-17.111933,63,19461.653751
-11.219887,71,19462.484188
-20.460067,126,19463.950528
-22.574291,157,19465.759976
-16.124638,51,19466.353391
-15.793947,69,19467.142319
-37.238187,218,19469.67901
-9.808094,61,19470.373239
-12.299417,45,19470.890294
-25.153652,123,19472.317668
-12.265337,47,19472.905122
-7.865297,50,19473.50931
-15.614748,52,19474.139345
-17.459541,71,19475.003002
-11.915371,46,19475.570486
-7.619868,34,19475.985898
-18.358108,59,19476.687021
-15.920555,61,19477.412083
-10.993594,59,19478.137145
-10.310957,45,19478.682159
-27.228042,158,19480.579011
-9.381447,45,19481.12555
-15.460658,67,19481.922562
-7.475357,37,19482.36504
-13.609876,54,19483.020639
-9.513909,45,19483.56618
-35.420867,256,19486.705587
-12.990945,52,19487.338161
-9.27644,37,19487.776228
-27.963821,143,19493.937718
-10.98759,41,19494.412448
-45.240847,500,19500.250535
-15.460421,50,19500.839984
-8.129816,38,19501.274687
-14.648829,48,19501.823328
-19.600127,69,19502.637317
-10.905455,42,19503.122593
-18.075046,114,19504.437389
-25.357384,271,19507.559671
-22.39165,82,19508.544655
-17.3663,109,19509.798963
-15.292257,43,19510.313118
-72.451192,500,19516.471095
-14.490676,47,19517.042593
-22.135031,160,19518.945138
-29.31587,266,19522.21281
-20.214167,143,19523.922386
-11.579581,68,19524.731223
-11.420702,45,19525.261805
-37.216163,151,19527.072669
-9.990964,47,19527.649123
-8.58698,36,19528.090941
-14.5645,54,19528.731272
-10.593418,49,19529.310747
-14.479509,34,19529.715641
-12.783402,46,19530.269912
-5.190552,37,19530.714723
-40.197881,500,19536.831445
-6.135405,36,19537.255972
-9.757428,45,19537.816474
-16.465029,56,19538.489621
-9.886874,61,19539.228653
-7.709943,75,19540.136225
-15.960444,52,19540.765886
-13.863342,43,19541.28051
-14.08825,72,19542.155797
-56.100765,500,19548.225875
-12.582929,52,19548.85385
-17.157624,64,19549.610696
-11.099526,43,19550.162473
-12.768023,54,19550.806308
-6.089642,30,19551.1757
-9.742134,39,19551.646116
-18.042367,176,19556.830268
-7.010493,34,19557.224245
-10.268504,44,19557.73711
-10.593558,74,19558.604764
-16.080814,94,19559.706486
-19.778844,103,19560.914651
-10.308897,40,19561.379887
-17.446421,101,19562.566205
-16.910922,113,19563.887515
-4.476434,30,19564.243621
-11.301746,57,19564.926823
-8.579109,41,19565.402547
-16.390377,57,19566.062326
-6.851994,34,19566.458107
-12.77643,54,19567.093408
-12.225338,66,19567.856906
-10.705363,43,19568.350616
-15.711171,57,19569.01934
-10.120687,69,19569.831286
-8.626984,43,19570.33192
-17.211904,70,19571.149602
-64.574809,500,19577.022743
-18.255871,69,19577.858028
-21.600446,123,19579.348923
-18.518343,67,19580.143793
-14.9268,38,19580.594303
-9.879694,43,19581.108903
-11.353809,47,19581.665442
-2.974497,10,19581.79806
-22.490531,89,19582.876205
-8.799398,36,19583.307191
-11.840081,103,19584.538713
-10.355487,43,19585.05434
-59.606343,500,19591.159442
-2.628366,10,19591.275109
-3.13579,12,19591.43169
-10.137826,40,19591.909438
-13.203896,51,19592.52465
-65.864514,500,19598.57329
-43.570382,362,19602.968402
-10.387312,56,19603.641598
-45.444509,500,19609.692492
-10.836967,28,19610.024616
-10.867646,29,19610.37766
-22.359229,107,19611.708245
-29.985904,277,19615.050381
-24.410095,135,19622.58803
-9.352462,38,19623.054788
-17.381038,71,19623.917194
-10.847737,49,19624.486817
-17.679287,60,19625.183398
-11.147413,54,19625.816729
-34.29687,176,19627.835114
-20.347083,94,19628.921241
-28.910977,255,19631.861415
-17.368908,68,19632.638314
-15.355447,60,19633.331388
-61.77483,500,19639.164434
-14.555903,55,19639.802752
-17.837386,58,19640.471963
-16.262451,90,19641.505206
-25.540141,100,19642.65259
-6.451452,17,19642.842083
-8.752426,38,19643.28493
-19.023985,71,19644.088136
-46.899635,443,19649.27896
-18.009433,66,19650.029952
-4.71654,53,19650.635306
-13.233582,52,19651.251686
-10.527307,53,19651.860725
-11.480989,52,19652.456108
-19.308546,112,19653.732483
-15.861577,55,19654.374715
-13.655271,53,19654.97907
-16.309341,60,19655.676587
-19.434704,114,19656.993
-14.131387,49,19657.572475
-28.048603,180,19659.686784
-3.915533,10,19659.810454
-85.954241,500,19665.619306
-17.616873,89,19666.645223
-18.606988,149,19668.377873
-16.794176,60,19669.073039
-44.013881,500,19674.908563
-66.985993,478,19684.100855
-14.07525,46,19684.65953
-2.652298,10,19684.779186
-26.292766,170,19686.746052
-13.481054,49,19687.328343
-20.041645,89,19688.354356
-89.419591,316,19692.028354
-68.158094,500,19697.880226
-9.942712,36,19698.298698
-26.166116,175,19700.32413
-14.331423,58,19700.99334
-47.988487,500,19706.763389
-32.472445,297,19710.216241
-20.084698,102,19711.406158
-68.735139,340,19715.367841
-49.043712,448,19720.602796
-29.598737,236,19723.342733
-30.793829,130,19724.84585
-40.956035,263,19727.880081
-17.068422,118,19729.247542
-18.782745,53,19729.902116
-11.975246,66,19730.652874
-5.809535,21,19730.895226
-7.583997,34,19731.287706
-11.680498,49,19731.873496
-13.056907,46,19732.402078
-14.297791,53,19733.026931
-29.186887,96,19734.120982
-52.19475,500,19739.874142
-6.14146,32,19740.23891
-8.235247,28,19740.562044
-24.72299,87,19741.617384
-8.8114,41,19742.086155
-13.309159,108,19750.005232
-10.47912,42,19750.501822
-10.687749,43,19750.991076
-12.504054,56,19751.646296
-20.460424,80,19752.564144
-10.414,39,19753.00896
-14.482472,51,19753.652425
-148.621105,500,19759.455452
-5.110571,18,19759.673845
-12.941094,55,19760.302628
-12.490188,43,19760.794611
-10.180334,45,19761.30971
-7.386516,48,19761.886194
-25.742463,96,19762.989391
-10.50394,49,19763.58078
-23.241679,121,19765.117838
-32.177782,231,19767.944537
-65.041907,500,19773.978864
-130.961552,490,19779.961221
-10.944563,61,19780.708976
-15.086122,80,19781.688972
-7.609681,34,19782.102894
-27.685497,141,19783.814868
-55.429955,287,19787.296314
-52.310959,500,19793.325153
-92.882315,377,19797.877604
-16.170259,100,19799.085066
-7.580153,36,19799.516549
-17.646075,76,19800.455634
-61.408205,500,19806.484579
-12.031492,84,19807.489599
-8.319697,46,19808.046854
-8.081278,26,19808.359756
-21.868301,103,19814.903172
-14.421027,65,19815.700043
-100.590729,500,19821.692093
-15.170036,51,19822.291515
-15.717965,60,19823.019716
-5.589216,20,19823.26904
-27.990859,121,19824.707871
-39.4363,230,19827.478585
-130.252994,500,19833.528721
-12.435116,49,19834.116151
-25.819236,177,19836.257865
-8.078065,35,19836.683754
-4.141123,15,19836.856294
-64.266842,450,19842.271654
-13.849968,61,19843.023735
-18.421878,57,19843.718878
-7.572196,21,19843.975191
-142.447837,486,19849.982219
-11.651382,45,19850.521547
-15.723481,59,19851.234645
-19.046222,123,19852.711937
-14.404814,48,19853.289888
-18.052293,111,19854.6098
-15.724636,74,19855.568885
-10.536029,53,19856.20998
-22.649696,106,19857.481841
-16.524015,74,19858.36388
-16.649691,62,19859.119834
-24.384293,156,19861.008755
-11.784198,51,19861.639086
-14.529687,96,19862.81616
-54.983751,500,19868.898226
-18.108412,113,19870.274535
-57.291313,500,19882.657066
-11.41196,41,19883.126638
-6.822142,32,19883.49266
-11.508662,63,19884.226781
-10.631734,42,19884.70805
-58.978713,500,19890.511863
-4.767599,37,19890.94374
-12.35718,66,19891.702486
-13.433531,47,19892.254012
-16.976384,55,19892.892324
-3.384068,12,19893.029985
-16.168533,56,19893.67922
-8.665727,41,19894.148522
-10.171209,66,19894.915448
-10.891077,55,19895.547189
-83.371994,500,19901.414313
-11.398919,62,19902.136382
-108.825081,500,19907.922647
-14.827724,75,19908.812642
-13.00439,53,19909.421988
-16.243813,60,19910.111144
-13.124843,81,19911.114903
-8.260233,29,19911.446498
-8.052935,35,19911.843437
-14.272357,54,19912.465407
-14.338431,52,19913.065377
-15.331663,98,19914.191396
-13.022305,59,19914.883826
-18.727346,92,19915.945575
-14.309314,82,19916.891017
-7.346472,65,19917.649015
-15.438616,52,19918.256821
-15.438831,50,19918.858728
-8.275242,42,19919.342437
-16.186404,53,19919.948845
-14.746296,47,19920.49572
-11.942997,60,19921.201753
-13.078202,56,19921.83918
-66.548555,500,19927.703506
-15.412425,55,19928.340378
-11.563826,50,19928.929772
-15.039806,61,19929.632639
-35.197279,147,19931.309587
-12.563303,51,19931.900177
-19.976828,75,19932.767881
-11.838396,55,19933.412134
-18.507991,110,19934.737771
-6.054408,39,19935.196545
-16.066157,74,19936.047519
-16.449131,77,19936.925139
-15.742867,67,19937.695081
-35.354854,274,19944.137218
-17.628675,58,19944.808027
-23.465466,98,19945.985633
-20.950404,78,19946.874732
-19.357751,84,19947.849386
-15.111783,49,19948.428262
-21.708039,111,19949.723829
-10.281954,43,19950.217741
-18.771277,119,19951.592235
-18.450372,67,19952.359071
-13.158728,53,19952.964074
-14.294102,54,19953.605387
-15.713139,56,19954.243196
-15.768757,65,19954.99017
-17.773764,162,19956.867081
-20.829189,78,19957.826775
-24.39235,147,19959.548366
-127.605932,500,19965.332728
-10.074344,50,19965.913205
-39.298657,298,19969.352611
-5.663523,33,19969.785456
-11.04762,41,19970.269509
-45.211197,264,19973.417643
-11.993857,50,19974.022584
-16.949622,121,19975.478568
-6.714089,29,19975.821651
-7.521295,25,19976.125862
-40.346754,500,19982.183526
-9.791663,38,19982.650462
-14.882375,55,19983.303238
-22.175637,112,19984.628332
-8.239939,35,19985.045242
-10.805653,86,19986.079887
-16.016244,63,19986.839018
-11.74959,42,19987.351624
-17.002032,103,19988.618305
-11.431066,50,19989.219003
-10.043558,39,19989.690888
-13.671258,50,19990.297268
-19.144822,119,19991.772286
-10.248568,43,19992.312541
-43.828234,336,19996.333612
-42.590945,332,20000.326288
-7.92404,40,20000.818966
-15.755988,95,20010.677276
-50.628789,393,20015.124443
-15.305158,63,20015.868938
-7.46926,33,20016.305967
-49.793475,492,20022.193001
-12.693468,64,20022.954025
-16.440567,57,20023.652131
-15.207265,54,20024.302393
-10.038746,33,20024.692287
-9.282451,43,20025.205914
-58.177769,500,20031.233822
-7.756832,56,20031.904755
-8.723205,41,20032.405416
-11.873623,61,20033.138124
-10.497899,61,20033.886124
-13.573552,49,20034.476623
-14.721424,60,20035.24717
-19.791122,105,20036.5237
-12.026674,42,20037.027328
-52.120192,500,20043.07381
-56.022447,500,20049.121363
-11.841825,67,20049.921225
-14.623,50,20050.51688
-14.616393,64,20051.292608
-12.955527,78,20052.222882
-18.693834,66,20053.031839
-28.775722,199,20055.406511
-8.69851,57,20056.080344
-15.324915,54,20056.739552
-11.693116,54,20057.389536
-14.068928,61,20058.123482
-11.009959,63,20058.947475
-7.344948,38,20059.409266
-10.86357,43,20059.930197
-12.90362,72,20060.800898
-10.469906,46,20061.354414
-17.557463,122,20062.805889
-13.503559,52,20063.424237
-131.036544,500,20069.439371
-28.493691,166,20074.736314
-12.614209,45,20075.258892
-20.527853,59,20075.953288
-8.420237,35,20076.351811
-12.242033,48,20076.911523
-10.834345,41,20077.374787
-13.510897,56,20078.034019
-60.615551,500,20083.850322
-18.729606,49,20084.423788
-9.872369,50,20084.986285
-15.263462,56,20085.638086
-9.354172,45,20086.170634
-10.886663,47,20086.721118
-6.067825,35,20087.147593
-12.776045,53,20087.784889
-12.535522,45,20088.335393
-11.116499,59,20089.039692
-11.633609,41,20089.538743
-7.710369,33,20089.960616
-8.646684,42,20090.503065
-58.056614,500,20096.624775
-3.119207,10,20096.751436
-13.191453,57,20097.440625
-12.465609,52,20098.061288
-11.86649,47,20098.631221
-14.136919,76,20099.546731
-58.787148,288,20103.013029
-36.312629,275,20106.339439
-9.501635,60,20107.06904
-2.971159,10,20107.185731
-16.59106,68,20107.993003
-14.658341,60,20108.709881
-6.54848,33,20109.100864
-16.149753,128,20110.640978
-9.699266,44,20111.168567
-10.672437,66,20111.956966
-14.779314,59,20112.662025
-13.037536,67,20113.462855
-9.0588,36,20113.89385
-6.062552,22,20114.152749
-2.586688,10,20114.272402
-7.054528,35,20114.70574
-10.898446,47,20115.269583
-5.469599,32,20115.656548
-18.429526,85,20116.677324
-14.416043,54,20117.352131
-14.917213,56,20118.029321
-15.383014,59,20118.738983
-18.718871,104,20119.985621
-12.86316,82,20120.997193
-7.08836,28,20121.333647
-9.468524,44,20121.865256
-43.148486,170,20123.922009
-12.203499,42,20124.421136
-16.429441,74,20125.306208
-12.920755,55,20125.967169
-30.178209,198,20128.493813
-15.231675,50,20129.117114
-76.330565,473,20139.317722
-18.039391,66,20140.077729
-8.737244,35,20140.482517
-9.333919,38,20140.928629
-16.039802,57,20141.636384
-13.948647,52,20142.241639
-9.294383,43,20142.746313
-10.242004,47,20143.291544
-14.552541,146,20144.989084
-12.968002,45,20145.499721
-7.879667,41,20145.986418
-9.736975,41,20146.443197
-20.87145,124,20147.892981
-17.048644,51,20148.48487
-11.272836,47,20149.019842
-10.171709,60,20149.708976
-18.34615,76,20150.593111
-34.869117,325,20154.387979
-27.15554,191,20156.701339
-12.227329,47,20157.278827
-7.938308,52,20157.894151
-12.133342,45,20158.440864
-13.689069,57,20159.124298
-18.627265,72,20159.984423
-8.653789,49,20160.579831
-13.843548,47,20161.161766
-10.979075,44,20161.700326
-17.437046,75,20162.60672
-8.479796,41,20163.107377
-10.029634,46,20163.655463
-28.785859,173,20165.762013
-7.72644,34,20166.171261
-100.572002,468,20171.803614
-12.871934,59,20172.526685
-2.98581,12,20172.670243
-12.92244,59,20173.375382
-11.122212,43,20173.901814
-16.078882,51,20174.583791
-8.456209,39,20175.041642
-10.801338,43,20175.564187
-9.139141,61,20176.293048
-13.346508,80,20177.254704
-15.842932,50,20177.842425
-16.872303,50,20178.444116
-14.995984,56,20179.112329
-18.785759,72,20179.979566
-19.012467,54,20180.62484
-12.193887,43,20181.144451
-11.36739,41,20181.642731
-18.077591,83,20182.662748
-10.1467,40,20183.157423
-11.543518,47,20183.71819
-16.827424,49,20184.30661
-8.420138,37,20184.774323
-13.711134,58,20185.472102
-15.22327,55,20186.146129
-18.419235,222,20188.848838
-5.599985,13,20189.004423
-32.277158,375,20193.48368
-10.312166,86,20194.511479
-18.158995,52,20195.134478
-10.943275,47,20195.719069
-57.594399,247,20204.424948
-13.061107,52,20205.055949
-8.38741,35,20205.464831
-13.961219,81,20206.391699
-2.772712,11,20206.523348
-14.541039,48,20207.074903
-3.846547,13,20207.225863
-9.83708,39,20207.67854
-6.43092,30,20208.025612
-21.739281,80,20208.943161
-7.768377,34,20209.365007
-14.410822,63,20210.115986
-9.319784,49,20210.674492
-17.447335,51,20211.267146
-14.652858,48,20211.832731
-12.639033,49,20212.402631
-16.530248,47,20212.945205
-12.675402,50,20213.527669
-7.865415,44,20214.033686
-27.955215,166,20215.950386
-8.995905,43,20216.444091
-15.505426,52,20217.046464
-12.342135,44,20217.569043
-9.403484,52,20218.179666
-17.815313,59,20218.855886
-25.351912,150,20220.573973
-33.31739,257,20223.575414
-8.232916,30,20223.917475
-14.40071,70,20224.718544
-22.055089,165,20226.624041
-17.722685,58,20227.292263
-16.413968,53,20227.908607
-11.145577,42,20228.391863
-9.094645,39,20228.838644
-11.973848,41,20229.309938
-12.907405,49,20229.88191
-12.560576,72,20230.717551
-24.142292,102,20231.895967
-10.868399,42,20232.385682
-16.33942,95,20233.525611
-16.941859,66,20234.306486
-10.916929,57,20234.960083
-12.836105,51,20235.544138
-14.048915,62,20236.272162
-42.917374,500,20242.099365
-15.56079,96,20243.200934
-14.982797,132,20244.789793
-11.148465,41,20245.261532
-10.252693,67,20246.033467
-14.709143,47,20246.577064
-8.454224,39,20247.024872
-41.496385,500,20252.860266
-11.09929,48,20253.411791
-15.494007,91,20254.482952
-17.291191,70,20255.291609
-12.160499,84,20256.259951
-17.096667,96,20257.409895
-12.032074,42,20257.921589
-25.3542,157,20259.806046
-35.957532,245,20266.182075
-19.905775,82,20267.159599
-8.098673,35,20267.57449
-9.753028,43,20268.073151
-68.846937,500,20274.121937
-8.73745,39,20274.597666
-10.870036,98,20275.787639
-14.290662,58,20276.480055
-12.07058,56,20277.178564
-12.431873,53,20277.820823
-73.076043,500,20283.893102
-9.321232,37,20284.335919
-16.039543,126,20285.870783
-66.959512,434,20291.077275
-29.283976,362,20295.4434
-10.286538,42,20295.960018
-17.364523,43,20296.481624
-17.895115,62,20297.224638
-4.225456,17,20297.433081
-16.485956,94,20298.561302
-12.360548,50,20299.166233
-12.848613,47,20299.725736
-6.037462,25,20300.047848
-9.124609,47,20300.612338
-43.659494,500,20306.659556
-15.468822,51,20307.28011
-10.645082,34,20307.721958
-36.12489,500,20313.832619
-69.436916,500,20319.958096
-16.072591,58,20320.665948
-46.8496,327,20324.580927
-18.850417,71,20325.435582
-16.31712,100,20332.836932
-10.241047,45,20333.410255
-103.502933,500,20339.196751
-12.812348,61,20339.896308
-20.892271,173,20341.939173
-68.573468,500,20347.688955
-16.815465,194,20349.930677
-8.77665,38,20350.36499
-38.975922,350,20354.431453
-11.257146,50,20355.011032
-17.344812,77,20355.913732
-18.347686,97,20357.03578
-9.337877,39,20357.487201
-3.981235,11,20357.609873
-9.721274,38,20358.062431
-64.039762,500,20363.887931
-13.356387,49,20364.453782
-16.161952,63,20365.182342
-17.265142,69,20365.975223
-19.815101,88,20366.989938
-16.274621,62,20367.791882
-7.612011,34,20368.247696
-25.868273,151,20370.124083
-16.695151,88,20371.198182
-49.882583,302,20374.884585
-35.367134,500,20380.906434
-15.694304,56,20381.573747
-9.56073,42,20382.079367
-45.103239,220,20384.744393
-6.882557,35,20385.173246
-7.267068,37,20385.63
-3.88677,18,20385.844091
-67.524077,500,20391.857443
-80.9502,500,20403.938681
-7.253565,36,20404.355799
-12.750641,52,20404.957118
-7.530362,26,20405.269307
-11.902511,45,20405.783344
-12.036509,53,20406.395081
-11.084817,41,20406.864824
-39.717484,500,20412.691921
-29.002604,200,20414.991101
-12.307202,52,20415.600498
-18.765309,65,20416.353767
-10.107207,39,20416.800365
-12.946354,59,20417.495168
-8.118823,41,20417.980877
-2.863521,11,20418.109501
-15.242882,95,20419.231402
-9.947827,44,20419.754229
-16.25315,57,20420.407508
-8.822817,40,20420.874235
-103.769278,500,20426.664269
-10.138918,41,20427.15396
-13.156827,48,20427.72244
-12.466655,44,20428.225655
-20.08472,134,20429.779165
-43.347732,500,20435.962549
-4.137623,14,20436.130101
-13.676587,45,20436.670515
-8.37461,41,20437.17933
-9.005696,41,20437.664063
-17.696726,84,20438.672682
-13.262262,47,20439.23494
-8.110598,36,20439.662602
-9.242055,47,20440.229638
-55.635915,496,20446.266918
-12.967679,50,20446.864314
-8.150728,46,20447.425313
-22.52677,184,20449.665549
-19.156706,91,20450.776554
-12.728623,44,20451.304715
-6.595929,66,20452.099592
-12.618791,131,20453.680579
-10.19643,74,20454.575754
-15.699208,53,20455.275794
-10.228097,45,20455.811355
-11.733779,50,20456.42671
-10.424058,50,20457.036902
-17.149813,91,20462.574647
-18.301136,90,20463.6537
-53.313913,483,20469.556802
-10.904237,46,20470.106062
-16.326449,54,20470.762696
-13.24576,47,20471.321203
-15.091774,62,20472.059489
-9.535227,39,20472.518139
-8.043746,46,20473.078666
-10.340633,38,20473.534119
-10.590325,42,20474.04231
-12.669918,59,20474.770502
-10.67208,42,20475.279142
-3.610127,15,20475.457694
-2.834173,11,20475.591332
-58.286757,318,20479.481276
-7.411694,38,20479.933496
-9.229814,40,20480.412193
-6.560584,32,20480.794195
-12.865525,47,20481.372625
-8.684373,37,20481.817227
-11.125921,45,20482.359417
-10.631574,44,20482.885031
-16.074348,55,20483.555866
-11.91507,42,20484.061543
-17.115089,65,20484.832751
-24.446788,146,20486.58964
-9.206284,38,20487.056442
-7.99578,38,20487.520813
-46.532328,407,20492.469223
-10.263245,47,20493.033842
-19.158101,64,20493.834688
-13.3789,45,20494.367289
-10.958673,47,20494.925771
-10.304662,54,20495.588001
-9.715057,72,20496.462182
-13.909913,52,20497.08743
-15.875764,55,20497.74686
-9.511945,69,20498.570633
-12.070633,59,20499.269042
-12.183252,44,20499.800622
-4.179844,22,20500.074467
-9.40762,45,20500.610232
-8.01964,38,20501.06302
-13.988747,47,20501.681367
-8.791092,42,20502.195012
-6.642242,47,20502.753547
-11.184386,63,20503.499713
-14.252411,92,20504.60913
-16.588467,62,20505.345156
-15.082313,67,20506.161056
-8.122161,36,20506.604868
-14.663609,70,20507.441233
-11.916582,51,20508.056239
-9.047645,38,20508.518972
-12.141855,42,20509.020632
-8.672021,83,20510.026786
-8.697643,38,20510.479577
-32.888009,295,20514.077614
-17.169352,108,20515.369448
-11.310664,48,20515.953422
-18.200366,58,20516.657373
-8.538926,39,20517.129106
-15.199871,93,20518.256633
-16.003971,108,20519.560695
-14.226803,125,20521.063669
-15.060063,58,20521.75958
-19.305289,69,20522.593481
-3.781518,7,20527.916428
-11.319046,45,20528.482587
-11.044152,42,20528.962977
-59.626204,500,20534.786036
-11.714605,45,20535.318209
-2.756024,11,20535.447868
-16.540588,54,20536.091874
-10.634108,60,20536.819904
-19.773591,229,20539.557534
-16.405771,144,20541.271435
-16.610977,86,20542.310286
-6.06501,19,20542.550643
-13.066829,47,20543.11666
-9.909674,43,20543.643513
-10.719145,70,20544.481274
-13.09671,53,20545.127547
-15.60537,59,20545.823048
-14.952277,59,20546.521092
-9.425552,40,20547.018006
-11.246464,53,20547.654329
-10.61688,41,20548.147986
-12.118108,48,20548.736412
-15.217153,57,20549.455419
-15.393761,59,20550.169514
-20.678066,84,20551.188947
-11.331275,41,20551.681629
-3.071444,9,20551.791335
-7.98737,35,20552.21509
-14.473136,95,20553.357615
-14.955066,88,20554.412724
-12.921742,45,20554.945862
-14.402128,53,20555.579917
-17.443104,154,20557.437596
-21.239147,152,20559.276887
-14.590962,88,20560.32955
-12.271039,89,20561.447562
-16.936164,51,20562.054552
-8.439051,40,20562.537838
-16.966994,56,20563.214129
-10.6704,52,20563.846439
-28.508871,198,20566.223145
-11.903658,61,20566.957743
-50.352223,500,20572.998606
-2.972339,10,20573.12427
-17.199491,158,20575.025291
-48.392089,321,20578.864004
-19.253103,62,20579.606136
-6.065965,40,20580.097385
-11.989412,27,20580.423033
-11.82434,73,20581.304325
-8.271241,38,20581.795985
-12.207174,49,20582.384413
-12.504216,78,20583.411186
-12.638195,49,20584.04347
-26.311012,128,20585.670371
-9.272521,40,20586.152078
-2.703332,9,20586.259768
-10.973145,44,20586.795334
-12.099765,47,20587.377806
-14.191382,52,20588.02
-3.928713,17,20588.21847
-5.471462,15,20591.133727
-10.882801,64,20591.903826
-19.279808,61,20592.621657
-6.702098,49,20593.190136
-10.250861,46,20593.723468
-19.025902,93,20594.84094
-12.582769,50,20595.409271
-18.730532,69,20596.21453
-27.468129,220,20598.769125
-16.737111,51,20599.350577
-46.771746,362,20603.538109
-8.971777,52,20604.13949
-10.019681,56,20604.793766
-18.083319,51,20605.376855
-19.252446,72,20606.24443
-16.557284,54,20606.886868
-11.580555,45,20607.42341
-12.038741,60,20608.118607
-5.553732,33,20608.505597
-20.387203,114,20609.815253
-12.825545,75,20610.694403
-13.940617,103,20611.887042
-13.601386,46,20612.432053
-10.655069,55,20613.059504
-10.011463,41,20613.542356
-18.820559,54,20614.152701
-18.856502,54,20614.782042
-11.430471,73,20615.620083
-8.152384,37,20616.041955
-10.026088,41,20616.531825
-49.745393,286,20619.871791
-19.239624,69,20620.680048
-27.304486,179,20622.765427
-12.635127,45,20623.288728
-10.770333,40,20623.752437
-11.50338,59,20624.435686
-45.394784,500,20630.240247
-28.776788,170,20632.19686
-11.404066,36,20632.611755
-10.792075,45,20633.133332
-12.021376,89,20634.181501
-10.146197,63,20634.901605
-13.485235,46,20635.435414
-60.012632,468,20640.836408
-13.815225,53,20641.448794
-17.094479,79,20642.412525
-13.813516,49,20642.984994
-11.562174,41,20643.4462
-3.006051,9,20643.544946
-11.082181,62,20644.260467
-9.576227,47,20644.807285
-13.726773,55,20645.449577
-17.774996,68,20646.253578
-30.914903,329,20660.391574
-10.063728,65,20661.10078
-8.349532,40,20661.538613
-3.96969,13,20661.677799
-12.341043,76,20662.530544
-16.778907,60,20663.208064
-55.619436,500,20669.231437
-8.673762,36,20669.660317
-52.492532,500,20675.743165
-20.484618,163,20677.72515
-9.128655,63,20678.529438
-15.101743,95,20679.681327
-6.703235,36,20680.107526
-38.27284,413,20685.080141
-10.83457,48,20685.651466
-9.21447,37,20686.094306
-6.000607,32,20686.473269
-16.217583,84,20687.478556
-8.640257,36,20687.910432
-13.349055,58,20688.617341
-11.965964,48,20689.198198
-19.322818,92,20690.352012
-2.828803,9,20690.456763
-16.370178,71,20691.314616
-86.733775,500,20697.317893
-16.489457,103,20698.551653
-15.845543,64,20699.318212
-9.382115,58,20700.009256
-17.021715,65,20700.785766
-7.234486,33,20701.185672
-10.474699,44,20701.707561
-15.291082,44,20702.261269
-16.451392,100,20703.467737
-65.730306,500,20709.500684
-10.374302,57,20710.181591
-7.412658,39,20710.656791
-10.615209,53,20711.298161
-40.211721,279,20714.70115
-12.155549,47,20715.269602
-16.400095,58,20715.972057
-14.455122,53,20716.603369
-4.612081,29,20716.950813
-9.369666,51,20717.559222
-22.398996,190,20727.259784
-68.838784,500,20733.035818
-43.438244,342,20736.993028
-49.143079,415,20741.978814
-10.201615,52,20742.620284
-8.466871,41,20743.113196
-21.517132,132,20744.703889
-14.574104,96,20745.86678
-10.784552,43,20746.380442
-16.732076,74,20747.260445
-95.026389,500,20753.369427
-96.244872,500,20759.412059
-14.72476,65,20760.212893
-3.0002,10,20760.336049
-17.694121,71,20761.20832
-12.907291,59,20761.921012
-19.219899,76,20762.848358
-2.848241,10,20762.972645
-10.598647,57,20763.705719
-12.114929,79,20764.655171
-43.690815,500,20770.695743
-17.859036,73,20771.590289
-3.273319,10,20771.708977
-9.774005,42,20772.214609
-8.685932,45,20772.752491
-57.751873,305,20776.464416
-47.085645,500,20782.508794
-13.241438,68,20783.32644
-13.06584,46,20783.888465
-5.529809,33,20784.27942
-19.348205,69,20785.096323
-20.15151,60,20785.819721
-8.866677,37,20786.270836
-14.420995,57,20786.956595
-42.531789,500,20799.144525
-15.740903,71,20799.961566
-5.507292,30,20800.364489
-15.93531,71,20801.174233
-44.325168,500,20806.91971
-15.969163,55,20807.556907
-21.283527,78,20808.456558
-7.145416,37,20808.879326
-17.048977,151,20810.60848
-24.982246,190,20812.842266
-10.464937,40,20813.30365
-6.888599,21,20813.539993
-22.004708,116,20814.890111
-9.6885,53,20815.502745
-44.963708,500,20821.283891
-7.254828,35,20821.678837
-15.030639,55,20822.317627
-13.325041,48,20822.880124
-44.736763,500,20828.71244
-7.518262,44,20829.21795
-50.207542,410,20833.97192
-42.318716,381,20838.395637
-21.345705,216,20840.929077
-12.070083,44,20841.441036
-14.020384,64,20842.233892
-37.992133,399,20847.030199
-10.913925,63,20847.796126
-7.07347,32,20848.200432
-12.800181,49,20848.784845
-17.143687,61,20849.519005
-11.790249,53,20850.147807
-17.923211,72,20851.00568
-49.103808,500,20864.874913
-30.627248,208,20867.336634
-23.422339,166,20869.28674
-35.810302,341,20873.216307
-14.379192,50,20873.786822
-9.09975,39,20874.24163
-9.510724,41,20874.71535
-10.337429,43,20875.205574
-14.416085,50,20875.783055
-29.166873,258,20878.754572
-13.663718,43,20879.308116
-11.247223,44,20879.821053
-12.455873,43,20880.316618
-30.449888,146,20882.000713
-10.891351,43,20882.489955
-8.344665,37,20882.93175
-52.15248,500,20888.688745
-41.797423,500,20894.635589
-26.598957,243,20897.575117
-51.85638,500,20903.666012
-33.85219,287,20907.113386
-12.600772,45,20907.698375
-15.189832,49,20908.326469
-10.798985,88,20909.415789
-32.399194,198,20911.835863
-19.087528,87,20912.87273
-13.559988,90,20913.96636
-40.671157,381,20918.611106
-8.143596,34,20919.016819
-12.046794,59,20923.945911
-10.751264,51,20924.537676
-10.224736,47,20925.0792
-16.814073,53,20925.682494
-5.747862,12,20925.819104
-11.657477,72,20926.658859
-9.756594,43,20927.204205
-8.254537,42,20927.687935
-10.289966,47,20928.251402
-19.10914,159,20930.171851
-7.913446,41,20930.660013
-67.326429,500,20936.722649
-52.24089,500,20942.787442
-18.741587,90,20943.862541
-11.759462,49,20944.451581
-13.809798,86,20945.477307
-29.205465,116,20946.852475
-33.421644,187,20949.089939
-95.36288,302,20952.71638
-71.34098,500,20958.731235
-13.822856,41,20959.231895
-12.522051,48,20959.851724
-15.495162,124,20961.349058
-23.092689,299,20964.933918
-11.91568,51,20965.545591
-7.287041,34,20965.952494
-17.52477,109,20967.262887
-58.122668,500,20973.287272
-22.953725,122,20974.749727
-11.541688,43,20975.26615
-15.205267,137,20976.917073
-8.044323,36,20977.356866
-22.017919,77,20978.282688
-16.429256,54,20978.997628
-22.159116,86,20980.039896
-43.479992,349,20995.136571
-43.389516,323,20998.785899
-11.685452,47,20999.327456
-9.580997,57,20999.972745
-15.297483,77,21000.855397
-9.350297,61,21001.561068
-60.513261,500,21007.357338
-25.621682,105,21008.566551
-11.904716,69,21009.36878
-14.043664,46,21009.896369
-11.685797,53,21010.551616
-5.284515,32,21010.918437
-10.853526,46,21011.449988
-3.536333,26,21011.760579
-49.910162,500,21017.547102
-49.712059,500,21023.387174
-12.758725,72,21024.216592
-9.840993,48,21024.766128
-15.785033,116,21026.108103
-21.664706,84,21027.09852
-64.7322,500,21032.857774
-11.932365,60,21033.534085
-14.82922,91,21034.581841
-10.496537,51,21035.221704
-19.160577,115,21036.55968
-7.622414,38,21036.999711
-19.872672,63,21037.7358
-63.963834,500,21043.523113
-15.918437,54,21044.148441
-8.551886,39,21044.595218
-12.120176,55,21045.234088
-12.380088,52,21045.836044
-53.128496,500,21051.61883
-11.834936,54,21052.23583
-6.621587,17,21059.740868
-15.585089,57,21060.456953
-8.403507,42,21060.977561
-31.845402,118,21062.407988
-10.521563,46,21062.983551
-72.906458,500,21069.076567
-37.213084,396,21073.859936
-41.46436,500,21079.933087
-6.844209,21,21080.18045
-9.993922,51,21080.811736
-12.016721,60,21081.539331
-47.327487,308,21085.26862
-11.846417,76,21086.193794
-14.252627,70,21087.047474
-7.555385,42,21087.559106
-10.522536,50,21088.162321
-11.054107,46,21088.71246
-13.247411,87,21089.753247
-9.22409,38,21090.211149
-6.39266,36,21090.643454
-8.890041,40,21091.134118
-24.409585,80,21092.129458
-15.497099,54,21092.7928
-45.585742,500,21098.837152
-11.617876,49,21099.429544
-63.674331,500,21105.488308
-36.024294,268,21108.707715
-7.263296,50,21109.309858
-30.415358,143,21111.045335
-22.875404,140,21112.721147
-10.283239,46,21113.263757
-8.134899,35,21113.682648
-8.845738,73,21114.578945
-10.081646,40,21115.05557
-12.584138,50,21115.649794
-13.317571,59,21116.348901
-16.013838,106,21117.619878
-27.937387,223,21129.39218
-12.551889,54,21130.070366
-7.493123,46,21130.594963
-10.658563,73,21131.433915
-17.614421,80,21132.36548
-28.875086,297,21135.797823
-12.957697,54,21136.41492
-27.413032,188,21138.588752
-12.843251,63,21139.320818
-11.428654,45,21139.835878
-32.766319,256,21142.849681
-13.067407,53,21143.458802
-10.891232,49,21144.023354
-17.370526,58,21144.695368
-17.570337,65,21145.454371
-63.569142,500,21151.220803
-9.779796,53,21151.821759
-7.831912,27,21152.128912
-9.432567,42,21152.616385
-16.803546,115,21154.001502
-29.604077,181,21156.078753
-16.267684,72,21156.903173
-11.477653,51,21157.498725
-59.220216,500,21163.253263
-18.989356,62,21163.97757
-13.882417,55,21164.618856
-18.115622,110,21165.882692
-11.818384,82,21166.873073
-20.888573,131,21168.448426
-8.682558,42,21168.947789
-6.103076,49,21169.55209
-28.121466,204,21172.003915
-12.816148,48,21172.571985
-8.792001,40,21173.058685
-14.972135,75,21173.961647
-18.79915,72,21174.827332
-18.406222,81,21175.832585
-14.510822,51,21176.439962
-10.303163,64,21177.214281
-10.98381,61,21177.965447
-19.426776,67,21178.759868
-20.140748,62,21179.506871
-22.976546,90,21180.592119
-6.847779,35,21181.069872
-51.933072,500,21187.104854
-21.8907,127,21195.617004
-15.445751,98,21196.752106
-28.244016,180,21198.852647
-8.208715,39,21199.305436
-6.049471,38,21199.742638
-20.418801,56,21200.417366
-9.542933,45,21200.932683
-10.681813,62,21201.640056
-17.595751,100,21202.799145
-4.893467,19,21203.019585
-48.71161,500,21208.849786
-17.978659,139,21210.456898
-9.662196,43,21210.953661
-8.719089,47,21211.491224
-36.625825,300,21214.959437
-9.591831,56,21215.620884
-27.925918,159,21217.49257
-8.551667,38,21217.933224
-18.241545,54,21218.558548
-14.018835,178,21220.608401
-10.482283,47,21221.160581
-62.255387,500,21227.075769
-17.032363,146,21228.818152
-20.624936,160,21230.734591
-15.975165,72,21231.670768
-16.101226,87,21232.744016
-13.710463,67,21233.563151
-30.018508,285,21237.001517
-18.850869,84,21238.007514
-19.826918,86,21239.039726
-14.147325,57,21239.733997
-65.192281,500,21245.854733
-19.279768,71,21246.720467
-11.290322,49,21247.322177
-6.99086,22,21247.581484
-12.945858,49,21248.166926
-8.887331,43,21248.674562
-15.080195,56,21249.360685
-16.276956,77,21250.29017
-15.750281,61,21251.021815
-44.9534,345,21261.386423
-13.277535,46,21261.897059
-8.726727,37,21262.30098
-32.085326,134,21263.795756
-55.237247,500,21269.956676
-15.699886,122,21271.453438
-20.98713,81,21272.423144
-14.90963,71,21273.279974
-15.741252,56,21273.950177
-30.291245,111,21275.296781
-22.449738,164,21277.301982
-9.326361,43,21277.844498
-43.432943,500,21283.880918
-11.819134,44,21284.419977
-12.381254,64,21285.18132
-11.755535,43,21285.688987
-9.458017,49,21286.29592
-12.982989,45,21286.845969
-5.043744,14,21287.01352
-39.810276,500,21293.019513
-17.679263,59,21293.722852
-13.738243,51,21294.32726
-54.779417,303,21297.969653
-13.193465,50,21298.637479
-11.294731,41,21299.129165
-19.25182,157,21301.018728
-44.808457,500,21307.039457
-20.072718,62,21307.773518
-14.190883,47,21308.342383
-10.059784,40,21308.831053
-42.059041,500,21314.941036
-9.139809,37,21315.379737
-13.319303,112,21316.718542
-54.751239,372,21328.354214
-13.105968,54,21329.012126
-16.965904,64,21329.760041
-56.806622,500,21335.602877
-15.155605,50,21336.202299
-9.976297,45,21336.744616
-11.342701,65,21337.532824
-17.542598,63,21338.300381
-10.349771,39,21338.770083
-9.106194,48,21339.340964
-10.540552,85,21340.384393
-9.645412,44,21340.909657
-15.526657,57,21341.589592
-19.663506,91,21342.685448
-13.09959,52,21343.303514
-15.382847,57,21343.994359
-61.898281,500,21350.052661
-15.760763,120,21351.497349
-20.524821,90,21352.582517
-10.678582,42,21353.083149
-41.069008,500,21359.142975
-3.107693,25,21359.452124
-10.18959,41,21359.942142
-46.898401,500,21365.977897
-18.370359,95,21367.144778
-50.028439,500,21373.17661
-19.500155,82,21374.164527
-10.706568,64,21374.99121
-9.859993,51,21375.594289
-10.345322,45,21376.131468
-24.40928,137,21377.781582
-5.321484,32,21378.159572
-41.953843,500,21384.235127
-17.597319,88,21385.305264
-11.290436,43,21385.817501
-6.509746,32,21386.20743
-21.654021,148,21388.061516
-16.389702,51,21394.147113
-42.209527,328,21397.888783
-7.414967,29,21398.217136
-10.394046,54,21398.837477
-26.557343,155,21400.696157
-19.802132,189,21402.958474
-7.315953,33,21403.360399
-18.530648,57,21404.051518
-12.520775,50,21404.664406
-46.583367,500,21410.68095
-16.764069,93,21411.804969
-14.037031,52,21412.426283
-19.123427,69,21413.263151
-9.91616,70,21414.10744
-47.626142,500,21420.301999
-15.521025,67,21421.156317
-41.910349,284,21424.607712
-17.774329,120,21426.043365
-24.882043,185,21428.307936
-19.081293,109,21429.61949
-59.413859,500,21435.73161
-11.420497,47,21436.288523
-41.341575,500,21442.305259
-7.355769,34,21442.739278
-18.024666,63,21443.494605
-15.549992,54,21444.141663
-14.468747,89,21445.231605
-11.183424,47,21445.798067
-12.204535,74,21446.696449
-47.802657,500,21452.711492
-45.986392,500,21462.85668
-6.044305,25,21463.146933
-14.801735,50,21463.723465
-36.014211,347,21467.796821
-21.100782,135,21469.428805
-44.341123,354,21473.685789
-49.181594,346,21477.854792
-34.180705,225,21480.605775
-5.380728,21,21480.856106
-42.309956,276,21484.162888
-12.953931,103,21485.424248
-34.025619,500,21491.445632
-2.757936,21,21491.703882
-10.230472,44,21492.236682
-6.233049,27,21492.559352
-74.49852,500,21498.774186
-31.499291,133,21500.454594
-12.256604,76,21501.359937
-15.131869,49,21501.942376
-13.300095,127,21503.471982
-6.598025,34,21503.891582
-18.057173,93,21505.002326
-19.816031,89,21506.076672
-60.260171,418,21511.143984
-15.263548,63,21511.900936
-17.207971,143,21513.628625
-9.334079,47,21514.189151
-11.524585,52,21514.818954
-27.267811,350,21527.662804
-8.014163,41,21528.173729
-9.362659,51,21528.77168
-16.968601,110,21530.04268
-12.377537,98,21531.175479
-13.380762,48,21531.724635
-9.042883,38,21532.158445
-64.442332,500,21538.323792
-14.549924,40,21538.800226
-45.961095,305,21542.51354
-14.773333,53,21543.14994
-26.881415,120,21544.603643
-8.63889,39,21545.082309
-11.236372,48,21545.707555
-14.677906,52,21546.325863
-12.204799,55,21546.989642
-31.065374,253,21550.028686
-17.089693,56,21550.699538
-8.638461,39,21551.168011
-15.450229,85,21552.180703
-7.112733,42,21552.692128
-10.859144,59,21553.39821
-11.119961,69,21554.248283
-48.474225,355,21558.596561
-9.761301,44,21559.120161
-60.470863,500,21565.147085
-26.568386,267,21568.375557
-13.457674,51,21568.985475
-14.075168,52,21569.605077
-15.10757,73,21570.482914
-45.06258,500,21576.474138
-11.018069,47,21577.092153
-20.445511,105,21578.363775
-8.726868,44,21578.888945
-7.438825,41,21579.381628
-8.146957,46,21579.923509
-19.588339,71,21580.787173
-13.634147,61,21581.513232
-10.769718,45,21582.050567
-12.175532,80,21583.018507
-10.809275,47,21583.583995
-11.99294,56,21584.254419
-27.68848,87,21585.307381
-10.204836,48,21585.882281
-8.152574,38,21586.338064
-7.110522,32,21586.727515
-11.728985,47,21587.311375
-22.149931,109,21593.458971
-8.310132,40,21593.895365
-51.572895,500,21599.588319
-15.68194,64,21600.321335
-12.555883,77,21601.19799
-11.686336,46,21601.728934
-29.416434,245,21604.604854
-70.507662,500,21610.376868
-18.994081,68,21611.156981
-20.870852,82,21612.123168
-11.325727,64,21612.867384
-4.101556,35,21613.269309
-15.690708,57,21613.936994
-12.195825,53,21614.556361
-9.281327,57,21615.254821
-10.319128,51,21615.847774
-61.903687,500,21621.71113
-11.460667,48,21622.260597
-6.414065,32,21622.625282
-12.922662,49,21623.194286
-10.425453,41,21623.661351
-7.748564,36,21624.075269
-13.422361,52,21624.676016
-21.076721,148,21626.417114
-13.871719,50,21627.026419
-12.023955,48,21627.676679
-18.99124,116,21629.156384
-12.268712,46,21629.708905
-10.436091,43,21630.276495
-15.719569,92,21631.403068
-13.544959,79,21632.343524
-13.652405,55,21632.998344
-11.745317,56,21633.662056
-7.057583,32,21634.042041
-9.169737,56,21634.708608
-46.062851,500,21640.77812
-12.933863,51,21641.386624
-19.251011,138,21643.030033
-32.817244,189,21645.292464
-11.901991,44,21645.818059
-9.58649,54,21646.472618
-25.178522,106,21647.752
-4.540692,30,21648.103091
-14.98431,89,21649.186276
-12.771465,82,21650.166788
-8.52626,42,21650.671463
-18.97863,80,21651.683198
-60.649885,500,21662.422299
-10.992931,55,21663.079802
-7.771767,39,21663.556116
-44.587978,472,21669.401652
-28.446162,192,21671.758469
-24.911542,168,21673.755776
-124.54112,500,21679.823176
-13.560801,46,21680.393214
-48.675923,500,21686.427377
-11.79883,47,21686.992459
-8.676117,16,21687.190962
-11.666352,47,21687.767003
-17.247317,74,21688.660928
-9.89505,45,21689.18752
-13.588979,54,21689.897907
-51.142224,500,21695.902575
-19.632799,93,21697.010364
-4.619829,16,21697.201851
-9.977213,41,21697.712118
-12.594803,126,21699.217939
-19.747579,164,21701.169426
-6.864156,39,21701.70267
-22.076019,88,21702.750698
-13.141141,60,21703.472384
-7.361016,34,21703.879132
-9.727332,42,21704.386194
-11.556868,47,21704.959424
-12.657332,57,21705.647761
-46.99634,483,21711.480044
-15.344452,145,21713.242292
-15.663885,87,21714.350331
-7.913972,39,21714.81577
-38.741128,94,21715.930789
-13.931187,70,21716.780591
-12.966976,52,21723.116333
-21.21484,127,21724.636596
-7.488365,13,21724.794179
-14.763291,57,21725.46336
-44.510211,500,21731.406691
-14.69954,69,21732.224777
-17.442775,102,21733.458268
-6.678796,12,21733.601855
-62.317143,500,21739.708438
-8.733961,15,21739.886935
-18.643537,100,21741.074906
-20.4368,76,21741.99345
-12.920757,57,21742.672472
-24.504598,107,21743.954031
-8.205238,51,21744.566396
-9.473222,43,21745.075426
-10.363869,43,21745.603453
-19.344021,144,21747.333094
-9.986392,28,21747.673582
-36.422165,265,21750.850999
-33.14094,87,21751.942867
-8.38882,14,21752.112385
-58.823826,371,21756.586246
-10.335191,62,21757.329296
-10.546197,42,21757.84559
-6.930315,37,21758.301346
-14.118166,55,21758.961828
-9.144326,37,21759.40766
-44.135933,500,21765.481415
-45.009236,416,21770.50189
-9.726278,17,21770.70233
-15.05811,66,21771.509288
-48.720625,500,21777.602194
-30.657387,92,21778.714706
-24.118521,156,21780.738817
-8.922046,51,21781.347188
-8.749567,48,21781.955419
-15.491957,102,21783.202468
-18.649248,123,21788.807136
-10.995868,49,21789.403837
-10.989463,48,21790.002577
-20.416364,102,21791.234451
-10.762985,19,21791.460845
-10.833408,52,21792.0872
-9.802038,43,21792.616755
-21.494932,149,21794.411983
-35.049424,364,21798.822497
-4.016817,12,21798.969105
-8.815155,45,21799.500991
-13.632411,49,21800.081415
-9.38168,41,21800.598675
-28.600538,215,21803.206614
-13.946908,82,21804.205298
-8.433663,56,21804.871514
-64.091999,500,21810.929804
-15.467441,116,21812.320398
-5.831034,9,21812.426119
-20.414465,60,21813.197563
-67.665248,500,21819.259427
-17.690355,115,21820.629767
-19.878578,93,21821.734878
-8.54113,43,21822.255486
-13.662646,86,21823.282495
-6.466363,16,21823.472019
-22.997375,143,21825.253206
-11.306584,55,21825.927404
-32.148255,239,21828.777533
-7.304319,46,21829.32862
-10.378017,68,21830.134441
-9.579612,43,21830.64707
-13.291751,52,21831.264007
-21.606399,114,21832.645749
-7.281237,39,21833.112501
-13.704507,63,21833.861498
-9.802954,62,21834.606124
-6.908773,20,21834.844193
-13.674391,49,21835.432922
-25.56636,147,21837.197496
-23.048979,113,21838.553868
-64.713176,500,21844.613334
-5.302081,55,21845.270602
-8.846919,52,21845.904906
-16.448669,64,21846.664818
-6.33144,10,21846.781507
-9.425766,42,21847.284746
-18.686391,73,21853.697603
-12.407416,46,21854.280079
-11.078603,60,21854.96791
-12.092164,72,21855.802802
-47.879509,486,21861.417928
-9.989046,45,21861.942523
-24.389523,118,21863.300417
-40.989665,338,21867.207019
-58.086835,500,21873.315318
-19.28362,84,21874.331283
-12.014116,47,21874.895688
-7.808491,36,21875.322572
-26.581229,199,21877.729007
-8.581279,41,21878.226975
-10.789425,41,21878.709379
-9.924978,42,21879.215163
-23.213849,227,21881.939741
-14.805825,55,21882.647035
-8.694538,38,21883.100822
-19.31306,59,21883.821876
-6.856256,11,21883.948562
-10.47837,46,21884.49615
-15.313133,55,21885.147997
-35.612041,286,21888.579492
-8.072985,34,21888.981411
-4.225932,34,21889.389828
-13.556883,54,21890.042055
-12.462241,48,21890.612556
-10.40956,64,21891.385463
-18.737548,142,21893.094738
-9.180515,56,21893.77474
-15.219384,104,21895.04287
-8.415236,38,21895.502643
-17.777871,58,21896.213453
-23.084493,87,21897.257568
-26.587173,215,21899.893684
-22.810422,103,21901.16086
-28.61952,192,21903.507198
-5.876129,60,21904.22573
-14.488341,50,21904.843332
-10.942268,75,21905.751908
-44.883804,500,21911.753233
-9.842296,51,21912.365339
-15.273086,56,21913.032629
-15.278258,48,21916.112538
-7.420941,50,21916.692329
-12.808381,48,21917.253856
-43.598059,468,21922.642851
-11.720741,46,21923.16848
-16.88118,53,21923.785423
-11.654744,56,21924.428774
-12.584367,67,21925.20819
-7.499165,13,21925.372751
-10.047584,42,21925.882388
-12.503128,44,21926.503775
-13.90902,56,21927.2049
-6.327222,10,21927.330564
-15.292515,64,21928.13242
-16.125124,83,21929.147494
-4.472628,30,21929.527954
-10.100432,40,21930.012688
-11.951518,46,21930.570903
-11.814255,45,21931.118449
-15.333578,63,21931.893618
-60.167383,500,21937.969098
-13.287071,66,21938.751007
-57.794258,194,21941.083543
-8.461726,45,21941.628077
-12.08024,53,21942.272328
-13.220678,56,21942.964454
-9.740325,46,21943.510026
-12.976998,46,21944.072524
-12.024253,51,21944.680893
-8.673584,41,21945.218426
-4.897714,34,21945.632399
-21.598722,94,21946.763562
-26.464548,147,21948.525792
-9.07639,37,21948.970601
-11.504659,48,21949.546471
-4.385423,32,21949.944376
-16.929975,69,21950.771803
-11.0007,46,21951.320361
-15.223474,65,21952.109247
-56.0517,500,21958.152306
-54.226515,500,21964.205103
-61.294769,500,21970.263677
-12.104181,43,21970.787807
-8.287369,14,21970.960345
-8.525787,14,21971.134878
-9.31234,39,21971.605818
-18.659806,122,21973.066935
-44.155073,277,21983.118351
-21.039674,122,21984.559833
-50.591068,264,21987.648092
-8.085991,39,21988.09986
-2.815535,27,21988.410062
-23.511019,133,21989.955897
-9.580181,17,21990.150401
-16.279162,85,21991.16228
-10.868009,80,21992.206064
-18.258877,52,21992.943028
