train/actor_loss,rollout/ep_rew_mean,time/time_elapsed,train/n_updates,rollout/ep_len_mean,train/critic_loss,train/learning_rate,time/total_timesteps,time/fps,rollout/success_rate,time/episodes
0.8748129606246948,-17.1410145,4,342,44.3,0.006987314671278,0.001,443,89,0.0,10
1.6337652206420898,-21.6236327,15,1187,64.4,0.0028733541257679462,0.001,1288,84,0.0,20
1.9584466218948364,-20.547010933333322,22,1777,62.6,0.006563999690115452,0.001,1878,83,0.0,30
2.4240407943725586,-24.501774,37,3023,78.1,0.004685296677052975,0.001,3124,83,0.0,40
2.5665674209594727,-28.43003876,59,4805,98.12,0.0014615172985941172,0.001,4906,82,0.02,50
2.638913154602051,-31.23491568333333,99,7086,119.78333333333333,0.0023466169368475676,0.001,7187,72,0.03333333333333333,60
2.5304157733917236,-30.234148628571432,113,8279,119.71428571428571,0.003299738746136427,0.001,8380,73,0.04285714285714286,70
2.464794158935547,-30.766171762499994,163,10978,138.4875,0.003283756785094738,0.001,11079,67,0.05,80
2.178645610809326,-31.456366944444447,193,13543,151.6,0.0028954101726412773,0.001,13644,70,0.07777777777777778,90
1.9455958604812622,-30.24863946,224,14905,150.06,0.0016138353385031223,0.001,15006,66,0.1,100
1.8572782278060913,-31.666910300000005,250,17165,168.23,0.0017235304694622755,0.001,17266,68,0.14,110
2.0529026985168457,-32.030413300000006,275,19181,179.94,0.0020592561922967434,0.001,19282,70,0.18,120
1.705710768699646,-32.029739909999996,308,20653,188.76,0.004094313830137253,0.001,20754,67,0.22,130
1.9623584747314453,-29.79960315,318,21434,184.11,0.001384856179356575,0.001,21535,67,0.29,140
1.85443913936615,-27.10310218,330,22381,175.76,0.001904786447994411,0.001,22482,68,0.34,150
1.7351245880126953,-24.781665240000002,351,24069,169.83,0.0019709228072315454,0.001,24170,68,0.4,160
1.712791085243225,-24.19590466,379,25680,174.01,0.0025055408477783203,0.001,25781,67,0.44,170
1.4341152906417847,-22.47114265,394,26869,158.91,0.003087494522333145,0.001,26970,68,0.48,180
1.5408411026000977,-21.11652967,425,29343,158.0,0.0016178234945982695,0.001,29444,69,0.51,190
1.7382351160049438,-20.642496579999996,442,30446,155.41,0.004299305845052004,0.001,30547,69,0.56,200
1.4819285869598389,-19.397378219999997,459,31782,146.17,0.0014969194307923317,0.001,31883,69,0.59,210
1.3524361848831177,-18.60688562,482,33637,144.56,0.0026375805027782917,0.001,33738,69,0.58,220
1.2904865741729736,-19.837066909999997,518,35976,153.23,0.002912931377068162,0.001,36077,69,0.59,230
1.140663981437683,-20.5486684,537,37541,161.07,0.002363546285778284,0.001,37642,70,0.57,240
1.3443362712860107,-21.868898509999998,580,40031,176.5,0.006700459867715836,0.001,40132,69,0.54,250
1.3998515605926514,-22.096729690000004,605,42215,181.46,0.001608869293704629,0.001,42316,69,0.51,260
1.373637080192566,-22.325185579999996,624,43709,180.29,0.0013955358881503344,0.001,43810,70,0.5,270
1.3601397275924683,-22.334748349999998,646,45056,181.87,0.0034824854228645563,0.001,45157,69,0.47,280
1.3299351930618286,-21.248254989999996,653,45608,162.65,0.002598381834104657,0.001,45709,69,0.44,290
1.3475372791290283,-21.426549410000003,666,46689,162.43,0.002991789486259222,0.001,46790,70,0.45,300
1.4120749235153198,-20.88434935,674,47304,155.22,0.004234153311699629,0.001,47405,70,0.42,310
1.212967872619629,-20.10610188,683,48056,144.19,0.0034065747167915106,0.001,48157,70,0.42,320
1.4451854228973389,-18.859146449999997,701,49519,135.43,0.01034820917993784,0.001,49620,70,0.45,330
1.3527019023895264,-18.24284678,715,50190,126.49,0.003423263318836689,0.001,50291,70,0.42,340
1.549048662185669,-17.01119942,726,51109,110.78,0.0064909690991044044,0.001,51210,70,0.46,350
1.4949147701263428,-16.3954008,738,52131,99.16,0.005781217478215694,0.001,52232,70,0.45,360
1.2710576057434082,-16.09987758,751,53148,94.39,0.009298537857830524,0.001,53249,70,0.47,370
1.1854703426361084,-16.16266114,767,54446,93.9,0.015246761962771416,0.001,54547,71,0.51,380
1.3305323123931885,-15.951184170000001,779,54981,93.73,0.008549770340323448,0.001,55082,70,0.55,390
1.2958416938781738,-15.754344649999998,787,55707,90.18,0.0038322200998663902,0.001,55808,70,0.53,400
1.221050500869751,-16.05087885,801,56861,95.57,0.004942853003740311,0.001,56962,71,0.55,410
1.185577392578125,-16.9624264,829,59092,110.36,0.005090160295367241,0.001,59193,71,0.55,420
1.2120145559310913,-16.99021677,847,60226,107.07,0.004634459502995014,0.001,60327,71,0.49,430
1.1895134449005127,-17.11776453,862,61489,112.99,0.004231433384120464,0.001,61590,71,0.52,440
1.1279338598251343,-16.50630324,869,62105,109.96,0.005162754096090794,0.001,62206,71,0.53,450
1.3168883323669434,-17.21667136,888,63702,115.71,0.005865716375410557,0.001,63803,71,0.53,460
1.1940844058990479,-17.09160949,902,64786,116.38,0.008458787575364113,0.001,64887,71,0.51,470
1.432559847831726,-17.12978149,924,66139,116.93,0.0037348768673837185,0.001,66240,71,0.51,480
1.1745071411132812,-17.247448770000002,930,66665,116.84,0.008988309651613235,0.001,66766,71,0.52,490
1.2299120426177979,-17.04839114,936,67200,114.93,0.00446759769693017,0.001,67301,71,0.48,500
1.3117798566818237,-16.732498820000004,944,67809,109.48,0.013107014819979668,0.001,67910,71,0.46,510
1.2546088695526123,-16.083611010000002,957,68883,97.91,0.005321066826581955,0.001,68984,72,0.48,520
1.3496487140655518,-16.347294530000003,987,70717,104.91,0.007276644464582205,0.001,70818,71,0.52,530
1.2244555950164795,-15.98275529,997,71526,100.37,0.00928720086812973,0.001,71627,71,0.55,540
1.184474229812622,-16.24232321,1005,72209,101.04,0.015650276094675064,0.001,72310,71,0.51,550
1.1818889379501343,-15.777362409999999,1018,73327,96.25,0.006526906043291092,0.001,73428,72,0.51,560
1.1660010814666748,-17.011395790000005,1047,75090,103.04,0.01211465708911419,0.001,75191,71,0.49,570
1.2805769443511963,-16.731007690000002,1058,76075,99.36,0.007009746041148901,0.001,76176,71,0.46,580
1.2682735919952393,-17.473255160000004,1070,77064,103.99,0.00656301062554121,0.001,77165,72,0.39,590
1.308943748474121,-18.44941548,1090,78851,116.51,0.013874945230782032,0.001,78952,72,0.43,600
1.070584774017334,-18.73975864,1106,79990,121.81,0.005436581559479237,0.001,80091,72,0.47,610
1.1684215068817139,-18.8928539,1120,81154,122.71,0.004784035496413708,0.001,81255,72,0.47,620
1.177685022354126,-18.20362449,1127,81775,110.58,0.007157871965318918,0.001,81876,72,0.48,630
1.3364439010620117,-18.73318652,1144,83280,117.54,0.013290077447891235,0.001,83381,72,0.46,640
1.304446816444397,-18.850511020000003,1157,84313,121.04,0.0077987005934119225,0.001,84414,72,0.49,650
1.2345342636108398,-18.48725686,1174,85334,120.07,0.0066541568376123905,0.001,85435,72,0.53,660
1.018479347229004,-16.638496350000004,1180,85849,107.59,0.00779066514223814,0.001,85950,72,0.57,670
1.2406084537506104,-16.346906769999997,1186,86394,103.19,0.019107097759842873,0.001,86495,72,0.59,680
1.491255760192871,-15.904074920000001,1195,87158,100.94,0.01017066091299057,0.001,87259,72,0.62,690
1.2547643184661865,-15.12738262,1203,87866,90.15,0.01673351600766182,0.001,87967,73,0.61,700
1.0868699550628662,-15.224992030000001,1217,89005,90.15,0.006446638144552708,0.001,89106,73,0.57,710
1.1635098457336426,-15.019601099999997,1226,89805,86.51,0.010202895849943161,0.001,89906,73,0.56,720
1.1853253841400146,-15.39333709,1240,90742,89.67,0.009492781944572926,0.001,90843,73,0.52,730
1.2372283935546875,-15.00494557,1248,91416,81.36,0.007448993623256683,0.001,91517,73,0.51,740
1.1776249408721924,-14.578250970000001,1254,91875,75.62,0.027806811034679413,0.001,91976,73,0.5,750
1.1512649059295654,-14.83774072,1269,93110,77.76,0.02011573314666748,0.001,93211,73,0.47,760
1.1368086338043213,-15.16337283,1276,93705,78.56,0.03066364862024784,0.001,93806,73,0.47,770
1.331177830696106,-15.573037980000002,1288,94687,82.93,0.015969129279255867,0.001,94788,73,0.47,780
1.0530346632003784,-15.511992120000004,1300,95332,81.74,0.010582434944808483,0.001,95433,73,0.47,790
1.1962471008300781,-15.506453700000003,1309,96092,82.26,0.009785987436771393,0.001,96193,73,0.45,800
1.146627426147461,-15.606947750000002,1326,97465,84.6,0.034077949821949005,0.001,97566,73,0.45,810
1.1695051193237305,-15.832323939999998,1338,98476,86.71,0.011511057615280151,0.001,98577,73,0.45,820
1.186112642288208,-16.73374006,1371,100450,97.08,0.029277443885803223,0.001,100551,73,0.47,830
1.0968788862228394,-17.57917761,1390,102025,106.09,0.011021641083061695,0.001,102126,73,0.48,840
0.9545297622680664,-18.065350940000002,1400,102923,110.48,0.023632651194930077,0.001,103024,73,0.46,850
1.0676755905151367,-17.5407322,1413,103980,108.7,0.010846618562936783,0.001,104081,73,0.45,860
1.072300910949707,-18.13423047,1440,105324,116.19,0.023856446146965027,0.001,105425,73,0.45,870
1.0653693675994873,-18.22128808,1454,106564,118.77,0.02007114700973034,0.001,106665,73,0.46,880
0.8992104530334473,-18.42483676,1466,107551,122.19,0.015238551422953606,0.001,107652,73,0.5,890
1.2467544078826904,-18.4494993,1474,108194,121.02,0.01704762503504753,0.001,108295,73,0.49,900
1.277306079864502,-17.8239391,1484,109058,115.93,0.039840973913669586,0.001,109159,73,0.53,910
1.0274583101272583,-17.71561441,1502,109962,114.86,0.014942089095711708,0.001,110063,73,0.55,920
1.0027660131454468,-16.60764355,1513,110943,104.93,0.015145260840654373,0.001,111044,73,0.53,930
1.1494251489639282,-15.98926267,1526,112022,99.97,0.017904147505760193,0.001,112123,73,0.55,940
1.1377081871032715,-15.61061651,1534,112673,97.5,0.026789918541908264,0.001,112774,73,0.57,950
1.0822924375534058,-16.81130027,1568,115062,110.82,0.01929321512579918,0.001,115163,73,0.59,960
1.3810110092163086,-16.843436909999998,1582,116269,109.45,0.02253624051809311,0.001,116370,73,0.55,970
1.0385046005249023,-17.577798089999998,1603,118041,114.77,0.0322948582470417,0.001,118142,73,0.54,980
1.007217526435852,-18.11077362,1621,119556,120.05,0.01809638738632202,0.001,119657,73,0.51,990
0.9714472889900208,-18.47964181,1640,120582,123.88,0.015658577904105186,0.001,120683,73,0.5,1000
1.1137384176254272,-19.431817370000005,1658,122090,130.32,0.019567713141441345,0.001,122191,73,0.46,1010
1.0579586029052734,-19.915935809999997,1678,123762,138.0,0.017378639429807663,0.001,123863,73,0.44,1020
1.0269228219985962,-21.35103995,1708,125730,147.87,0.017836565151810646,0.001,125831,73,0.44,1030
1.1856986284255981,-22.43115307,1728,127436,154.14,0.018136437982320786,0.001,127537,73,0.41,1040
1.0726075172424316,-23.796222130000004,1751,129325,166.52,0.015881363302469254,0.001,129426,73,0.37,1050
1.07222580909729,-23.731856040000004,1775,130873,158.11,0.026705559343099594,0.001,130974,73,0.33,1060
1.0035927295684814,-23.05817021,1782,131423,151.54,0.034593403339385986,0.001,131524,73,0.34,1070
0.9053692817687988,-22.978070940000006,1798,132809,147.68,0.03029230237007141,0.001,132910,73,0.34,1080
0.8469713926315308,-23.823907239999997,1814,134117,145.61,0.02659580297768116,0.001,134218,73,0.3,1090
1.0500696897506714,-23.926739949999998,1837,135225,146.43,0.016078520566225052,0.001,135326,73,0.32,1100
1.101600170135498,-23.41864497,1845,135935,138.45,0.0488654226064682,0.001,136036,73,0.32,1110
1.059135913848877,-23.729456039999995,1863,137463,137.01,0.023128502070903778,0.001,137564,73,0.3,1120
0.8274747133255005,-24.573213440000004,1905,140412,146.82,0.030632246285676956,0.001,140513,73,0.31,1130
1.0399188995361328,-24.87509421,1930,142615,151.79,0.022857584059238434,0.001,142716,73,0.27,1140
1.0360662937164307,-23.64732987,1939,143360,140.35,0.02036411687731743,0.001,143461,73,0.3,1150
1.1904325485229492,-23.20918752,1955,144733,138.6,0.021842774003744125,0.001,144834,74,0.34,1160
1.1040573120117188,-23.30370569,1968,145379,139.56,0.08125030249357224,0.001,145480,73,0.33,1170
0.9231526255607605,-23.434943070000003,1990,147185,143.76,0.0235111303627491,0.001,147286,73,0.31,1180
0.8294119834899902,-22.643395379999998,2008,148661,145.44,0.021387610584497452,0.001,148762,74,0.32,1190
1.1786842346191406,-22.96684735,2036,150511,152.86,0.021721016615629196,0.001,150612,73,0.32,1200
1.4036970138549805,-23.237741400000004,2051,151744,158.09,0.04757266491651535,0.001,151845,74,0.3,1210
0.9215422868728638,-23.59332324,2073,153560,160.97,0.02896888740360737,0.001,153661,74,0.33,1220
1.082090139389038,-22.00019186,2087,154731,143.19,0.03083876706659794,0.001,154832,74,0.33,1230
0.8956190347671509,-21.24136465,2108,155962,133.47,0.03205062448978424,0.001,156063,74,0.37,1240
0.9887036085128784,-21.76357597,2120,157013,136.53,0.03688916563987732,0.001,157114,74,0.36,1250
1.091910719871521,-21.26511621000001,2134,158183,134.5,0.016022179275751114,0.001,158284,74,0.36,1260
1.063151478767395,-21.137935270000003,2140,158743,133.64,0.03167526051402092,0.001,158844,74,0.38,1270
0.7825727462768555,-20.81648596,2163,160243,130.58,0.03964714705944061,0.001,160344,74,0.38,1280
0.7797633409500122,-19.88163569,2169,160816,121.55,0.032132044434547424,0.001,160917,74,0.42,1290
0.9120564460754395,-19.79762152,2187,162333,118.22,0.10406248271465302,0.001,162434,74,0.42,1300
0.7546367645263672,-20.436943000000003,2207,164057,123.13,0.028221050277352333,0.001,164158,74,0.42,1310
1.0248169898986816,-19.17934777,2215,164762,112.02,0.03281616419553757,0.001,164863,74,0.4,1320
0.6150525212287903,-19.159714089999998,2243,166321,115.9,0.040334660559892654,0.001,166422,74,0.38,1330
0.6290907859802246,-19.600817499999994,2263,168105,121.43,0.04458456113934517,0.001,168206,74,0.37,1340
0.884212851524353,-19.65563695,2274,169042,120.29,0.08019097149372101,0.001,169143,74,0.36,1350
0.983366847038269,-19.669968310000005,2294,170080,118.97,0.06801873445510864,0.001,170181,74,0.36,1360
0.763031542301178,-20.19892446,2306,171045,123.02,0.054146286100149155,0.001,171146,74,0.37,1370
0.6630089282989502,-20.581224110000004,2320,172316,120.73,0.04107137396931648,0.001,172417,74,0.36,1380
0.816268801689148,-22.177751860000004,2343,174295,134.79,0.05431855469942093,0.001,174396,74,0.32,1390
0.9511767029762268,-21.81579521,2362,175373,130.4,0.08326666802167892,0.001,175474,74,0.31,1400
0.6410676836967468,-22.332809899999997,2384,177289,132.32,0.04206091910600662,0.001,177390,74,0.3,1410
1.056154727935791,-23.457598660000002,2407,179203,144.41,0.0702897310256958,0.001,179304,74,0.33,1420
0.7636252641677856,-22.887151189999994,2424,180224,139.03,0.08689799904823303,0.001,180325,74,0.36,1430
0.5913305282592773,-22.607100710000005,2444,181838,137.33,0.0676620751619339,0.001,181939,74,0.37,1440
0.7235497832298279,-22.527294290000004,2458,183041,139.99,0.06669359654188156,0.001,183142,74,0.39,1450
0.5286965370178223,-22.426850940000005,2467,183783,137.03,0.045547276735305786,0.001,183884,74,0.38,1460
0.6712319850921631,-22.02805972,2474,184360,133.15,0.0699639767408371,0.001,184461,74,0.36,1470
0.6018543839454651,-21.6174812,2493,185528,132.12,0.05963798612356186,0.001,185629,74,0.36,1480
0.44373950362205505,-19.84765795,2498,185959,116.64,0.06044437736272812,0.001,186060,74,0.38,1490
0.5466349124908447,-19.88088034,2511,187040,116.67,0.05971045419573784,0.001,187141,74,0.38,1500
0.5294317007064819,-18.587345640000002,2524,188130,108.41,0.07444654405117035,0.001,188231,74,0.4,1510
0.6487666368484497,-18.53518102,2544,189859,106.56,0.09550949931144714,0.001,189960,74,0.35,1520
0.8467028737068176,-18.185681680000002,2559,190599,103.75,0.05964338034391403,0.001,190700,74,0.34,1530
0.5319753289222717,-18.27635522,2577,192135,102.97,0.0769260972738266,0.001,192236,74,0.34,1540
0.712935745716095,-18.14566901,2590,193262,102.21,0.06678512692451477,0.001,193363,74,0.32,1550
0.5919346213340759,-18.9581525,2615,194954,111.71,0.07566776126623154,0.001,195055,74,0.3,1560
0.7203245759010315,-19.5932049,2631,196341,119.81,0.12584079802036285,0.001,196442,74,0.31,1570
0.42116886377334595,-19.22515763,2640,197122,115.94,0.0973866730928421,0.001,197223,74,0.3,1580
0.4399861991405487,-22.2400447,2683,199937,139.78,0.037862665951251984,0.001,200038,74,0.3,1590
0.4121592044830322,-22.117969819999995,2693,200789,137.49,0.08051445335149765,0.001,200890,74,0.3,1600
0.4278148412704468,-21.687214230000006,2702,201569,134.39,0.0517897829413414,0.001,201670,74,0.31,1610
0.4160810708999634,-21.028862129999997,2718,202864,130.05,0.0901896208524704,0.001,202965,74,0.31,1620
0.39006370306015015,-21.45743662,2734,204180,135.81,0.10613913834095001,0.001,204281,74,0.32,1630
0.2023671567440033,-21.223592699999994,2763,206180,140.45,0.07189298421144485,0.001,206281,74,0.3,1640
0.12831823527812958,-21.657495370000003,2782,207750,144.88,0.07142999023199081,0.001,207851,74,0.3,1650
0.34509700536727905,-20.53328804,2789,208303,133.49,0.06419941782951355,0.001,208404,74,0.33,1660
0.7050517797470093,-20.457654090000002,2806,209723,133.82,0.10166779160499573,0.001,209824,74,0.31,1670
0.3846145272254944,-20.444310799999997,2827,211009,138.87,0.09497882425785065,0.001,211110,74,0.34,1680
0.5294979214668274,-19.619217059999997,2856,213528,135.91,0.05104314535856247,0.001,213629,74,0.32,1690
0.809430718421936,-20.148408019999998,2880,214916,141.27,0.08332636952400208,0.001,215017,74,0.3,1700
0.6828383803367615,-20.75749331,2892,215912,143.43,0.04519015550613403,0.001,216013,74,0.29,1710
0.49347057938575745,-20.54983064,2902,216791,139.27,0.06112589314579964,0.001,216892,74,0.3,1720
0.7186241149902344,-20.310062329999997,2910,217478,132.98,0.050397634506225586,0.001,217579,74,0.3,1730
0.7721983194351196,-20.256108089999998,2928,219002,128.22,0.08843319863080978,0.001,219103,74,0.32,1740
0.4947253465652466,-19.829238810000003,2949,220071,123.21,0.06379535794258118,0.001,220172,74,0.34,1750
0.599925696849823,-20.440248649999997,2962,221196,128.93,0.08517415821552277,0.001,221297,74,0.3,1760
0.6064651012420654,-21.221609969999996,2984,223168,134.45,0.050685979425907135,0.001,223269,74,0.3,1770
0.847787618637085,-22.6445552,3020,225601,145.92,0.07062683999538422,0.001,225702,74,0.28,1780
0.9065428376197815,-21.879462439999998,3041,227444,139.16,0.04419901594519615,0.001,227545,74,0.3,1790
0.8204644322395325,-21.31547366,3053,228463,135.47,0.039268266409635544,0.001,228564,74,0.32,1800
0.604148268699646,-20.61624042,3060,229024,131.12,0.1989816576242447,0.001,229125,74,0.31,1810
1.035890817642212,-20.660765660000003,3079,230193,134.02,0.08209387958049774,0.001,230294,74,0.34,1820
1.030548095703125,-21.241617579999996,3092,231307,138.29,0.057514071464538574,0.001,231408,74,0.32,1830
0.8861404657363892,-20.509639269999997,3105,232420,134.18,0.06873120367527008,0.001,232521,74,0.31,1840
0.8983300924301147,-20.045652129999997,3111,232962,128.91,0.04572082310914993,0.001,233063,74,0.31,1850
1.060614824295044,-20.54147194,3129,234428,132.32,0.05394638702273369,0.001,234529,74,0.36,1860
0.5647381544113159,-20.270431340000002,3156,236420,132.52,0.05910469591617584,0.001,236521,74,0.4,1870
0.8476889133453369,-19.5688192,3173,237842,122.41,0.06273838132619858,0.001,237943,74,0.39,1880
0.9627703428268433,-19.272738,3191,239384,119.4,0.05273249000310898,0.001,239485,75,0.37,1890
0.8133804798126221,-19.25784578,3212,240423,119.6,0.07685281336307526,0.001,240524,74,0.37,1900
0.8546006679534912,-19.478875440000003,3221,241149,121.25,0.058565933257341385,0.001,241250,74,0.39,1910
0.8977365493774414,-19.8628516,3240,242812,126.19,0.19829592108726501,0.001,242913,74,0.37,1920
0.9271062016487122,-19.667488750000004,3254,244007,127.0,0.05789071321487427,0.001,244108,75,0.39,1930
0.9371131658554077,-19.721277080000004,3262,244726,123.06,0.05427086353302002,0.001,244827,75,0.38,1940
0.7727557420730591,-21.284975190000004,3292,246649,136.87,0.04320008307695389,0.001,246750,74,0.35,1950
1.0667763948440552,-21.400242979999998,3316,248585,141.57,0.043914634734392166,0.001,248686,74,0.32,1960
1.0434331893920898,-22.636620469999997,3357,251317,148.97,0.06048070266842842,0.001,251418,74,0.31,1970
1.1064013242721558,-23.09098484,3376,252914,150.72,0.06630612909793854,0.001,253015,74,0.34,1980
0.8266321420669556,-23.361882229999996,3391,254138,147.54,0.039797343313694,0.001,254239,74,0.37,1990
1.0258262157440186,-23.78177211,3411,255488,150.65,0.07522082328796387,0.001,255589,74,0.38,2000
1.3399662971496582,-24.837281899999997,3429,256963,158.14,0.07027839124202728,0.001,257064,74,0.38,2010
1.1140179634094238,-25.209841710000006,3454,259079,162.67,0.06267158687114716,0.001,259180,75,0.4,2020
0.9187182784080505,-25.184038190000006,3478,260126,161.19,0.05496994033455849,0.001,260227,74,0.39,2030
0.8990250825881958,-25.81389181,3496,261645,169.19,0.08897820860147476,0.001,261746,74,0.4,2040
0.9709498286247253,-24.516670970000003,3508,262613,159.64,0.03966405615210533,0.001,262714,74,0.42,2050
0.9737244844436646,-23.765963659999997,3520,263656,150.71,0.04120901599526405,0.001,263757,74,0.46,2060
1.203155279159546,-21.888455490000002,3534,264776,134.59,0.07914222776889801,0.001,264877,74,0.44,2070
0.9630663394927979,-20.679898180000006,3551,265854,129.4,0.0679793432354927,0.001,265955,74,0.43,2080
0.9511181116104126,-19.74924111,3564,266942,128.04,0.04441814869642258,0.001,267043,74,0.46,2090
0.88848876953125,-19.737888719999997,3581,268418,129.3,0.041344478726387024,0.001,268519,74,0.45,2100
1.069171667098999,-19.54307229,3605,269939,129.76,0.031324923038482666,0.001,270040,74,0.43,2110
0.9864997267723083,-19.11717642,3625,271706,126.27,0.06474569439888,0.001,271807,74,0.41,2120
1.0041587352752686,-19.50678076,3644,273285,131.59,0.0694449245929718,0.001,273386,75,0.41,2130
1.0049312114715576,-19.40969244,3668,274901,132.56,0.10268338769674301,0.001,275002,74,0.41,2140
1.192183017730713,-19.80845735,3681,276086,134.73,0.08395960927009583,0.001,276187,75,0.43,2150
1.1359872817993164,-20.04546284,3695,277283,136.27,0.06934031844139099,0.001,277384,75,0.38,2160
1.294128179550171,-20.27554973,3707,278259,134.83,0.0885200947523117,0.001,278360,75,0.39,2170
1.1575274467468262,-21.00201437,3725,279794,139.4,0.049016036093235016,0.001,279895,75,0.41,2180
1.0440666675567627,-21.154561430000005,3745,281134,141.92,0.08412596583366394,0.001,281235,75,0.34,2190
1.2893929481506348,-21.637192680000002,3774,283498,150.8,0.1378929167985916,0.001,283599,75,0.33,2200
1.0741455554962158,-22.115447709999998,3800,285047,151.08,0.06846051663160324,0.001,285148,75,0.36,2210
1.0895119905471802,-21.64592422,3814,286313,146.07,0.08439398556947708,0.001,286414,75,0.37,2220
1.2173460721969604,-21.41665707,3831,287803,145.18,0.10454472154378891,0.001,287904,75,0.4,2230
1.2056515216827393,-20.811606480000002,3843,288804,139.03,0.04814478009939194,0.001,288905,75,0.38,2240
1.0936737060546875,-21.214478809999996,3870,290778,146.92,0.06751208007335663,0.001,290879,75,0.34,2250
1.0494669675827026,-21.47620887,3887,292218,149.35,0.1305893063545227,0.001,292319,75,0.37,2260
0.9603859782218933,-21.163750229999994,3896,293028,147.69,0.09164796024560928,0.001,293129,75,0.37,2270
1.2903319597244263,-20.26987749,3905,293802,140.08,0.05529509112238884,0.001,293903,75,0.37,2280
1.014816164970398,-20.26828891,3927,294920,137.86,0.04940725117921829,0.001,295021,75,0.43,2290
1.037147045135498,-20.506137329999998,3943,296340,128.42,0.1110222339630127,0.001,296441,75,0.42,2300
1.0128306150436401,-19.28551548,3952,297057,120.1,0.0531601719558239,0.001,297158,75,0.41,2310
1.0156254768371582,-19.6766635,3969,298504,121.91,0.11120134592056274,0.001,298605,75,0.42,2320
0.7962362766265869,-19.50055603,3982,299648,118.45,0.08266700804233551,0.001,299749,75,0.37,2330
0.8033823370933533,-19.653791889999997,3996,300349,115.45,0.0423213392496109,0.001,300450,75,0.41,2340
0.949181079864502,-20.81928905,4023,302596,118.18,0.11771256476640701,0.001,302697,75,0.43,2350
1.0008866786956787,-20.84317258,4037,303756,115.38,0.048660121858119965,0.001,303857,75,0.43,2360
0.9059624671936035,-22.17114835,4070,305987,129.59,0.05071393772959709,0.001,306088,75,0.44,2370
0.915651798248291,-23.13397588,4093,308029,142.27,0.27605947852134705,0.001,308130,75,0.46,2380
0.7327020168304443,-23.13180132,4106,309076,141.56,0.11576779931783676,0.001,309177,75,0.4,2390
0.849174439907074,-22.070539800000002,4125,310089,137.49,0.1129126325249672,0.001,310190,75,0.43,2400
0.8988174200057983,-23.723290100000003,4154,312487,154.3,0.03945544362068176,0.001,312588,75,0.39,2410
1.0350041389465332,-23.924865360000002,4177,314411,159.07,0.04387948289513588,0.001,314512,75,0.38,2420
1.1023783683776855,-24.124344850000004,4207,316275,166.27,0.0597526878118515,0.001,316376,75,0.39,2430
1.159353494644165,-24.42290816,4224,317763,174.14,0.03388379514217377,0.001,317864,75,0.41,2440
1.144477128982544,-22.78809052,4236,318775,161.79,0.07786522805690765,0.001,318876,75,0.43,2450
1.6448450088500977,-22.71203717,4269,320706,169.5,0.1045941635966301,0.001,320807,75,0.41,2460
1.1925463676452637,-21.675668090000002,4287,322231,162.44,0.031497277319431305,0.001,322332,75,0.39,2470
1.1726422309875488,-20.99230542,4301,323314,152.85,0.09994221478700638,0.001,323415,75,0.35,2480
1.0145981311798096,-21.46825308,4316,324612,155.36,0.04859646409749985,0.001,324713,75,0.38,2490
1.4087839126586914,-21.715102990000002,4338,326120,160.31,0.05499006807804108,0.001,326221,75,0.42,2500
1.2071598768234253,-19.98969742,4346,326783,142.96,0.038407035171985626,0.001,326884,75,0.48,2510
1.191098690032959,-19.623151080000003,4364,328301,138.9,0.03927885740995407,0.001,328402,75,0.5,2520
1.2399848699569702,-19.28408681,4375,329260,129.85,0.0644230768084526,0.001,329361,75,0.54,2530
1.110013484954834,-19.675787290000002,4404,330933,131.7,0.04162978380918503,0.001,331034,75,0.5,2540
1.1434035301208496,-19.49388469,4417,332040,132.65,0.03983405977487564,0.001,332141,75,0.51,2550
1.2154163122177124,-19.582402130000002,4433,333435,127.29,0.2297191619873047,0.001,333536,75,0.53,2560
1.3534367084503174,-19.79655615,4460,335044,128.13,0.05465588718652725,0.001,335145,75,0.56,2570
1.1211507320404053,-20.45277647,4479,336635,133.21,0.03807511180639267,0.001,336736,75,0.61,2580
1.2795273065567017,-20.966658279999997,4502,338625,140.13,0.049313828349113464,0.001,338726,75,0.63,2590
1.0875167846679688,-20.863347129999998,4529,340124,140.04,0.11070860922336578,0.001,340225,75,0.63,2600
1.0131829977035522,-21.566249350000007,4548,341760,149.77,0.04633364826440811,0.001,341861,75,0.62,2610
1.080011248588562,-22.68804349,4576,344215,159.14,0.12902230024337769,0.001,344316,75,0.59,2620
1.0896942615509033,-23.467373549999998,4608,346200,169.4,0.11136466264724731,0.001,346301,75,0.53,2630
1.0548927783966064,-23.36024539,4625,347611,166.78,0.04785020276904106,0.001,347712,75,0.54,2640
1.2918956279754639,-23.887999599999997,4647,349447,174.07,0.07779958844184875,0.001,349548,75,0.54,2650
1.0371825695037842,-23.75935481,4676,351045,176.1,0.09175886958837509,0.001,351146,75,0.53,2660
0.9711650013923645,-23.635644000000003,4691,352341,172.97,0.02554546855390072,0.001,352442,75,0.54,2670
1.0674282312393188,-22.61141292,4702,353264,166.29,0.07435465604066849,0.001,353365,75,0.54,2680
1.191352128982544,-22.774856430000003,4734,355258,166.33,0.040382515639066696,0.001,355359,75,0.51,2690
0.8391040563583374,-23.133181280000002,4754,356901,167.77,0.08171936124563217,0.001,357002,75,0.47,2700
1.2732436656951904,-22.91821647,4770,358294,165.34,0.05145440995693207,0.001,358395,75,0.47,2710
1.3014092445373535,-22.122246310000005,4796,359908,156.93,0.1048172265291214,0.001,360009,75,0.49,2720
1.550028920173645,-21.956469419999998,4815,361617,154.17,0.028499748557806015,0.001,361718,75,0.53,2730
0.9647413492202759,-22.12903152,4835,363264,156.53,0.04521492123603821,0.001,363365,75,0.52,2740
1.0749002695083618,-22.08179209,4852,364730,152.83,0.08200440555810928,0.001,364831,75,0.51,2750
1.4842908382415771,-23.319451110000003,4880,366712,156.67,0.07320131361484528,0.001,366813,75,0.51,2760
1.153855562210083,-23.509579560000002,4899,368234,158.93,0.045620981603860855,0.001,368335,75,0.51,2770
1.128955602645874,-23.948854500000003,4915,369574,163.1,0.04590723663568497,0.001,369675,75,0.45,2780
1.128430962562561,-22.19096829,4930,370095,148.37,0.028065379709005356,0.001,370196,75,0.51,2790
1.2380666732788086,-21.696974540000006,4942,371043,141.42,0.07558145374059677,0.001,371144,75,0.53,2800
1.2227153778076172,-21.374187619999997,4957,372313,140.19,0.05311046540737152,0.001,372414,75,0.53,2810
1.258311152458191,-20.710362760000002,4970,373392,134.84,0.043716657906770706,0.001,373493,75,0.53,2820
1.4311978816986084,-20.119819749999998,4983,374486,128.69,0.033190637826919556,0.001,374587,75,0.55,2830
1.104689598083496,-19.64012705,5005,375749,124.85,0.040922824293375015,0.001,375850,75,0.59,2840
1.1574313640594482,-19.69910351,5022,377141,124.11,0.06867556273937225,0.001,377242,75,0.58,2850
1.1987886428833008,-18.624984370000004,5044,378963,122.51,0.03284866362810135,0.001,379064,75,0.57,2860
1.0968410968780518,-17.57022832,5051,379557,113.23,0.0421835333108902,0.001,379658,75,0.56,2870
1.4466052055358887,-17.482022819999997,5071,380848,112.74,0.031782105565071106,0.001,380949,75,0.61,2880
1.3301222324371338,-18.591081289999998,5089,382330,122.35,0.03969939798116684,0.001,382431,75,0.57,2890
1.2462477684020996,-18.38337142,5101,383363,123.2,0.05613740533590317,0.001,383464,75,0.58,2900
1.1908291578292847,-18.327991129999997,5114,384438,121.25,0.03165388107299805,0.001,384539,75,0.55,2910
1.4074252843856812,-21.15832781,5163,387468,140.76,0.04376143962144852,0.001,387569,75,0.52,2920
1.2448776960372925,-21.4247764,5184,389238,147.52,0.03343825414776802,0.001,389339,75,0.5,2930
1.2172985076904297,-23.273998689999996,5216,391396,156.47,0.03905336558818817,0.001,391497,75,0.46,2940
1.2261569499969482,-22.82437006,5230,392545,154.04,0.04034788906574249,0.001,392646,75,0.46,2950
1.1565190553665161,-24.04296947,5242,393556,145.93,0.043069686740636826,0.001,393657,75,0.47,2960
1.2483670711517334,-25.389188240000003,5273,395652,160.95,0.05086434632539749,0.001,395753,75,0.46,2970
0.9898352026939392,-25.942750050000004,5294,397452,166.04,0.04533905163407326,0.001,397553,75,0.45,2980
1.430401086807251,-25.906163199999995,5318,399419,170.89,0.033581171184778214,0.001,399520,75,0.45,2990
1.2792315483093262,-26.494335690000003,5341,400990,176.27,0.06587255001068115,0.001,401091,75,0.45,3000
1.1447429656982422,-27.04195488,5359,402522,180.84,0.05115619674324989,0.001,402623,75,0.48,3010
1.3624558448791504,-25.52838094,5387,404858,173.9,0.027184154838323593,0.001,404959,75,0.5,3020
1.339627981185913,-24.87335778999999,5401,405504,162.66,0.046616554260253906,0.001,405605,75,0.5,3030
1.3570252656936646,-23.763984880000002,5423,407459,160.63,0.0611833781003952,0.001,407560,75,0.52,3040
1.1494956016540527,-23.707218410000007,5437,408617,160.72,0.021686209365725517,0.001,408718,75,0.51,3050
1.3269692659378052,-22.729708679999998,5472,410911,173.55,0.03955893963575363,0.001,411012,75,0.49,3060
1.415124535560608,-22.431216909999993,5494,412699,170.47,0.05513688549399376,0.001,412800,75,0.5,3070
1.3946799039840698,-21.931587070000006,5514,414353,169.01,0.10289723426103592,0.001,414454,75,0.5,3080
1.458227515220642,-21.57100875,5537,415525,161.06,0.05071272328495979,0.001,415626,75,0.51,3090
1.3866243362426758,-20.707778259999994,5544,416165,151.75,0.03947718068957329,0.001,416266,75,0.5,3100
1.408947467803955,-20.61474879,5560,417463,149.41,0.04350265860557556,0.001,417564,75,0.49,3110
1.211907148361206,-18.97130082,5568,418184,133.26,0.07820634543895721,0.001,418285,75,0.53,3120
1.4130998849868774,-20.410135159999996,5599,420227,147.23,0.049039363861083984,0.001,420328,75,0.53,3130
1.620039939880371,-19.26642613,5612,421292,138.33,0.03779694437980652,0.001,421393,75,0.52,3140
1.2195227146148682,-19.676264759999995,5629,422768,141.51,0.05134797468781471,0.001,422869,75,0.55,3150
1.120444655418396,-20.08844083,5665,425113,142.02,0.04686882346868515,0.001,425214,75,0.57,3160
1.2029833793640137,-19.36826008,5678,426197,134.98,0.04269623011350632,0.001,426298,75,0.56,3170
1.4726052284240723,-19.411026709999998,5692,427380,130.27,0.11012923717498779,0.001,427481,75,0.55,3180
1.215817928314209,-19.039918290000006,5704,428439,129.14,0.04731433838605881,0.001,428540,75,0.56,3190
1.2518559694290161,-19.878000180000004,5718,429706,135.41,0.05490715801715851,0.001,429807,75,0.56,3200
1.52028226852417,-20.53563174,5747,431681,142.18,0.09673844277858734,0.001,431782,75,0.55,3210
1.4088084697723389,-21.628532080000003,5763,433075,148.91,0.05305256322026253,0.001,433176,75,0.55,3220
1.2482366561889648,-20.95190134,5779,434397,141.7,0.08685913681983948,0.001,434498,75,0.57,3230
1.2219016551971436,-22.26192207,5809,436359,150.67,0.027045363560318947,0.001,436460,75,0.56,3240
1.3014631271362305,-22.126563309999998,5826,437851,150.83,0.06748003512620926,0.001,437952,75,0.57,3250
1.123305320739746,-21.48918302,5847,439519,144.06,0.03960592672228813,0.001,439620,75,0.59,3260
1.228674054145813,-22.81124926,5877,441543,153.46,0.05849083140492439,0.001,441644,75,0.57,3270
1.0026651620864868,-23.05514164,5896,443215,158.35,0.046937961131334305,0.001,443316,75,0.59,3280
1.0416395664215088,-23.23115290999999,5908,444232,157.93,0.07544372975826263,0.001,444333,75,0.58,3290
1.2039519548416138,-24.079402109999997,5941,446336,166.3,0.05151144042611122,0.001,446437,75,0.54,3300
1.1289644241333008,-23.083929839999996,5953,447433,157.52,0.04991019889712334,0.001,447534,75,0.58,3310
1.1089506149291992,-22.76821727,5973,449107,160.32,0.05679817870259285,0.001,449208,75,0.58,3320
1.214362382888794,-23.487983059999998,6012,451886,174.89,0.08042135089635849,0.001,451987,75,0.55,3330
1.2997804880142212,-22.373698320000003,6021,452667,163.08,0.10590174794197083,0.001,452768,75,0.56,3340
1.395544171333313,-21.722594849999997,6031,453473,156.22,0.06803589314222336,0.001,453574,75,0.55,3350
1.3778886795043945,-23.130948519999993,6073,456579,170.6,0.0655725821852684,0.001,456680,75,0.53,3360
1.2419371604919434,-22.218269010000004,6087,457765,162.22,0.07378847151994705,0.001,457866,75,0.55,3370
1.4082804918289185,-22.749777530000003,6111,459720,165.05,0.16450665891170502,0.001,459821,75,0.53,3380
1.0183892250061035,-22.960927229999996,6136,461006,167.74,0.0684654712677002,0.001,461107,75,0.54,3390
1.0910444259643555,-22.06235144,6150,462197,158.61,0.05260983854532242,0.001,462298,75,0.57,3400
1.235119342803955,-22.69341003,6173,464148,167.15,0.05611799657344818,0.001,464249,75,0.54,3410
1.2328219413757324,-22.354914450000003,6195,465529,164.22,0.08871057629585266,0.001,465630,75,0.5,3420
1.179802417755127,-21.406121910000003,6209,466686,148.0,0.03270959481596947,0.001,466787,75,0.49,3430
1.1545337438583374,-21.58617591,6224,467900,152.33,0.053404878824949265,0.001,468001,75,0.51,3440
1.1005572080612183,-22.234566299999997,6239,469140,156.67,0.03390607237815857,0.001,469241,75,0.48,3450
1.3172154426574707,-20.53054146,6261,470525,139.46,0.04597119241952896,0.001,470626,75,0.51,3460
1.0492072105407715,-20.751362999999998,6279,472088,143.23,0.04901476204395294,0.001,472189,75,0.52,3470
1.3962397575378418,-20.728016330000006,6297,473645,139.25,0.10563716292381287,0.001,473746,75,0.52,3480
1.055536150932312,-21.234835009999998,6321,475163,141.57,0.043312087655067444,0.001,475264,75,0.49,3490
1.1802186965942383,-22.063904219999994,6341,476866,146.69,0.08649589121341705,0.001,476967,75,0.51,3500
1.2396564483642578,-22.036194799999997,6361,478490,143.42,0.035351529717445374,0.001,478591,75,0.53,3510
1.316226601600647,-22.598930750000005,6385,479906,143.77,0.05636410415172577,0.001,480007,75,0.52,3520
1.2335625886917114,-22.574141730000004,6401,481251,145.65,0.10911776125431061,0.001,481352,75,0.57,3530
1.0992497205734253,-23.370827739999996,6425,483374,154.74,0.0509190671145916,0.001,483475,75,0.55,3540
1.1298943758010864,-23.36281272,6441,484775,156.35,0.04076557978987694,0.001,484876,75,0.54,3550
1.144848108291626,-24.233685230000003,6466,486188,156.63,0.04973670840263367,0.001,486289,75,0.52,3560
0.9754228591918945,-23.963154990000003,6482,487519,154.31,0.07177595049142838,0.001,487620,75,0.51,3570
1.281970500946045,-23.001742310000004,6496,488709,150.64,0.08095495402812958,0.001,488810,75,0.53,3580
1.2754204273223877,-24.15296621,6524,490483,153.2,0.03384548798203468,0.001,490584,75,0.55,3590
1.2262316942214966,-23.122368969999997,6538,491755,148.89,0.05846936255693436,0.001,491856,75,0.57,3600
1.1095083951950073,-24.792587299999994,6582,494906,164.16,0.04279490187764168,0.001,495007,75,0.54,3610
1.1531370878219604,-25.18601804,6600,496490,165.84,0.14301365613937378,0.001,496591,75,0.55,3620
1.2540968656539917,-25.87942381,6621,498274,170.23,0.045862410217523575,0.001,498375,75,0.51,3630
0.9376438856124878,-26.21996893,6656,500580,172.06,0.04603429138660431,0.001,500681,75,0.51,3640
1.3426449298858643,-26.327673069999992,6676,502244,174.69,0.04636520892381668,0.001,502345,75,0.56,3650
1.2026314735412598,-25.981874939999997,6697,504002,178.14,0.037395358085632324,0.001,504103,75,0.57,3660
1.6314036846160889,-25.67648904,6713,504906,173.87,0.06210236996412277,0.001,505007,75,0.57,3670
1.3360214233398438,-25.96774411,6733,506615,179.06,0.10045892000198364,0.001,506716,75,0.54,3680
1.2317956686019897,-23.8135743,6741,507300,168.17,0.04364517703652382,0.001,507401,75,0.54,3690
1.2556109428405762,-23.592435880000004,6753,508371,166.16,0.03400077298283577,0.001,508472,75,0.5,3700
1.2016838788986206,-21.561626400000005,6768,509621,147.15,0.039880454540252686,0.001,509722,75,0.55,3710
1.2094093561172485,-21.052163600000004,6796,511435,149.45,0.04862477630376816,0.001,511536,75,0.56,3720
1.294640302658081,-19.9190749,6806,512223,139.49,0.028141435235738754,0.001,512324,75,0.59,3730
1.3203082084655762,-19.008069850000002,6824,513683,131.03,0.1305602788925171,0.001,513784,75,0.6,3740
1.2952184677124023,-18.260931409999998,6832,514391,121.47,0.0343615859746933,0.001,514492,75,0.58,3750
1.1984233856201172,-17.492796730000002,6854,515620,116.18,0.03880514204502106,0.001,515721,75,0.6,3760
1.2356067895889282,-17.103140249999996,6863,516393,114.87,0.06004275381565094,0.001,516494,75,0.63,3770
1.2225024700164795,-16.394793110000002,6872,517108,104.93,0.050984710454940796,0.001,517209,75,0.68,3780
1.1944645643234253,-17.02148189,6889,518517,112.17,0.04986891150474548,0.001,518618,75,0.69,3790
1.330320119857788,-17.38135664,6916,520092,117.21,0.04595165699720383,0.001,520193,75,0.71,3800
1.3419663906097412,-16.924265990000002,6928,521077,114.56,0.060210660099983215,0.001,521178,75,0.71,3810
1.4490467309951782,-16.6402962,6945,522517,110.82,0.03301866725087166,0.001,522618,75,0.72,3820
1.1884393692016602,-16.43327847,6951,523018,107.95,0.04739801585674286,0.001,523119,75,0.72,3830
1.2907285690307617,-16.71499368,6972,524711,110.28,0.05119229108095169,0.001,524812,75,0.73,3840
1.303275227546692,-17.54490594,6999,526538,121.47,0.049772538244724274,0.001,526639,75,0.73,3850
1.3310927152633667,-17.07799461,7012,527618,119.98,0.03518253564834595,0.001,527719,75,0.73,3860
1.1980936527252197,-17.970342900000002,7031,529276,128.83,0.08004948496818542,0.001,529377,75,0.73,3870
1.4248974323272705,-18.34114387,7050,530254,131.46,0.07380861788988113,0.001,530355,75,0.73,3880
1.416698932647705,-19.45673241,7076,532556,140.39,0.060904160141944885,0.001,532657,75,0.71,3890
1.4289995431900024,-19.42811581,7088,533541,134.49,0.029410965740680695,0.001,533642,75,0.7,3900
1.2185227870941162,-19.03462995,7095,534118,130.41,0.03579656779766083,0.001,534219,75,0.7,3910
1.1580723524093628,-18.401111120000003,7103,534817,123.0,0.11688225716352463,0.001,534918,75,0.7,3920
1.1925852298736572,-19.25459006,7128,536274,132.56,0.03317422419786453,0.001,536375,75,0.67,3930
1.131300687789917,-17.988040559999998,7134,536803,120.92,0.03977607935667038,0.001,536904,75,0.65,3940
1.4508237838745117,-17.61627983,7153,538381,118.43,0.08779476583003998,0.001,538482,75,0.64,3950
1.1635007858276367,-17.53560904,7160,538978,113.6,0.034656450152397156,0.001,539079,75,0.64,3960
1.1991260051727295,-16.918045460000002,7171,539832,105.56,0.03629022836685181,0.001,539933,75,0.66,3970
1.3389415740966797,-17.10583844,7196,541335,110.81,0.03160806745290756,0.001,541436,75,0.62,3980
1.190288782119751,-17.276333320000003,7221,543390,108.34,0.054480284452438354,0.001,543491,75,0.62,3990
1.2681875228881836,-16.704834050000002,7231,544266,107.25,0.12141378968954086,0.001,544367,75,0.64,4000
1.3514126539230347,-17.94827855,7259,546145,120.27,0.04171140491962433,0.001,546246,75,0.64,4010
1.1255700588226318,-19.01040998,7280,547840,130.23,0.031164443120360374,0.001,547941,75,0.62,4020
1.307408094406128,-19.043501860000003,7301,549561,132.87,0.19124358892440796,0.001,549662,75,0.65,4030
1.2499797344207764,-19.5054534,7317,550493,136.9,0.03837521746754646,0.001,550594,75,0.69,4040
1.4335267543792725,-19.88745775,7339,552359,139.78,0.10330083221197128,0.001,552460,75,0.71,4050
0.9549240469932556,-21.419045250000003,7362,554339,153.61,0.04714256152510643,0.001,554440,75,0.69,4060
1.416335940361023,-22.859484860000002,7393,556359,165.27,0.05194544419646263,0.001,556460,75,0.62,4070
1.3903703689575195,-22.302615049999996,7401,557046,157.11,0.03254710137844086,0.001,557147,75,0.64,4080
1.381814956665039,-20.60179501,7411,557929,145.39,0.03917451947927475,0.001,558030,75,0.66,4090
1.4584345817565918,-21.233655829999996,7425,559143,148.77,0.06338831782341003,0.001,559244,75,0.66,4100
1.3338242769241333,-19.91456467,7431,559623,134.78,0.027959341183304787,0.001,559724,75,0.66,4110
1.448175072669983,-19.16904864,7446,560490,126.5,0.04710887372493744,0.001,560591,75,0.69,4120
1.3241140842437744,-18.577120380000004,7459,561552,119.91,0.041177213191986084,0.001,561653,75,0.69,4130
1.230280876159668,-18.162431549999994,7466,562130,116.37,0.03231806680560112,0.001,562231,75,0.7,4140
1.1733415126800537,-17.56297148,7480,563303,109.44,0.0800185576081276,0.001,563404,75,0.69,4150
1.3471746444702148,-16.147181620000005,7487,563909,95.7,0.027062395587563515,0.001,564010,75,0.68,4160
1.2918322086334229,-14.459577380000002,7496,564586,82.27,0.04068974778056145,0.001,564687,75,0.72,4170
1.1149156093597412,-14.331204229999999,7507,565070,80.24,0.06304411590099335,0.001,565171,75,0.68,4180
1.3617031574249268,-14.043480539999997,7513,565629,77.0,0.03034890443086624,0.001,565730,75,0.69,4190
1.5368046760559082,-13.154507600000002,7521,566266,71.23,0.036603085696697235,0.001,566367,75,0.68,4200
1.2825325727462769,-13.899538150000001,7535,567434,78.11,0.03852512687444687,0.001,567535,75,0.67,4210
1.2938337326049805,-13.57990991,7546,568351,78.61,0.040647998452186584,0.001,568452,75,0.68,4220
1.4343284368515015,-13.24686139,7554,568986,74.34,0.03498779237270355,0.001,569087,75,0.69,4230
1.394268274307251,-14.511401719999999,7581,570924,87.94,0.04999163746833801,0.001,571025,75,0.67,4240
1.4248731136322021,-14.688482940000002,7598,572327,90.24,0.03730606287717819,0.001,572428,75,0.66,4250
1.4603588581085205,-14.99824296,7610,573338,94.29,0.021676059812307358,0.001,573439,75,0.67,4260
1.4134232997894287,-14.886008970000002,7616,573887,93.01,0.04346838966012001,0.001,573988,75,0.69,4270
1.484440803527832,-14.654852980000001,7624,574515,94.45,0.030853820964694023,0.001,574616,75,0.72,4280
1.4258131980895996,-14.957922529999998,7638,575329,97.0,0.04314239323139191,0.001,575430,75,0.69,4290
1.443760633468628,-15.598475939999998,7654,576683,104.17,0.044094786047935486,0.001,576784,75,0.69,4300
1.514053225517273,-15.39999434,7665,577667,102.33,0.04288536310195923,0.001,577768,75,0.71,4310
1.3934645652770996,-15.57781347,7673,578320,99.69,0.10674996674060822,0.001,578421,75,0.72,4320
1.657474160194397,-15.796621309999999,7681,579004,100.18,0.03899364545941353,0.001,579105,75,0.71,4330
1.4813475608825684,-16.456238039999995,7703,580673,97.49,0.03867263346910477,0.001,580774,75,0.7,4340
1.4508860111236572,-16.175662669999998,7712,581455,91.28,0.03707566857337952,0.001,581556,75,0.71,4350
1.1703860759735107,-16.507587939999997,7725,582477,91.39,0.05307478457689285,0.001,582578,75,0.72,4360
1.4590084552764893,-16.909136220000004,7737,583484,95.97,0.1561809778213501,0.001,583585,75,0.69,4370
1.659684419631958,-17.18524421,7743,584032,95.17,0.23133133351802826,0.001,584133,75,0.72,4380
1.4243292808532715,-17.17925481,7763,585038,97.09,0.038640208542346954,0.001,585139,75,0.72,4390
1.2211756706237793,-16.87865238,7775,586081,93.98,0.07047474384307861,0.001,586182,75,0.72,4400
1.263330340385437,-16.653697970000003,7782,586720,90.53,0.0554027184844017,0.001,586821,75,0.71,4410
1.4686486721038818,-16.765181509999998,7796,587828,95.08,0.03482244536280632,0.001,587929,75,0.67,4420
1.264591932296753,-16.91438845,7805,588569,95.65,0.04673066735267639,0.001,588670,75,0.67,4430
1.3790268898010254,-15.317572599999998,7815,589407,87.34,0.10010449588298798,0.001,589508,75,0.69,4440
1.694645643234253,-14.96953612,7827,590025,85.7,1.248037576675415,0.001,590126,75,0.7,4450
1.349513053894043,-14.34872863,7836,590748,82.71,0.03370862454175949,0.001,590849,75,0.71,4460
1.2745490074157715,-14.08535989,7843,591360,78.76,0.04048749804496765,0.001,591461,75,0.69,4470
1.1627684831619263,-14.53888816,7857,592515,84.83,0.04650295525789261,0.001,592616,75,0.66,4480
1.2850524187088013,-15.0385023,7871,593609,85.71,0.06000237911939621,0.001,593710,75,0.66,4490
1.4955871105194092,-14.972156029999999,7885,594750,86.69,0.052169255912303925,0.001,594851,75,0.68,4500
1.3604521751403809,-16.07852865,7910,596528,98.08,0.10462695360183716,0.001,596629,75,0.67,4510
1.2878239154815674,-17.892067240000003,7934,598642,108.14,0.10179093480110168,0.001,598743,75,0.65,4520
1.052528977394104,-19.666356269999998,7972,600776,122.07,0.05687154084444046,0.001,600877,75,0.63,4530
0.958741307258606,-20.007702589999997,7982,601636,122.29,0.05261697620153427,0.001,601737,75,0.6,4540
1.0144493579864502,-20.09855078,7991,602388,123.63,0.11329466849565506,0.001,602489,75,0.6,4550
0.8451350331306458,-21.381005849999998,8006,603649,129.01,0.05868380516767502,0.001,603750,75,0.58,4560
1.3252520561218262,-21.646632780000004,8014,604383,130.23,0.047940000891685486,0.001,604484,75,0.6,4570
1.2395089864730835,-22.115672,8037,605738,132.23,0.06678169965744019,0.001,605839,75,0.58,4580
1.1973297595977783,-21.57275344,8045,606434,128.25,0.09301319718360901,0.001,606535,75,0.58,4590
1.1759265661239624,-23.757904590000003,8081,609377,146.27,0.055175863206386566,0.001,609478,75,0.52,4600
1.301969289779663,-24.113574120000006,8110,611129,146.01,0.06355294585227966,0.001,611230,75,0.49,4610
1.2565205097198486,-23.447513510000004,8134,613172,145.3,0.26422640681266785,0.001,613273,75,0.5,4620
1.0763840675354004,-23.28254018,8169,615339,145.63,0.05423455685377121,0.001,615440,75,0.5,4630
1.2183356285095215,-23.895136330000003,8185,616769,151.33,0.08024124056100845,0.001,616870,75,0.47,4640
1.5087838172912598,-25.26220058,8204,618320,159.32,0.03790049999952316,0.001,618421,75,0.45,4650
0.9385698437690735,-25.998181170000002,8236,620573,169.24,0.11236155033111572,0.001,620674,75,0.42,4660
1.0689719915390015,-26.923416780000007,8250,621844,174.61,0.060793109238147736,0.001,621945,75,0.41,4670
1.3445696830749512,-26.551986469999996,8266,623172,174.34,0.03587167337536812,0.001,623273,75,0.44,4680
1.3205502033233643,-26.68858883,8279,624177,177.43,0.1200396716594696,0.001,624278,75,0.47,4690
0.9780490398406982,-24.7438674,8295,624996,156.19,0.1255844682455063,0.001,625097,75,0.48,4700
1.4538626670837402,-24.096270680000003,8309,626149,150.2,0.07548210769891739,0.001,626250,75,0.45,4710
1.5084803104400635,-22.977543179999994,8320,627049,138.77,0.0913902297616005,0.001,627150,75,0.44,4720
1.2361526489257812,-22.266673,8334,628212,128.73,0.08277779072523117,0.001,628313,75,0.46,4730
1.3281962871551514,-21.339049069999998,8345,629159,123.9,0.047454673796892166,0.001,629260,75,0.5,4740
1.1520557403564453,-20.85882714,8368,630675,123.55,0.023785309866070747,0.001,630776,75,0.5,4750
1.208306074142456,-20.069080659999997,8389,632484,119.11,0.07504262030124664,0.001,632585,75,0.54,4760
1.269030213356018,-19.38153471,8403,633716,118.72,0.0322674885392189,0.001,633817,75,0.57,4770
1.2223625183105469,-19.11383749,8411,634341,111.69,0.11576057970523834,0.001,634442,75,0.56,4780
1.3264662027359009,-19.87234212,8433,635900,117.23,0.06679044663906097,0.001,636001,75,0.53,4790
1.0878016948699951,-20.1769322,8446,636964,119.68,0.029886897653341293,0.001,637065,75,0.54,4800
1.152680516242981,-21.300098489999996,8470,639041,128.92,0.07670682668685913,0.001,639142,75,0.58,4810
1.4163269996643066,-22.145078379999994,8504,640793,137.44,0.14305758476257324,0.001,640894,75,0.57,4820
1.1153970956802368,-22.738115309999998,8524,642444,142.32,0.034861113876104355,0.001,642545,75,0.54,4830
1.2157573699951172,-24.387073739999995,8548,644476,153.17,0.0699584037065506,0.001,644577,75,0.48,4840
1.370354175567627,-24.06180389,8566,645521,148.46,0.0775240883231163,0.001,645622,75,0.47,4850
1.0504629611968994,-23.92666014,8585,647138,146.54,0.04076592996716499,0.001,647239,75,0.45,4860
1.4608044624328613,-24.06729265,8600,648344,146.28,0.07169272005558014,0.001,648445,75,0.43,4870
1.1936583518981934,-23.97063823,8608,649029,146.88,0.04362791031599045,0.001,649130,75,0.43,4880
1.3482024669647217,-22.841464549999998,8617,649734,138.34,0.28494706749916077,0.001,649835,75,0.44,4890
1.2203302383422852,-23.34701317,8640,651267,143.03,0.023614853620529175,0.001,651368,75,0.41,4900
1.077268123626709,-22.111843439999994,8652,652306,132.65,0.03352724388241768,0.001,652407,75,0.39,4910
1.0744892358779907,-21.601215869999997,8668,653679,128.86,0.06200070679187775,0.001,653780,75,0.41,4920
1.17753005027771,-20.253502460000004,8679,654561,121.17,0.0489904060959816,0.001,654662,75,0.43,4930
1.2510700225830078,-18.96450076,8700,655869,113.93,0.05844996124505997,0.001,655970,75,0.48,4940
1.1575109958648682,-18.99559061,8717,657242,117.21,0.05935877561569214,0.001,657343,75,0.52,4950
1.3791661262512207,-18.116779779999998,8729,658261,111.23,0.09295295178890228,0.001,658362,75,0.53,4960
1.2668876647949219,-18.04023545,8745,659572,112.28,0.10395903885364532,0.001,659673,75,0.51,4970
1.4220616817474365,-18.19932798,8765,660518,114.89,0.10814935714006424,0.001,660619,75,0.51,4980
1.3423892259597778,-19.66967214,8788,662515,127.81,0.05113455653190613,0.001,662616,75,0.52,4990
1.1758116483688354,-18.79003546,8801,663632,123.65,0.07047534734010696,0.001,663733,75,0.57,5000
1.3626506328582764,-18.46244,8814,664717,124.11,0.08699040114879608,0.001,664818,75,0.61,5010
1.3121354579925537,-19.05745819,8846,666893,132.14,0.10146789252758026,0.001,666994,75,0.63,5020
1.2480921745300293,-19.548201300000002,8862,668331,137.7,0.06440863013267517,0.001,668432,75,0.64,5030
1.3394439220428467,-19.68452594,8880,669775,139.06,0.1772509664297104,0.001,669876,75,0.65,5040
1.1958742141723633,-19.809926200000003,8904,671208,139.66,0.11498133838176727,0.001,671309,75,0.66,5050
1.4288666248321533,-20.53097143,8927,673140,148.79,0.06758949160575867,0.001,673241,75,0.65,5060
1.1731377840042114,-20.622126070000004,8945,674626,150.54,0.05731070786714554,0.001,674727,75,0.67,5070
1.2198328971862793,-21.21175115,8970,676180,156.62,0.06990018486976624,0.001,676281,75,0.67,5080
1.3727636337280273,-20.1213082,8982,677185,146.7,0.2597600817680359,0.001,677286,75,0.67,5090
1.540365219116211,-20.58307219,8998,678619,149.87,0.18748585879802704,0.001,678720,75,0.67,5100
1.3465418815612793,-20.58083167,9013,679846,151.29,0.0915028303861618,0.001,679947,75,0.65,5110
1.0767693519592285,-20.785184,9038,681594,147.01,0.07814629375934601,0.001,681695,75,0.66,5120
1.3814705610275269,-20.148256179999997,9046,682318,139.87,0.20766736567020416,0.001,682419,75,0.63,5130
1.2883096933364868,-19.859998309999998,9056,683221,134.46,0.0738205537199974,0.001,683322,75,0.62,5140
1.1246070861816406,-20.42958431,9082,685040,138.32,0.07457519322633743,0.001,685141,75,0.59,5150
1.3208634853363037,-20.576068469999996,9096,686226,130.86,0.05132351443171501,0.001,686327,75,0.58,5160
1.2766505479812622,-20.678024479999998,9108,687273,126.47,0.1297246813774109,0.001,687374,75,0.57,5170
0.9943928718566895,-20.1798936,9119,688163,119.83,0.06990908831357956,0.001,688264,75,0.57,5180
1.4255576133728027,-21.384799360000002,9152,690568,133.83,0.08210868388414383,0.001,690669,75,0.55,5190
1.1648240089416504,-21.208335420000004,9169,691981,133.62,0.06035284698009491,0.001,692082,75,0.55,5200
1.022242546081543,-21.331464830000005,9186,693472,136.26,0.050635792315006256,0.001,693573,75,0.57,5210
1.1503872871398926,-20.464785510000002,9200,694563,129.69,0.24158504605293274,0.001,694664,75,0.57,5220
1.0724964141845703,-21.12808352,9228,696395,140.77,0.05664683133363724,0.001,696496,75,0.6,5230
1.1915357112884521,-21.632531250000003,9247,698023,148.02,0.055546119809150696,0.001,698124,75,0.58,5240
1.2011018991470337,-20.91206017,9263,699378,143.38,0.08149591088294983,0.001,699479,75,0.57,5250
1.2910175323486328,-20.10857561,9284,700550,143.24,0.06349027156829834,0.001,700651,75,0.6,5260
1.3706202507019043,-19.711082819999998,9295,701527,142.54,0.15082082152366638,0.001,701628,75,0.63,5270
1.2017157077789307,-19.983018219999998,9310,702841,146.78,0.03894755244255066,0.001,702942,75,0.65,5280
1.085350751876831,-19.016215700000004,9330,704475,139.07,0.08400696516036987,0.001,704576,75,0.65,5290
1.1037068367004395,-18.74402589,9345,705430,134.49,0.09233725816011429,0.001,705531,75,0.65,5300
1.3546502590179443,-18.56754903,9358,706528,130.56,0.08099262416362762,0.001,706629,75,0.65,5310
1.3794760704040527,-19.88868823,9385,708857,142.94,0.051896754652261734,0.001,708958,75,0.62,5320
1.26547110080719,-20.75278914,9416,711111,147.16,0.03232709318399429,0.001,711212,75,0.58,5330
1.30022394657135,-21.005669080000004,9437,712832,148.09,0.02751198038458824,0.001,712933,75,0.6,5340
1.159986972808838,-21.78633567,9456,714417,150.39,0.1614806354045868,0.001,714518,75,0.61,5350
1.4334796667099,-21.835069700000005,9473,715476,149.26,0.05461524426937103,0.001,715577,75,0.63,5360
1.2226487398147583,-21.668450230000005,9481,716201,146.74,0.06149296462535858,0.001,716302,75,0.61,5370
1.282083511352539,-22.96850143,9500,717808,149.67,0.039678432047367096,0.001,717909,75,0.58,5380
1.447486400604248,-24.287823929999995,9535,720254,157.79,0.05417519062757492,0.001,720355,75,0.6,5390
1.3698599338531494,-25.782573279999998,9558,722199,167.69,0.08669717609882355,0.001,722300,75,0.59,5400
1.32023024559021,-25.522432809999994,9567,722929,164.01,0.09912566095590591,0.001,723030,75,0.59,5410
1.20052170753479,-23.95831443,9579,723926,150.69,0.1947128176689148,0.001,724027,75,0.61,5420
1.2371655702590942,-23.997800450000003,9616,726564,154.53,0.07113742083311081,0.001,726665,75,0.63,5430
1.2038133144378662,-22.939123200000004,9626,727329,144.97,0.046660806983709335,0.001,727430,75,0.64,5440
1.007418155670166,-22.40143566,9641,728577,141.6,0.06811035424470901,0.001,728678,75,0.64,5450
1.317188024520874,-21.994929269999997,9650,729364,138.88,0.13776524364948273,0.001,729465,75,0.62,5460
1.3225504159927368,-22.429788979999998,9671,730693,144.92,0.06654983758926392,0.001,730794,75,0.6,5470
1.1947824954986572,-20.499024799999997,9680,731430,136.22,0.0672396793961525,0.001,731531,75,0.64,5480
1.1572532653808594,-18.736691290000003,9687,732048,117.94,0.16917285323143005,0.001,732149,75,0.63,5490
1.2300448417663574,-17.83065237,9700,733140,109.41,0.09535644203424454,0.001,733241,75,0.63,5500
1.3074983358383179,-18.533553590000004,9718,734633,117.04,0.16476842761039734,0.001,734734,75,0.63,5510
1.3592883348464966,-18.315422860000005,9734,735239,113.13,0.18731527030467987,0.001,735340,75,0.62,5520
1.311194896697998,-16.89412068,9746,736339,97.75,0.10013605654239655,0.001,736440,75,0.63,5530
1.3401143550872803,-17.596098839999996,9761,737577,102.48,0.09746477007865906,0.001,737678,75,0.61,5540
1.183870792388916,-17.102657139999998,9770,738413,98.36,0.09589478373527527,0.001,738514,75,0.61,5550
1.1642985343933105,-18.237641919999998,9798,739980,106.16,0.1507815420627594,0.001,740081,75,0.61,5560
1.0560462474822998,-17.996980729999997,9811,741168,104.75,0.0651567131280899,0.001,741269,75,0.64,5570
0.9683454036712646,-18.57402453,9830,742797,113.67,0.09032060205936432,0.001,742898,75,0.6,5580
1.1590819358825684,-18.80276946,9842,743789,117.41,0.034570448100566864,0.001,743890,75,0.58,5590
1.1137237548828125,-18.67150764,9863,745076,119.36,0.0744633749127388,0.001,745177,75,0.54,5600
1.0199843645095825,-17.81718501,9870,745654,110.21,0.0503990575671196,0.001,745755,75,0.53,5610
1.186252236366272,-17.830350489999997,9881,746583,113.44,0.0643249899148941,0.001,746684,75,0.55,5620
1.2075003385543823,-20.385836870000002,9917,749572,132.33,0.0518801249563694,0.001,749673,75,0.55,5630
1.0206143856048584,-20.40563741,9939,750824,132.47,0.08277921378612518,0.001,750925,75,0.53,5640
1.4124948978424072,-20.31955749,9948,751587,131.74,0.10988615453243256,0.001,751688,75,0.55,5650
1.1203255653381348,-19.30048212,9959,752574,125.94,0.07938016951084137,0.001,752675,75,0.54,5660
1.2788872718811035,-21.24534775,9981,754449,132.81,0.0702226310968399,0.001,754550,75,0.52,5670
1.359041452407837,-21.80950955,10003,755932,131.35,0.07646332681179047,0.001,756033,75,0.52,5680
1.3739914894104004,-21.759993189999996,10014,756839,130.5,0.05303183197975159,0.001,756940,75,0.53,5690
1.330115556716919,-21.25767032,10027,757869,127.93,0.048218436539173126,0.001,757970,75,0.58,5700
1.4705564975738525,-21.1664337,10034,758448,127.94,0.04345240071415901,0.001,758549,75,0.59,5710
1.4206514358520508,-22.286187840000004,10059,760080,134.97,0.03805450350046158,0.001,760181,75,0.56,5720
1.482079267501831,-20.52747368,10086,762290,127.18,0.08834783732891083,0.001,762391,75,0.56,5730
1.2401612997055054,-19.89596936,10099,763364,125.4,0.07328429818153381,0.001,763465,75,0.58,5740
1.499489188194275,-19.9719404,10110,764306,127.19,0.07023482024669647,0.001,764407,75,0.57,5750
1.278647780418396,-20.733131329999996,10132,765763,131.89,0.05250160023570061,0.001,765864,75,0.57,5760
1.3678615093231201,-20.05886711,10159,768056,136.07,0.07555630803108215,0.001,768157,75,0.55,5770
1.3790452480316162,-19.61263766,10173,769172,132.4,0.0744834691286087,0.001,769273,75,0.56,5780
1.2379539012908936,-20.819235890000005,10201,770864,140.25,0.03012508526444435,0.001,770965,75,0.56,5790
1.394233226776123,-21.41129242,10212,771836,139.67,0.04139503091573715,0.001,771937,75,0.51,5800
1.0282518863677979,-22.209688449999994,10229,773188,147.4,0.09447764605283737,0.001,773289,75,0.49,5810
1.2249798774719238,-21.535999649999994,10242,774259,141.79,0.06724455207586288,0.001,774360,75,0.52,5820
1.1927449703216553,-20.741049949999997,10259,775254,129.64,0.10422542691230774,0.001,775355,75,0.53,5830
1.2677137851715088,-20.53799124,10266,775765,124.01,0.06061254441738129,0.001,775866,75,0.51,5840
0.8640567660331726,-21.061578680000004,10283,777163,128.57,0.03654877096414566,0.001,777264,75,0.48,5850
1.137152075767517,-20.33606027,10291,777771,120.08,0.1356114149093628,0.001,777872,75,0.48,5860
1.2322279214859009,-19.54678732,10314,779675,116.19,0.0711810365319252,0.001,779776,75,0.51,5870
1.2714049816131592,-20.84492263,10344,781664,124.92,0.06175239384174347,0.001,781765,75,0.51,5880
1.4963017702102661,-19.48901653,10354,782502,116.38,0.06801684200763702,0.001,782603,75,0.55,5890
1.1768039464950562,-20.18495161,10378,784526,126.9,0.04551788046956062,0.001,784627,75,0.56,5900
1.296223521232605,-20.22658816,10395,785548,123.6,0.02974022552371025,0.001,785649,75,0.56,5910
1.2107136249542236,-20.41065043,10413,787139,128.8,0.10590603947639465,0.001,787240,75,0.56,5920
1.109793782234192,-21.25046897,10433,788817,135.63,0.09433171153068542,0.001,788918,75,0.54,5930
1.1865535974502563,-21.740454029999995,10454,789957,141.92,0.07358503341674805,0.001,790058,75,0.58,5940
1.3369545936584473,-20.848541190000002,10460,790486,133.23,0.14324210584163666,0.001,790587,75,0.6,5950
1.3510462045669556,-23.117127970000002,10482,792239,144.68,0.059279683977365494,0.001,792340,75,0.59,5960
1.2446014881134033,-22.17518573,10490,792977,133.02,0.04515724629163742,0.001,793078,75,0.61,5970
1.4289394617080688,-20.042081760000002,10498,793575,119.11,0.0676376074552536,0.001,793676,75,0.61,5980
1.4978225231170654,-21.161763199999996,10522,795025,125.23,0.07527263462543488,0.001,795126,75,0.57,5990
1.2926661968231201,-19.839215890000002,10534,796070,115.44,0.09919528663158417,0.001,796171,75,0.6,6000
1.1655786037445068,-19.53288603,10546,797059,115.11,0.059466272592544556,0.001,797160,75,0.61,6010
1.1146498918533325,-19.071603169999996,10554,797712,105.73,0.06928478926420212,0.001,797813,75,0.58,6020
1.3856279850006104,-18.736814109999997,10571,799088,102.71,0.07489985227584839,0.001,799189,75,0.6,6030
1.1874394416809082,-19.0018099,10596,800671,107.14,0.07108434289693832,0.001,800772,75,0.57,6040
1.324481725692749,-20.38990962,10621,802775,122.89,0.1634742021560669,0.001,802876,75,0.55,6050
1.6654436588287354,-18.07749868,10633,803733,114.94,0.1201157420873642,0.001,803834,75,0.55,6060
1.2545336484909058,-18.76135401,10657,805307,123.3,0.0410875603556633,0.001,805408,75,0.56,6070
1.1514732837677002,-19.05995607,10668,806209,126.34,0.07511280477046967,0.001,806310,75,0.56,6080
1.3499162197113037,-18.13645791,10679,807206,121.81,0.0702134370803833,0.001,807307,75,0.6,6090
1.4138820171356201,-18.51043922,10695,808478,124.08,0.07402759790420532,0.001,808579,75,0.6,6100
1.2468433380126953,-18.71334121,10720,809934,128.75,0.05487475544214249,0.001,810035,75,0.6,6110
1.4130059480667114,-19.78044318,10736,811250,135.38,0.09757472574710846,0.001,811351,75,0.61,6120
1.4061777591705322,-18.614716620000003,10742,811778,126.9,0.0827033519744873,0.001,811879,75,0.61,6130
1.3903210163116455,-18.902814170000003,10753,812754,120.83,0.05780893936753273,0.001,812855,75,0.65,6140
1.3814548254013062,-17.760291870000003,10761,813419,106.44,0.05405991151928902,0.001,813520,75,0.66,6150
1.2457809448242188,-17.95816536,10771,814259,105.26,0.05774952098727226,0.001,814360,75,0.68,6160
1.1963305473327637,-19.009711619999997,10796,815816,105.09,0.1155402734875679,0.001,815917,75,0.64,6170
1.2683652639389038,-18.72717978,10802,816354,101.45,0.17031320929527283,0.001,816455,75,0.64,6180
1.3037217855453491,-18.242566199999995,10809,816938,97.32,0.12804076075553894,0.001,817039,75,0.61,6190
1.174639344215393,-18.28164543,10825,818349,98.71,0.07212889194488525,0.001,818450,75,0.63,6200
1.01512610912323,-18.50314437,10852,820024,100.9,0.07389778643846512,0.001,820125,75,0.65,6210
1.157239317893982,-18.59557288,10867,821283,100.33,0.10904565453529358,0.001,821384,75,0.67,6220
1.1020721197128296,-19.474752119999998,10879,822301,105.23,0.05642327293753624,0.001,822402,75,0.66,6230
1.3300502300262451,-19.3000147,10897,823892,111.38,0.1059379056096077,0.001,823993,75,0.64,6240
1.4096243381500244,-20.160344459999997,10918,825402,119.83,0.14531344175338745,0.001,825503,75,0.63,6250
1.1515047550201416,-22.30151308,10942,827491,132.32,0.057242535054683685,0.001,827592,75,0.59,6260
1.1808428764343262,-20.823712190000002,10952,828335,125.19,0.0663587749004364,0.001,828436,75,0.63,6270
1.149458646774292,-21.6496422,10966,829526,131.72,0.1838439404964447,0.001,829627,75,0.6,6280
0.9256861209869385,-23.318112529999997,10995,831435,144.97,0.07083471119403839,0.001,831536,75,0.59,6290
1.461352825164795,-23.50551641,11010,832729,143.8,0.10538742691278458,0.001,832830,75,0.54,6300
1.230487585067749,-23.322512890000002,11023,833781,137.57,0.05698344483971596,0.001,833882,75,0.52,6310
1.2558870315551758,-22.59929115,11045,835042,137.59,0.14050506055355072,0.001,835143,75,0.48,6320
1.1944446563720703,-21.987786180000008,11055,835909,136.08,0.08232768625020981,0.001,836010,75,0.47,6330
1.1078119277954102,-21.884596930000008,11074,837477,135.85,0.038905948400497437,0.001,837578,75,0.48,6340
1.4327497482299805,-21.400334660000002,11086,838491,130.89,0.07352738827466965,0.001,838592,75,0.5,6350
1.658210039138794,-19.624929050000002,11101,839726,122.35,0.08858360350131989,0.001,839827,75,0.56,6360
1.4171745777130127,-19.99424108,11119,840903,125.68,0.2330303192138672,0.001,841004,75,0.53,6370
1.0941252708435059,-20.79434534,11143,842841,133.15,0.09001731127500534,0.001,842942,75,0.55,6380
1.4554104804992676,-19.527748,11155,843876,124.41,0.09944643080234528,0.001,843977,75,0.56,6390
1.388709306716919,-19.1812346,11178,845035,123.06,0.06767749786376953,0.001,845136,75,0.58,6400
1.4599827527999878,-18.89719388,11192,846253,124.72,0.10243067890405655,0.001,846354,75,0.6,6410
1.199875831604004,-19.23398246,11213,848082,130.4,0.117759570479393,0.001,848183,75,0.61,6420
1.3396265506744385,-19.14288928,11220,848659,127.5,0.08647561818361282,0.001,848760,75,0.62,6430
1.3586164712905884,-20.12608873,11241,849982,125.05,0.08303754776716232,0.001,850083,75,0.6,6440
1.4396979808807373,-19.65956306,11247,850516,120.25,0.051595114171504974,0.001,850617,75,0.61,6450
1.3997455835342407,-21.135439869999995,11265,852105,123.79,0.15502873063087463,0.001,852206,75,0.56,6460
1.3570266962051392,-21.254937819999995,11279,853295,123.92,0.0745801106095314,0.001,853396,75,0.57,6470
0.9710466861724854,-20.55565837,11289,854115,112.74,0.3180089294910431,0.001,854216,75,0.58,6480
1.3436288833618164,-20.93362712,11309,855288,114.12,0.0341789536178112,0.001,855389,75,0.57,6490
1.1546789407730103,-22.012093110000002,11325,856672,116.37,0.05160032585263252,0.001,856773,75,0.59,6500
0.9707133769989014,-21.637025280000003,11331,857204,109.51,0.046884603798389435,0.001,857305,75,0.58,6510
1.1046890020370483,-21.181661730000002,11344,858296,102.14,0.05154981464147568,0.001,858397,75,0.61,6520
1.3389201164245605,-21.61970317,11355,859241,105.82,0.0689171627163887,0.001,859342,75,0.61,6530
1.3022880554199219,-20.05486428,11368,860222,102.4,0.07677484303712845,0.001,860323,75,0.62,6540
1.3564338684082031,-19.77862914,11374,860750,102.34,0.030180178582668304,0.001,860851,75,0.63,6550
1.1147537231445312,-17.663676770000006,11381,861371,92.66,0.05588836967945099,0.001,861472,75,0.68,6560
1.4312398433685303,-17.91818824,11399,862887,95.92,0.05030400678515434,0.001,862988,75,0.66,6570
1.4457803964614868,-18.542208170000002,11422,864836,107.21,0.07625001668930054,0.001,864937,75,0.66,6580
1.2580513954162598,-18.56897685,11445,866261,109.73,0.0880405455827713,0.001,866362,75,0.68,6590
1.4499635696411133,-17.365864799999997,11457,867345,106.73,0.09353174269199371,0.001,867446,75,0.67,6600
1.3686206340789795,-18.09660732,11474,868784,115.8,0.04121290147304535,0.001,868885,75,0.66,6610
1.2278302907943726,-18.16545822,11500,870561,122.65,0.05695498734712601,0.001,870662,75,0.65,6620
1.1857917308807373,-17.99811998,11507,871194,119.53,0.094211146235466,0.001,871295,75,0.63,6630
1.043525218963623,-18.167137920000002,11518,872113,118.91,0.039619870483875275,0.001,872214,75,0.61,6640
1.184031367301941,-19.843180349999997,11536,873599,128.49,0.10201103985309601,0.001,873700,75,0.56,6650
1.1164593696594238,-19.92580564,11543,874203,128.32,0.18425831198692322,0.001,874304,75,0.53,6660
1.2244949340820312,-19.215637249999997,11560,875265,123.78,0.041379526257514954,0.001,875366,75,0.51,6670
1.3384976387023926,-18.80827252,11580,876989,121.53,0.029082369059324265,0.001,877090,75,0.47,6680
1.2077133655548096,-21.110512859999993,11608,879334,130.73,0.07177627086639404,0.001,879435,75,0.44,6690
1.2763314247131348,-22.863963630000004,11640,881709,143.64,0.08812595903873444,0.001,881810,75,0.43,6700
1.3980958461761475,-24.03403953,11661,883482,146.98,0.0785812959074974,0.001,883583,75,0.4,6710
1.503830909729004,-23.858879190000003,11676,884759,141.98,0.09893802553415298,0.001,884860,75,0.4,6720
1.20633864402771,-24.15848052,11694,885981,147.87,0.04813366383314133,0.001,886082,75,0.41,6730
1.692856788635254,-24.00794836,11705,886929,148.16,0.07484608143568039,0.001,887030,75,0.43,6740
1.4913008213043213,-23.28003519,11718,888094,144.95,0.17556214332580566,0.001,888195,75,0.48,6750
1.5398105382919312,-23.6687426,11728,888968,147.65,0.07469211518764496,0.001,889069,75,0.5,6760
1.2669665813446045,-24.02498247,11745,890065,148.0,0.10693778097629547,0.001,890166,75,0.53,6770
1.6491661071777344,-23.569708870000003,11760,891303,143.14,0.21878325939178467,0.001,891404,75,0.58,6780
1.613478660583496,-21.718931279999996,11781,893090,137.56,0.03403325378894806,0.001,893191,75,0.62,6790
1.5356967449188232,-20.567020529999994,11799,894569,128.6,0.04386007785797119,0.001,894670,75,0.63,6800
1.1269930601119995,-18.878909749999995,11814,895524,120.42,0.03531453013420105,0.001,895625,75,0.68,6810
1.2806015014648438,-19.02115303,11829,896814,120.55,0.07814791798591614,0.001,896915,75,0.7,6820
1.2389636039733887,-19.21429483,11846,898167,121.86,0.10370171815156937,0.001,898268,75,0.69,6830
1.4090397357940674,-19.15232908,11855,898968,120.39,0.29249313473701477,0.001,899069,75,0.69,6840
1.293229341506958,-19.45859752,11878,900312,122.18,0.052840858697891235,0.001,900413,75,0.65,6850
1.336344599723816,-19.257898830000002,11887,901123,121.55,0.11347556114196777,0.001,901224,75,0.67,6860
1.4025664329528809,-18.86406235,11897,901941,118.76,0.048466458916664124,0.001,902042,75,0.7,6870
1.1290154457092285,-19.366486029999997,11915,903423,121.2,0.08818560838699341,0.001,903524,75,0.7,6880
1.4398305416107178,-18.56267278,11929,904603,115.13,0.180684894323349,0.001,904704,75,0.71,6890
1.5838541984558105,-19.401085780000003,11959,906606,120.37,0.4472940266132355,0.001,906707,75,0.73,6900
1.3620667457580566,-20.31844577,11977,908139,126.15,0.1287604570388794,0.001,908240,75,0.69,6910
1.2904905080795288,-20.14258264,11991,909387,125.73,0.09473024308681488,0.001,909488,75,0.67,6920
1.1462860107421875,-20.529442330000002,12016,911144,129.77,0.08428411185741425,0.001,911245,75,0.68,6930
1.587234377861023,-20.68289569,12028,912103,131.35,0.1425170749425888,0.001,912204,75,0.66,6940
1.337119698524475,-20.286949980000003,12045,913538,132.26,0.1052226573228836,0.001,913639,75,0.66,6950
1.3299736976623535,-19.909544010000005,12052,914077,129.54,0.07198774069547653,0.001,914178,75,0.64,6960
1.3487862348556519,-19.7541863,12059,914643,127.02,0.03879156708717346,0.001,914744,75,0.61,6970
1.2953898906707764,-19.660006490000004,12085,916483,130.6,0.06306129693984985,0.001,916584,75,0.55,6980
1.2679448127746582,-19.834989470000004,12100,917784,131.81,0.06461150199174881,0.001,917885,75,0.52,6990
1.2016682624816895,-19.46295846,12123,919619,130.13,0.08488897979259491,0.001,919720,75,0.47,7000
1.5565822124481201,-18.31715503,12134,920307,121.68,0.07875773310661316,0.001,920408,75,0.5,7010
1.5447057485580444,-18.14966669,12143,921075,116.88,0.07448989152908325,0.001,921176,75,0.51,7020
1.4577561616897583,-18.67848776,12171,923430,122.86,0.1332789957523346,0.001,923531,75,0.5,7030
1.4468271732330322,-18.79089973,12182,924337,122.34,0.7238912582397461,0.001,924438,75,0.52,7040
1.4702577590942383,-18.65686735,12202,925459,119.21,0.05599232017993927,0.001,925560,75,0.54,7050
1.4829773902893066,-19.51187867,12217,926766,126.89,0.052842192351818085,0.001,926867,75,0.5,7060
1.4605207443237305,-20.306088090000003,12233,928190,135.47,0.11897936463356018,0.001,928291,75,0.51,7070
1.3569670915603638,-19.58022007,12246,929234,127.51,0.12983720004558563,0.001,929335,75,0.59,7080
1.5342378616333008,-19.459083990000003,12264,930401,126.17,0.24601595103740692,0.001,930502,75,0.58,7090
1.5480947494506836,-18.05960326,12273,931134,115.15,0.048680953681468964,0.001,931235,75,0.61,7100
1.4659473896026611,-18.86565121,12290,932607,123.0,0.14623458683490753,0.001,932708,75,0.57,7110
1.106154203414917,-19.105921040000002,12302,933662,125.87,0.0972311794757843,0.001,933763,75,0.59,7120
1.1686007976531982,-17.838835850000002,12315,934831,114.01,0.030636347830295563,0.001,934932,75,0.62,7130
1.4652998447418213,-17.978063210000002,12337,935996,116.59,0.13865119218826294,0.001,936097,75,0.62,7140
1.5391509532928467,-17.67880711,12346,936807,113.48,0.1071193516254425,0.001,936908,75,0.64,7150
1.2126398086547852,-17.8647711,12361,938110,113.44,0.09342142194509506,0.001,938211,75,0.63,7160
1.405360221862793,-17.48693372,12375,939212,110.22,0.12850120663642883,0.001,939313,75,0.58,7170
1.5061118602752686,-18.56506767,12406,941267,120.33,0.06218681111931801,0.001,941368,75,0.56,7180
1.4177460670471191,-18.25769884,12414,941936,115.35,0.0672602578997612,0.001,942037,75,0.57,7190
1.243438482284546,-18.889245039999995,12431,943315,121.81,0.08581295609474182,0.001,943416,75,0.57,7200
1.110452651977539,-18.61999457,12449,944848,122.41,0.05802898854017258,0.001,944949,75,0.59,7210
1.3118085861206055,-18.554727299999996,12470,946123,124.61,0.07750527560710907,0.001,946224,75,0.55,7220
1.2655261754989624,-18.54857074,12481,947159,123.28,0.11519365012645721,0.001,947260,75,0.57,7230
1.27083158493042,-18.04248755,12489,947782,117.86,0.16596193611621857,0.001,947883,75,0.56,7240
1.0773999691009521,-18.336013149999996,12503,948982,121.75,0.09414121508598328,0.001,949083,75,0.54,7250
0.9986390471458435,-17.53919559,12512,949725,116.15,0.0599323995411396,0.001,949826,75,0.55,7260
1.185163974761963,-17.49157157,12535,951126,119.14,0.04101996868848801,0.001,951227,75,0.61,7270
1.132311463356018,-15.993080879999997,12541,951650,103.83,0.09103032946586609,0.001,951751,75,0.61,7280
1.1059454679489136,-16.49510518,12560,953263,113.27,0.07561974972486496,0.001,953364,75,0.63,7290
0.9046172499656677,-16.13224553,12570,954141,108.26,0.0422501377761364,0.001,954242,75,0.63,7300
1.406921148300171,-16.89702121,12596,955986,111.38,0.0836331844329834,0.001,956087,75,0.62,7310
1.2342054843902588,-16.959234539999997,12607,956975,108.52,0.081431083381176,0.001,957076,75,0.63,7320
1.186523199081421,-16.489468629999998,12614,957515,103.56,0.0674145370721817,0.001,957616,75,0.64,7330
1.5833847522735596,-16.856040770000003,12628,958713,109.31,0.1339769959449768,0.001,958814,75,0.63,7340
1.1145660877227783,-16.98054798,12642,959806,108.24,0.05944541096687317,0.001,959907,75,0.61,7350
1.094437837600708,-17.739970139999997,12662,961120,113.95,0.05679599195718765,0.001,961221,75,0.63,7360
1.0719835758209229,-17.65392782,12676,962241,111.15,0.04731670394539833,0.001,962342,75,0.62,7370
1.3043394088745117,-18.34136627,12689,963391,117.41,0.17017316818237305,0.001,963492,75,0.61,7380
1.4272708892822266,-18.220851789999998,12704,964583,113.2,0.03689096122980118,0.001,964684,75,0.58,7390
1.404390811920166,-18.58244892,12724,965734,115.93,0.09711609780788422,0.001,965835,75,0.56,7400
1.1818675994873047,-17.5637101,12733,966492,105.06,0.18199053406715393,0.001,966593,75,0.6,7410
1.2262506484985352,-17.54014342,12745,967529,105.54,0.13902565836906433,0.001,967630,75,0.63,7420
1.2155647277832031,-18.19748814,12756,968413,108.98,0.178957998752594,0.001,968514,75,0.6,7430
1.2949533462524414,-18.62106356,12773,969801,110.88,0.05109580606222153,0.001,969902,75,0.63,7440
1.5836154222488403,-18.66533716,12787,970747,109.41,0.055842168629169464,0.001,970848,75,0.64,7450
1.4225285053253174,-17.98430591,12801,971896,107.76,0.1888255625963211,0.001,971997,75,0.66,7460
1.1955400705337524,-18.774597280000002,12818,973275,110.34,0.09679830074310303,0.001,973376,75,0.64,7470
1.2576816082000732,-18.12986278,12826,973937,105.46,0.09461995959281921,0.001,974038,75,0.66,7480
1.3070824146270752,-18.27780562,12846,975080,104.97,0.13201773166656494,0.001,975181,75,0.65,7490
1.2072081565856934,-17.691806080000003,12853,975737,100.03,0.07847394049167633,0.001,975838,75,0.68,7500
1.135469913482666,-17.4706087,12860,976280,97.88,0.08831954002380371,0.001,976381,75,0.67,7510
1.1293197870254517,-16.87086103,12868,976896,93.67,0.2690293788909912,0.001,976997,75,0.66,7520
1.12451171875,-16.496804869999995,12877,977701,92.88,0.07786062359809875,0.001,977802,75,0.69,7530
1.2139756679534912,-15.870994310000004,12888,978619,88.18,0.039361998438835144,0.001,978720,75,0.68,7540
1.5918796062469482,-16.08019212,12909,979988,92.41,0.06769027560949326,0.001,980089,75,0.67,7550
1.3249921798706055,-16.56314427,12922,981104,92.08,0.06340478360652924,0.001,981205,75,0.66,7560
1.2388430833816528,-17.38520307,12942,982821,95.46,0.1488671898841858,0.001,982922,75,0.68,7570
1.3607749938964844,-18.082074920000004,12956,983989,100.52,0.3377140760421753,0.001,984090,75,0.66,7580
1.2018086910247803,-18.24801569,12976,985198,101.18,0.1584223061800003,0.001,985299,75,0.68,7590
1.4551219940185547,-18.60836066,12985,985962,102.25,0.044945549219846725,0.001,986063,75,0.67,7600
1.207007646560669,-19.13580866,13000,987181,109.01,0.07463593035936356,0.001,987282,75,0.68,7610
1.2178254127502441,-19.27332057,13008,987865,109.69,0.13474249839782715,0.001,987966,75,0.67,7620
1.2920193672180176,-19.80466013,13025,989246,115.45,0.09985861927270889,0.001,989347,75,0.66,7630
1.41097092628479,-20.460889939999998,13051,990816,121.97,0.2534979581832886,0.001,990917,75,0.65,7640
1.170876383781433,-19.78382222,13061,991660,116.72,0.08644510060548782,0.001,991761,75,0.67,7650
1.3779828548431396,-19.4538802,13072,992621,115.17,0.0681377723813057,0.001,992722,75,0.67,7660
1.2153522968292236,-18.41132989,13091,994225,114.04,0.12371695786714554,0.001,994326,75,0.63,7670
1.5779798030853271,-17.82619013,13105,995101,111.12,0.1036922037601471,0.001,995202,75,0.64,7680
1.3296712636947632,-17.049499,13111,995652,104.54,0.10445475578308105,0.001,995753,75,0.66,7690
1.3427588939666748,-17.198574809999997,13128,997078,111.16,0.08436749875545502,0.001,997179,75,0.65,7700
1.1593801975250244,-17.04923145,13141,998182,110.01,0.09304653108119965,0.001,998283,75,0.65,7710
1.2952014207839966,-17.57529892,13155,999372,115.07,0.3302757740020752,0.001,999473,75,0.65,7720
1.3015637397766113,-17.74916396,13176,1000791,115.45,0.10652642697095871,0.001,1000892,75,0.62,7730
1.4323081970214844,-17.051222879999997,13183,1001402,105.86,0.06747674196958542,0.001,1001503,75,0.61,7740
1.3659106492996216,-18.497609959999995,13200,1002885,112.25,0.06189313158392906,0.001,1002986,75,0.62,7750
1.3749563694000244,-18.844682369999997,13212,1003842,112.21,0.49853208661079407,0.001,1003943,75,0.61,7760
1.1548435688018799,-18.14788222,13224,1004861,106.36,0.20630881190299988,0.001,1004962,75,0.61,7770
1.276930570602417,-18.207102259999996,13239,1005821,107.2,0.12026484310626984,0.001,1005922,75,0.6,7780
1.1347670555114746,-17.931190389999998,13245,1006323,106.71,0.07596025615930557,0.001,1006424,75,0.61,7790
1.3327995538711548,-18.28160594,13265,1007936,108.58,0.10007083415985107,0.001,1008037,75,0.6,7800
1.2027753591537476,-19.21678467,13285,1009652,114.7,0.11933024227619171,0.001,1009753,76,0.57,7810
1.3589215278625488,-18.75645031,13299,1010498,111.26,0.08819910883903503,0.001,1010599,75,0.58,7820
1.0522935390472412,-17.98971278,13307,1011106,103.15,0.068190798163414,0.001,1011207,75,0.58,7830
1.540693759918213,-17.81825126,13313,1011662,102.6,0.1069502979516983,0.001,1011763,75,0.59,7840
1.389644742012024,-16.35219215,13323,1012443,95.58,0.08735474944114685,0.001,1012544,75,0.59,7850
1.4352872371673584,-15.413943430000002,13329,1012917,90.75,0.1517326682806015,0.001,1013018,76,0.62,7860
1.2768874168395996,-15.550745310000002,13338,1013698,88.37,0.12674610316753387,0.001,1013799,76,0.64,7870
1.631518006324768,-15.601864810000002,13347,1014414,85.93,0.11312660574913025,0.001,1014515,76,0.66,7880
1.2058477401733398,-16.858100390000004,13370,1015956,96.33,0.09065715223550797,0.001,1016057,75,0.61,7890
1.3341288566589355,-16.414171250000003,13381,1016850,89.14,0.2070806622505188,0.001,1016951,75,0.61,7900
1.325500249862671,-15.746494470000002,13395,1018102,84.5,0.09384804964065552,0.001,1018203,76,0.64,7910
1.239328384399414,-17.33298469,13415,1019744,92.46,0.04968402534723282,0.001,1019845,76,0.63,7920
1.0829265117645264,-17.104253280000002,13427,1020382,92.76,0.21027271449565887,0.001,1020483,75,0.64,7930
1.3687548637390137,-17.828690799999997,13439,1021376,97.14,0.0927356630563736,0.001,1021477,76,0.64,7940
1.3089625835418701,-17.96721417,13447,1022102,96.59,0.07925857603549957,0.001,1022203,76,0.62,7950
1.2971851825714111,-19.28126062,13461,1023304,103.87,0.1420523226261139,0.001,1023405,76,0.61,7960
1.2544457912445068,-20.17117147,13480,1024848,111.5,0.13672909140586853,0.001,1024949,76,0.61,7970
1.475685477256775,-20.86616454,13502,1026270,118.56,0.13660705089569092,0.001,1026371,76,0.59,7980
1.3360621929168701,-20.059100559999997,13511,1027009,110.53,0.09967567026615143,0.001,1027110,76,0.64,7990
1.568594217300415,-20.581039590000003,13528,1028449,115.99,0.11396821588277817,0.001,1028550,76,0.65,8000
1.4978480339050293,-20.990562679999996,13537,1029205,111.03,0.05932623893022537,0.001,1029306,76,0.64,8010
1.718432068824768,-19.545832349999998,13551,1029960,102.16,0.07184191048145294,0.001,1030061,76,0.62,8020
1.4223885536193848,-19.838349429999997,13561,1030814,104.32,0.06728793680667877,0.001,1030915,76,0.6,8030
1.5201692581176758,-19.107442369999998,13569,1031445,100.69,0.06902140378952026,0.001,1031546,76,0.63,8040
1.369414210319519,-18.94138733,13577,1032140,100.38,0.08156226575374603,0.001,1032241,76,0.63,8050
1.3161284923553467,-18.712106740000003,13598,1033839,105.35,0.14421534538269043,0.001,1033940,76,0.62,8060
1.1668128967285156,-17.46040432,13605,1034424,95.76,0.06702320277690887,0.001,1034525,76,0.63,8070
1.4764337539672852,-16.62229094,13614,1034985,87.15,0.11071056127548218,0.001,1035086,76,0.61,8080
1.4018734693527222,-16.69854764,13626,1036011,90.02,0.07275107502937317,0.001,1036112,76,0.58,8090
1.6367206573486328,-16.112794140000002,13639,1037018,85.69,0.12637348473072052,0.001,1037119,76,0.57,8100
1.418235421180725,-14.73766492,13645,1037530,83.25,0.05499107763171196,0.001,1037631,76,0.58,8110
1.6580842733383179,-14.39319441,13652,1038099,81.39,0.1308203935623169,0.001,1038200,76,0.59,8120
1.3274590969085693,-14.160556100000003,13659,1038757,79.43,0.12884533405303955,0.001,1038858,76,0.62,8130
1.555033802986145,-14.23697272,13670,1039666,82.21,0.05621466785669327,0.001,1039767,76,0.62,8140
1.5956089496612549,-15.006270470000002,13692,1041064,89.24,0.10269243270158768,0.001,1041165,76,0.62,8150
1.4558448791503906,-14.014476319999998,13698,1041574,77.35,0.047859273850917816,0.001,1041675,76,0.64,8160
1.4797523021697998,-14.09089428,13707,1042329,79.05,0.08404645323753357,0.001,1042430,76,0.66,8170
1.345332384109497,-13.86040875,13714,1042897,79.12,0.09430378675460815,0.001,1042998,76,0.7,8180
1.5699760913848877,-13.4759129,13722,1043491,74.8,0.09172293543815613,0.001,1043592,76,0.7,8190
1.4691226482391357,-13.036248249999998,13729,1044129,71.11,0.06850696355104446,0.001,1044230,76,0.74,8200
1.3322179317474365,-13.335094620000001,13738,1044859,73.29,0.039423637092113495,0.001,1044960,76,0.72,8210
1.5828356742858887,-13.478870439999998,13749,1045491,73.92,0.10728135704994202,0.001,1045592,76,0.71,8220
1.4384244680404663,-13.892869329999998,13762,1046533,77.76,0.08156076073646545,0.001,1046634,76,0.71,8230
1.3875852823257446,-14.45506778,13779,1047982,83.16,0.04639792442321777,0.001,1048083,76,0.7,8240
1.1324735879898071,-14.024832049999995,13792,1049065,80.01,0.06469918042421341,0.001,1049166,76,0.72,8250
1.5227487087249756,-14.54771555,13808,1050114,85.4,0.1325637251138687,0.001,1050215,76,0.71,8260
1.3112030029296875,-15.01556747,13821,1051206,88.77,0.08083610236644745,0.001,1051307,76,0.7,8270
1.4882477521896362,-15.31872221,13828,1051750,88.53,0.12440355122089386,0.001,1051851,76,0.71,8280
1.5042469501495361,-15.39202171,13834,1052265,87.74,0.07777496427297592,0.001,1052366,76,0.73,8290
1.580693244934082,-16.25764342,13852,1053756,96.27,0.19224430620670319,0.001,1053857,76,0.71,8300
1.6621167659759521,-16.171520340000004,13859,1054297,94.38,0.17458957433700562,0.001,1054398,76,0.73,8310
1.388513445854187,-16.01600367,13865,1054838,93.47,0.11162735521793365,0.001,1054939,76,0.74,8320
1.6814641952514648,-15.80001143,13881,1055768,92.35,0.09198161959648132,0.001,1055869,76,0.74,8330
1.5136504173278809,-15.672936,13897,1057141,91.59,0.05135972425341606,0.001,1057242,76,0.73,8340
1.4907954931259155,-15.416905160000004,13905,1057818,87.53,0.18024004995822906,0.001,1057919,76,0.7,8350
1.478755235671997,-14.896106320000001,13912,1058435,83.21,0.052768904715776443,0.001,1058536,76,0.7,8360
1.5723779201507568,-14.398339589999999,13919,1059019,78.13,0.06551741063594818,0.001,1059120,76,0.71,8370
1.5442545413970947,-14.479278999999998,13934,1059922,81.72,0.05115092545747757,0.001,1060023,76,0.69,8380
1.2570416927337646,-14.740283690000002,13945,1060926,86.61,0.250618577003479,0.001,1061027,76,0.69,8390
1.7162038087844849,-15.07942463,13961,1062270,85.14,0.11024829745292664,0.001,1062371,76,0.7,8400
1.4004390239715576,-16.0942675,13981,1063990,96.93,0.08096535503864288,0.001,1064091,76,0.66,8410
1.3505419492721558,-16.207062710000002,13995,1064901,100.63,0.09013620018959045,0.001,1065002,76,0.67,8420
1.3755385875701904,-16.41447862,14008,1065978,102.1,0.12048852443695068,0.001,1066079,76,0.64,8430
0.943629264831543,-16.27971908,14019,1066902,97.61,0.24346908926963806,0.001,1067003,76,0.61,8440
0.6345565319061279,-17.50774152,14034,1068159,103.41,0.22971221804618835,0.001,1068260,76,0.64,8450
0.9790698885917664,-18.523671320000002,14055,1069874,114.39,0.11650576442480087,0.001,1069975,76,0.61,8460
0.764585554599762,-20.561814230000003,14093,1072685,136.66,0.3991970717906952,0.001,1072786,76,0.57,8470
0.7633389234542847,-20.682892510000002,14103,1073617,136.95,0.12098502367734909,0.001,1073718,76,0.55,8480
0.7698583006858826,-21.896387750000002,14128,1074901,139.75,0.15978550910949707,0.001,1075002,76,0.5,8490
1.040435791015625,-21.50794625,14150,1076672,144.02,0.08309171348810196,0.001,1076773,76,0.47,8500
1.3228352069854736,-21.587711420000005,14168,1078212,142.22,0.05260641872882843,0.001,1078313,76,0.51,8510
1.3980116844177246,-21.49071946,14175,1078759,138.58,0.26785773038864136,0.001,1078860,76,0.51,8520
1.3874682188034058,-21.159888499999997,14182,1079373,133.95,0.06801116466522217,0.001,1079474,76,0.52,8530
1.3674696683883667,-21.410936739999997,14206,1080837,139.35,0.047964002937078476,0.001,1080938,76,0.57,8540
1.3229246139526367,-20.52252245,14219,1081893,137.34,0.13066396117210388,0.001,1081994,76,0.56,8550
1.2531499862670898,-19.736279890000002,14226,1082508,126.34,0.06901177763938904,0.001,1082609,76,0.57,8560
1.4652228355407715,-18.507168860000004,14249,1084362,116.77,0.07569770514965057,0.001,1084463,76,0.6,8570
1.3981842994689941,-18.727780879999997,14269,1085445,118.28,0.11530115455389023,0.001,1085546,76,0.61,8580
1.420371651649475,-17.90978089,14285,1086788,118.87,0.06431948393583298,0.001,1086889,76,0.64,8590
1.45321524143219,-17.05322665,14294,1087524,108.52,0.040505290031433105,0.001,1087625,76,0.68,8600
1.3203859329223633,-16.942918570000003,14310,1088833,106.21,0.05420001968741417,0.001,1088934,76,0.69,8610
1.447481393814087,-17.36413032,14321,1089758,109.99,0.09771904349327087,0.001,1089859,76,0.67,8620
1.4924753904342651,-17.183998719999998,14333,1090255,108.82,0.05822202190756798,0.001,1090356,76,0.68,8630
1.3036112785339355,-16.524522,14340,1090900,100.63,0.08278078585863113,0.001,1091001,76,0.68,8640
1.7394530773162842,-16.111339819999998,14351,1091790,98.97,0.07307784259319305,0.001,1091891,76,0.7,8650
1.3755004405975342,-16.497085390000002,14365,1093031,105.23,0.07689007371664047,0.001,1093132,76,0.72,8660
1.2331914901733398,-15.98793081,14376,1093954,95.92,0.14774580299854279,0.001,1094055,76,0.72,8670
1.530501365661621,-15.565197389999998,14384,1094662,92.17,0.20503389835357666,0.001,1094763,76,0.75,8680
1.3398659229278564,-15.305609489999995,14397,1095583,87.95,0.24186363816261292,0.001,1095684,76,0.74,8690
1.5931670665740967,-15.766314219999996,14409,1096587,90.63,0.16666951775550842,0.001,1096688,76,0.73,8700
1.418128490447998,-14.833215150000001,14416,1097160,83.27,0.11375881731510162,0.001,1097261,76,0.71,8710
1.1649290323257446,-15.46770239,14436,1098888,91.3,0.15238168835639954,0.001,1098989,76,0.71,8720
1.3568131923675537,-16.07256171,14452,1099920,96.65,0.08200258016586304,0.001,1100021,76,0.67,8730
1.186521053314209,-16.0285523,14458,1100466,95.66,0.11708809435367584,0.001,1100567,76,0.67,8740
0.9853169918060303,-15.651874029999998,14464,1100929,91.39,0.1502983421087265,0.001,1101030,76,0.67,8750
1.2190594673156738,-16.320729469999996,14476,1101989,89.58,0.06859496235847473,0.001,1102090,76,0.66,8760
1.3774718046188354,-16.85960634,14493,1103485,95.31,0.06384259462356567,0.001,1103586,76,0.65,8770
1.0188648700714111,-17.06131854,14505,1104448,97.86,0.16313250362873077,0.001,1104549,76,0.64,8780
1.3048145771026611,-16.493281800000002,14515,1105022,94.39,0.0721854716539383,0.001,1105123,76,0.66,8790
1.201055884361267,-16.450160890000003,14526,1106041,94.54,0.17217984795570374,0.001,1106142,76,0.67,8800
1.2603223323822021,-16.532489509999994,14534,1106663,95.03,0.09260065853595734,0.001,1106764,76,0.68,8810
0.9047785997390747,-16.234758479999996,14548,1107848,89.6,0.281922310590744,0.001,1107949,76,0.68,8820
1.1836189031600952,-16.73152086,14564,1109201,92.81,0.11704311519861221,0.001,1109302,76,0.72,8830
1.1150686740875244,-16.69643923,14570,1109716,92.5,0.2701355814933777,0.001,1109817,76,0.68,8840
1.302140474319458,-17.088596069999994,14581,1110318,93.89,0.13754406571388245,0.001,1110419,76,0.64,8850
1.0701851844787598,-16.50888825,14596,1111578,95.89,0.07625016570091248,0.001,1111679,76,0.65,8860
1.0385475158691406,-16.501849449999998,14614,1113039,95.54,0.1649913787841797,0.001,1113140,76,0.65,8870
0.831928551197052,-16.85714353,14625,1113950,95.02,0.14359444379806519,0.001,1114051,76,0.64,8880
1.1054766178131104,-17.48226863,14642,1114915,98.93,0.1492447555065155,0.001,1115016,76,0.61,8890
0.8587003350257874,-17.53098268,14650,1115635,95.94,0.07935649901628494,0.001,1115736,76,0.59,8900
1.126082181930542,-18.35806922,14669,1117158,104.95,0.10081034153699875,0.001,1117259,76,0.55,8910
0.9405099153518677,-18.584288980000004,14686,1118582,107.34,0.21922767162322998,0.001,1118683,76,0.57,8920
1.1478352546691895,-18.211904329999996,14709,1119904,107.03,0.05161214992403984,0.001,1120005,76,0.57,8930
1.547612190246582,-18.912542249999998,14722,1121035,113.19,0.18720699846744537,0.001,1121136,76,0.61,8940
1.3489384651184082,-18.83423864,14728,1121605,112.87,0.07419480383396149,0.001,1121706,76,0.63,8950
1.3294053077697754,-18.711243749999998,14740,1122571,109.93,0.053164489567279816,0.001,1122672,76,0.63,8960
1.3101325035095215,-18.145048069999998,14749,1123346,103.07,0.10244926065206528,0.001,1123447,76,0.64,8970
1.3992946147918701,-17.663347690000002,14757,1124105,101.55,0.14156648516654968,0.001,1124206,76,0.65,8980
1.4740710258483887,-17.61013118,14775,1125154,102.39,0.07859428226947784,0.001,1125255,76,0.66,8990
1.331930160522461,-17.577294570000003,14787,1126180,105.45,0.07039201259613037,0.001,1126281,76,0.65,9000
1.362379550933838,-16.72731341,14795,1126878,97.2,0.05230151116847992,0.001,1126979,76,0.69,9010
1.4643679857254028,-15.905044039999998,14804,1127611,90.29,0.16835367679595947,0.001,1127712,76,0.68,9020
1.5628790855407715,-15.968912099999997,14814,1128517,86.13,0.17475184798240662,0.001,1128618,76,0.67,9030
1.6790095567703247,-15.742823860000001,14823,1129304,82.69,0.22927463054656982,0.001,1129405,76,0.63,9040
1.7643383741378784,-16.546620170000004,14847,1130936,93.31,0.11422719806432724,0.001,1131037,76,0.65,9050
1.7491347789764404,-16.47960948,14861,1132133,95.62,0.09054616838693619,0.001,1132234,76,0.65,9060
1.6469805240631104,-17.12114708,14880,1133777,104.31,0.09599107503890991,0.001,1133878,76,0.66,9070
1.4243196249008179,-17.60745608,14903,1135282,111.77,0.20869679749011993,0.001,1135383,76,0.64,9080
1.4771188497543335,-17.701180179999998,14916,1136380,112.26,0.3098026216030121,0.001,1136481,76,0.65,9090
1.3577289581298828,-18.10743834,14931,1137707,115.27,0.1727290153503418,0.001,1137808,76,0.63,9100
1.6145782470703125,-18.98170458,14953,1139618,127.4,0.06537964940071106,0.001,1139719,76,0.62,9110
1.5972585678100586,-19.14468491,14968,1140436,128.25,0.0778416097164154,0.001,1140537,76,0.62,9120
1.46804678440094,-18.5591467,14976,1141080,125.63,0.09357872605323792,0.001,1141181,76,0.62,9130
1.3545582294464111,-18.321470369999997,14984,1141736,124.32,0.08505953848361969,0.001,1141837,76,0.63,9140
1.5913276672363281,-17.78599246,14995,1142660,117.24,0.09428016096353531,0.001,1142761,76,0.6,9150
1.5753083229064941,-18.160085820000003,15007,1143645,115.12,0.39303863048553467,0.001,1143746,76,0.59,9160
1.49583899974823,-17.71238443,15020,1144762,109.85,0.059876035898923874,0.001,1144863,76,0.55,9170
1.3496267795562744,-16.940479120000003,15030,1145267,99.85,0.10308006405830383,0.001,1145368,76,0.56,9180
1.4857239723205566,-16.996425990000002,15044,1146409,100.29,0.14585335552692413,0.001,1146510,76,0.56,9190
1.2493324279785156,-16.596428859999996,15056,1147472,97.65,0.039268285036087036,0.001,1147573,76,0.59,9200
1.3265700340270996,-17.34732142,15080,1149508,98.9,0.09253524243831635,0.001,1149609,76,0.57,9210
0.9813071489334106,-17.24263852,15094,1150276,98.4,0.050676070153713226,0.001,1150377,76,0.59,9220
1.2930601835250854,-17.72220187,15107,1151387,103.07,0.10404723137617111,0.001,1151488,76,0.59,9230
1.2539159059524536,-18.346875609999998,15122,1152635,108.99,0.0626867264509201,0.001,1152736,76,0.6,9240
1.3411614894866943,-18.652685809999998,15140,1154129,114.69,0.13041186332702637,0.001,1154230,76,0.62,9250
1.3997385501861572,-17.840793169999998,15146,1154636,109.91,0.0980660617351532,0.001,1154737,76,0.62,9260
1.294389009475708,-17.50627099,15162,1155564,108.02,0.05241144448518753,0.001,1155665,76,0.61,9270
1.3848161697387695,-18.31141765,15181,1157168,119.01,0.1077723354101181,0.001,1157269,76,0.61,9280
1.2561107873916626,-18.42688059,15193,1158196,117.87,0.1027936264872551,0.001,1158297,76,0.61,9290
1.5092363357543945,-17.835232780000005,15198,1158675,112.03,0.059532541781663895,0.001,1158776,76,0.61,9300
1.3053549528121948,-17.003077910000002,15221,1160174,106.66,0.09815160930156708,0.001,1160275,76,0.62,9310
1.2734373807907104,-17.089887590000004,15235,1161304,110.28,0.07739897072315216,0.001,1161405,76,0.6,9320
1.3446624279022217,-16.9314219,15244,1162040,106.53,0.09873296320438385,0.001,1162141,76,0.6,9330
1.3730442523956299,-17.4974244,15257,1163102,104.67,0.12744708359241486,0.001,1163203,76,0.56,9340
1.3423982858657837,-17.30675572,15269,1164105,99.76,0.10233217477798462,0.001,1164206,76,0.53,9350
1.3979483842849731,-17.66405749,15285,1165010,103.74,0.11971238255500793,0.001,1165111,76,0.53,9360
1.252908706665039,-17.94663176,15300,1166269,107.05,0.06914973258972168,0.001,1166370,76,0.56,9370
1.2412805557250977,-17.965673860000003,15314,1167499,103.31,0.11531003564596176,0.001,1167600,76,0.53,9380
1.1835211515426636,-19.142755610000002,15346,1169935,117.39,0.10521286725997925,0.001,1170036,76,0.51,9390
1.19842529296875,-19.41985706,15354,1170588,119.13,0.10237887501716614,0.001,1170689,76,0.51,9400
1.200589895248413,-18.721773080000002,15361,1171227,110.53,0.0971614420413971,0.001,1171328,76,0.51,9410
1.2462927103042603,-18.98126778,15373,1172222,109.18,0.13361887633800507,0.001,1172323,76,0.5,9420
1.1726222038269043,-19.391039420000002,15389,1173587,115.47,0.8470913767814636,0.001,1173688,76,0.51,9430
1.426647663116455,-18.53073569,15398,1174294,111.92,0.10981930792331696,0.001,1174395,76,0.56,9440
1.0893752574920654,-18.79132769,15422,1175604,114.99,0.14462462067604065,0.001,1175705,76,0.59,9450
1.3076378107070923,-19.28572272,15438,1176941,119.31,0.09879831969738007,0.001,1177042,76,0.57,9460
1.3348243236541748,-20.533542739999998,15463,1179035,127.66,0.10092254728078842,0.001,1179136,76,0.53,9470
0.9268816113471985,-20.9613694,15491,1180570,130.71,0.14151382446289062,0.001,1180671,76,0.52,9480
1.1619998216629028,-20.00314568,15505,1181771,118.36,0.10095198452472687,0.001,1181872,76,0.55,9490
1.031364917755127,-20.343634889999997,15516,1182632,120.44,0.22015592455863953,0.001,1182733,76,0.54,9500
1.0929944515228271,-20.85987454,15530,1183765,125.38,0.1467391699552536,0.001,1183866,76,0.54,9510
1.3443095684051514,-21.494658639999994,15541,1184699,124.77,0.49728649854660034,0.001,1184800,76,0.53,9520
1.1439582109451294,-22.456632349999996,15572,1186537,129.5,0.19862942397594452,0.001,1186638,76,0.5,9530
1.258468747138977,-23.98726804,15595,1188507,142.13,0.6436313390731812,0.001,1188608,76,0.47,9540
1.3607656955718994,-24.758998419999998,15609,1189736,141.32,0.10459412634372711,0.001,1189837,76,0.46,9550
1.2037274837493896,-24.715587660000004,15630,1191072,141.31,0.09157577157020569,0.001,1191173,76,0.45,9560
1.290675401687622,-23.092669219999998,15640,1191897,128.62,0.1505914181470871,0.001,1191998,76,0.52,9570
1.4196031093597412,-22.677983810000004,15653,1193003,124.33,0.10545060783624649,0.001,1193104,76,0.51,9580
1.2199599742889404,-22.66183816,15670,1194373,126.02,0.047601062804460526,0.001,1194474,76,0.51,9590
1.4691519737243652,-22.545805639999998,15687,1195434,128.02,0.10686150193214417,0.001,1195535,76,0.5,9600
1.3108826875686646,-22.7873229,15703,1196837,130.72,0.1268235296010971,0.001,1196938,76,0.49,9610
1.1573328971862793,-21.480838130000006,15709,1197341,126.42,0.06084391847252846,0.001,1197442,76,0.48,9620
1.6018710136413574,-20.471846109999998,15722,1198454,119.17,0.0975959375500679,0.001,1198555,76,0.48,9630
1.3438161611557007,-18.77342477,15732,1199292,107.85,0.15452997386455536,0.001,1199393,76,0.5,9640
1.3426357507705688,-17.20997507,15739,1199842,101.06,0.09175074100494385,0.001,1199943,76,0.49,9650
1.5242111682891846,-16.5685438,15751,1200544,94.72,0.1717628538608551,0.001,1200645,76,0.51,9660
1.396134853363037,-16.64270265,15762,1201509,96.12,0.12466814368963242,0.001,1201610,76,0.47,9670
1.2613697052001953,-16.546401090000003,15777,1202800,97.97,0.08153264969587326,0.001,1202901,76,0.51,9680
1.4556779861450195,-15.99536316,15788,1203740,93.67,0.08270766586065292,0.001,1203841,76,0.49,9690
1.5187817811965942,-17.025609999999997,15821,1205787,103.53,0.06822045147418976,0.001,1205888,76,0.49,9700
1.408231496810913,-16.15013095,15830,1206561,97.24,0.04360716789960861,0.001,1206662,76,0.49,9710
1.2333405017852783,-16.55215637,15840,1207403,100.62,0.0650867372751236,0.001,1207504,76,0.5,9720
1.3550195693969727,-15.876145359999999,15847,1208006,95.52,0.07120846211910248,0.001,1208107,76,0.52,9730
1.5382567644119263,-16.304339879999997,15865,1209577,102.85,0.09254077821969986,0.001,1209678,76,0.53,9740
1.551452875137329,-16.258736050000003,15877,1210159,103.17,0.0753728598356247,0.001,1210260,76,0.54,9750
1.4998018741607666,-16.36796862,15884,1210772,102.28,0.14143209159374237,0.001,1210873,76,0.52,9760
1.394341230392456,-17.07119975,15905,1212579,110.7,0.08133873343467712,0.001,1212680,76,0.51,9770
1.3011505603790283,-17.76711805,15931,1214728,119.28,0.08916334807872772,0.001,1214829,76,0.47,9780
1.346280574798584,-17.74194153,15945,1215685,119.45,0.12364760786294937,0.001,1215786,76,0.46,9790
1.5121716260910034,-16.62384307,15953,1216348,105.61,0.08223609626293182,0.001,1216449,76,0.47,9800
1.5223617553710938,-16.81291221,15962,1217178,106.17,0.33840975165367126,0.001,1217279,76,0.48,9810
1.626673936843872,-16.73121658,15974,1218136,107.33,0.1153370812535286,0.001,1218237,76,0.49,9820
1.5507694482803345,-16.60438899,15980,1218674,106.68,0.43441683053970337,0.001,1218775,76,0.5,9830
1.275343656539917,-16.19499317,15992,1219656,100.79,0.10993596166372299,0.001,1219757,76,0.48,9840
1.3241798877716064,-16.6948467,16007,1220468,103.09,0.05703354626893997,0.001,1220569,76,0.51,9850
1.4658714532852173,-17.27434936,16025,1221962,111.9,0.14860372245311737,0.001,1222063,76,0.49,9860
1.2967150211334229,-17.29996262,16041,1223235,106.56,0.08856247365474701,0.001,1223336,76,0.48,9870
1.2900059223175049,-16.83580602,16055,1224476,97.48,0.14142902195453644,0.001,1224577,76,0.53,9880
1.4626531600952148,-17.465436410000002,16079,1225825,101.4,0.06926771998405457,0.001,1225926,76,0.55,9890
1.598412036895752,-17.37585869,16087,1226442,100.94,0.08728006482124329,0.001,1226543,76,0.57,9900
1.3602769374847412,-17.572019299999997,16104,1227898,107.2,0.04784724488854408,0.001,1227999,76,0.55,9910
1.5867735147476196,-17.936342820000004,16117,1228959,108.23,0.14011165499687195,0.001,1229060,76,0.55,9920
1.3926914930343628,-18.85055659,16142,1230547,118.73,0.07512463629245758,0.001,1230648,76,0.49,9930
1.5455247163772583,-19.385818880000002,16162,1232153,124.97,0.11807365715503693,0.001,1232254,76,0.48,9940
1.5209664106369019,-20.22464668,16179,1233593,131.25,0.06752645969390869,0.001,1233694,76,0.45,9950
1.4575978517532349,-19.52650442,16187,1234219,122.57,0.05309932678937912,0.001,1234320,76,0.48,9960
1.4629015922546387,-19.0873977,16204,1235202,119.67,0.12114360928535461,0.001,1235303,76,0.51,9970
1.2827743291854858,-18.328029779999998,16212,1235917,114.41,0.07667647302150726,0.001,1236018,76,0.48,9980
1.2918510437011719,-17.77265979,16224,1236985,111.6,0.10427433997392654,0.001,1237086,76,0.47,9990
1.4182639122009277,-17.717831290000003,16233,1237701,112.59,0.05445266142487526,0.001,1237802,76,0.46,10000
1.565794587135315,-17.18830755,16239,1238261,103.63,0.11759053170681,0.001,1238362,76,0.5,10010
1.4849610328674316,-17.37829287,16257,1239720,107.61,0.05940108746290207,0.001,1239821,76,0.5,10020
1.453566312789917,-17.13723652,16273,1240617,100.7,0.17059099674224854,0.001,1240718,76,0.54,10030
1.551034688949585,-17.67453172,16285,1241612,94.59,0.24697299301624298,0.001,1241713,76,0.55,10040
1.6632416248321533,-17.04890355,16299,1242830,92.37,0.20563027262687683,0.001,1242931,76,0.55,10050
1.4412322044372559,-18.51789161,16319,1244476,102.57,0.09411465376615524,0.001,1244577,76,0.53,10060
1.5975384712219238,-18.87889183,16342,1246065,108.63,0.06791921705007553,0.001,1246166,76,0.55,10070
1.7257647514343262,-19.11300302,16350,1246770,108.53,0.1301490068435669,0.001,1246871,76,0.57,10080
1.3432937860488892,-19.61360184,16370,1248436,114.51,0.0850200429558754,0.001,1248537,76,0.58,10090
1.5856857299804688,-20.630282339999997,16393,1249963,122.62,0.10607976466417313,0.001,1250064,76,0.61,10100
1.4126659631729126,-21.10672333,16408,1251245,129.84,0.08091261982917786,0.001,1251346,76,0.62,10110
1.5425529479980469,-20.968937299999997,16422,1252416,126.96,0.18940120935440063,0.001,1252517,76,0.62,10120
1.347407341003418,-20.908125439999996,16437,1253693,130.76,0.06691856682300568,0.001,1253794,76,0.61,10130
1.4531549215316772,-20.440530790000004,16463,1255544,139.32,0.07936696708202362,0.001,1255645,76,0.59,10140
1.5976648330688477,-19.90879934,16472,1256248,134.18,0.11573858559131622,0.001,1256349,76,0.6,10150
1.595841884613037,-19.368844450000005,16489,1257709,132.33,0.1546030044555664,0.001,1257810,76,0.62,10160
1.424959421157837,-19.05514975,16501,1258702,126.37,0.14372357726097107,0.001,1258803,76,0.59,10170
1.5204238891601562,-19.92007264,16525,1260539,137.69,0.09329985082149506,0.001,1260640,76,0.6,10180
1.300429105758667,-19.74075912,16541,1261878,134.42,0.10503724962472916,0.001,1261979,76,0.61,10190
1.4519569873809814,-19.10122816,16555,1263035,130.72,0.06236802414059639,0.001,1263136,76,0.61,10200
1.5397682189941406,-20.13319892,16588,1265186,139.41,0.07016867399215698,0.001,1265287,76,0.59,10210
1.5423094034194946,-19.8019475,16598,1266003,135.87,0.22570958733558655,0.001,1266104,76,0.57,10220
1.3808674812316895,-19.309655820000003,16607,1266787,130.94,0.06771285831928253,0.001,1266888,76,0.6,10230
1.7809760570526123,-18.98727972,16620,1267936,123.92,0.08578003942966461,0.001,1268037,76,0.64,10240
1.510603666305542,-19.20183674,16631,1268872,126.24,0.07324706763029099,0.001,1268973,76,0.59,10250
1.2035921812057495,-19.74575388,16662,1270755,130.46,0.11237294971942902,0.001,1270856,76,0.59,10260
1.282556414604187,-19.25043535,16672,1271632,129.3,0.045382946729660034,0.001,1271733,76,0.61,10270
1.4455187320709229,-18.84836311,16689,1273100,125.61,0.06661546230316162,0.001,1273201,76,0.56,10280
1.3838703632354736,-19.11246558,16719,1274901,130.23,0.247138112783432,0.001,1275002,76,0.54,10290
1.2464308738708496,-20.07205385,16735,1276288,132.53,0.21068821847438812,0.001,1276389,76,0.51,10300
0.9269127249717712,-19.26710837,16752,1277669,124.83,0.08541567623615265,0.001,1277770,76,0.47,10310
0.76091068983078,-19.440390590000003,16768,1278985,129.82,0.0673019140958786,0.001,1279086,76,0.48,10320
0.8618931770324707,-21.58665227,16808,1281649,148.62,0.11001159995794296,0.001,1281750,76,0.45,10330
1.1382778882980347,-22.00952305,16830,1283515,155.79,0.08295942842960358,0.001,1283616,76,0.41,10340
1.0799858570098877,-22.969621689999993,16861,1285291,164.19,0.14253869652748108,0.001,1285392,76,0.44,10350
1.299086570739746,-22.270241149999997,16882,1287091,163.36,0.09891559183597565,0.001,1287192,76,0.43,10360
1.0696003437042236,-23.43612207,16902,1288786,171.54,0.08939968049526215,0.001,1288887,76,0.37,10370
1.2583732604980469,-22.860214119999995,16914,1289873,167.73,0.10772918164730072,0.001,1289974,76,0.39,10380
1.0059821605682373,-23.00999725,16943,1291641,167.4,0.4245341122150421,0.001,1291742,76,0.37,10390
1.3965160846710205,-22.03764593,16954,1292568,162.8,0.05697641149163246,0.001,1292669,76,0.35,10400
1.2476470470428467,-21.695973600000002,16963,1293369,157.0,0.05424991995096207,0.001,1293470,76,0.38,10410
1.319336175918579,-21.77860207,16979,1294698,157.13,0.05840587243437767,0.001,1294799,76,0.38,10420
1.4159414768218994,-20.518136100000003,17009,1296649,150.0,0.04167724773287773,0.001,1296750,76,0.37,10430
1.2079343795776367,-20.11713325,17023,1297776,142.61,0.09754332900047302,0.001,1297877,76,0.38,10440
1.360156536102295,-20.00883193,17045,1299650,143.59,0.08851371705532074,0.001,1299751,76,0.37,10450
1.5579910278320312,-20.691251,17073,1301274,141.83,0.09383577853441238,0.001,1301375,76,0.38,10460
1.5244672298431396,-20.75710018,17090,1302679,138.93,0.08110623806715012,0.001,1302780,76,0.42,10470
1.4207427501678467,-22.058216329999997,17116,1304874,150.01,0.03731677308678627,0.001,1304975,76,0.44,10480
1.3885648250579834,-21.992767599999997,17149,1306868,152.27,0.08077887445688248,0.001,1306969,76,0.47,10490
1.383415699005127,-21.843260579999995,17158,1307650,150.82,0.09670291841030121,0.001,1307751,76,0.49,10500
1.4901258945465088,-22.200208159999992,17173,1308873,155.04,0.09957464039325714,0.001,1308974,76,0.49,10510
1.6047136783599854,-22.135406039999992,17185,1309845,151.47,0.09898768365383148,0.001,1309946,76,0.53,10520
1.422744631767273,-21.54144719,17203,1310815,141.66,0.05552251636981964,0.001,1310916,76,0.58,10530
1.4067496061325073,-21.291158650000003,17213,1311653,138.77,0.0821426659822464,0.001,1311754,76,0.59,10540
1.3782410621643066,-20.261356,17222,1312406,127.56,0.09427006542682648,0.001,1312507,76,0.6,10550
1.7978336811065674,-19.76931851,17239,1313822,125.48,0.023628804832696915,0.001,1313923,76,0.6,10560
1.212367057800293,-18.7692486,17259,1314901,122.22,0.08100184053182602,0.001,1315002,76,0.61,10570
1.4417983293533325,-17.61665466,17269,1315752,108.78,0.0369051918387413,0.001,1315853,76,0.6,10580
1.6054613590240479,-16.757628859999997,17280,1316664,97.96,0.1326976865530014,0.001,1316765,76,0.61,10590
1.2995418310165405,-17.57819226,17308,1319057,114.07,0.11948458105325699,0.001,1319158,76,0.59,10600
1.4753124713897705,-18.71360172,17346,1321547,126.74,0.31235724687576294,0.001,1321648,76,0.57,10610
1.4598329067230225,-18.752085479999995,17360,1322710,128.65,0.06851785629987717,0.001,1322811,76,0.54,10620
1.4981210231781006,-18.935244989999998,17373,1323774,129.59,0.08108961582183838,0.001,1323875,76,0.51,10630
1.451593279838562,-19.50216461,17399,1325479,138.26,0.06604431569576263,0.001,1325580,76,0.51,10640
1.4162845611572266,-20.419401630000003,17424,1327561,151.55,0.1592799872159958,0.001,1327662,76,0.53,10650
1.3717501163482666,-19.579661169999998,17435,1328425,146.03,0.05788252130150795,0.001,1328526,76,0.54,10660
1.2934339046478271,-19.85194311,17448,1329554,146.53,0.04360479861497879,0.001,1329655,76,0.53,10670
1.4061729907989502,-19.453532960000004,17462,1330097,143.45,0.05373784154653549,0.001,1330198,76,0.52,10680
1.2470484972000122,-20.71406453,17496,1332970,163.06,0.10398507118225098,0.001,1333071,76,0.5,10690
1.3737658262252808,-19.5072458,17503,1333487,144.3,0.10236437618732452,0.001,1333588,76,0.52,10700
1.4325141906738281,-18.915142300000003,17533,1335419,138.72,0.22513559460639954,0.001,1335520,76,0.55,10710
1.4024159908294678,-19.368162599999998,17552,1336995,142.85,0.1195610761642456,0.001,1337096,76,0.53,10720
1.3419910669326782,-19.43458094,17567,1338278,145.04,0.08880606293678284,0.001,1338379,76,0.54,10730
1.3845165967941284,-18.322817120000003,17573,1338846,133.67,0.050634514540433884,0.001,1338947,76,0.54,10740
1.500223159790039,-17.16983695,17580,1339415,118.54,0.10036247968673706,0.001,1339516,76,0.52,10750
1.5311527252197266,-17.01498359,17595,1340123,116.98,0.039725638926029205,0.001,1340224,76,0.54,10760
1.733245611190796,-16.93258088,17608,1341259,117.05,0.13773992657661438,0.001,1341360,76,0.55,10770
1.6022493839263916,-18.014935089999998,17629,1343016,129.19,0.10009974986314774,0.001,1343117,76,0.57,10780
1.6239300966262817,-16.579581769999997,17635,1343601,106.31,0.07447654753923416,0.001,1343702,76,0.6,10790
1.3502906560897827,-16.90876356,17647,1344561,110.74,0.08328902721405029,0.001,1344662,76,0.6,10800
1.461517572402954,-16.16778648,17664,1345666,102.47,0.05230705067515373,0.001,1345767,76,0.6,10810
1.6563148498535156,-16.604369589999997,17691,1347983,109.88,0.217400923371315,0.001,1348084,76,0.62,10820
1.5209851264953613,-16.05786035,17698,1348533,102.55,0.11648038029670715,0.001,1348634,76,0.62,10830
1.7707998752593994,-16.5320182,17710,1349575,107.29,0.053660184144973755,0.001,1349676,76,0.63,10840
1.3685507774353027,-17.17506286,17727,1350736,113.21,0.11449825763702393,0.001,1350837,76,0.64,10850
1.250889778137207,-17.15247744,17739,1351740,116.17,0.08733931183815002,0.001,1351841,76,0.62,10860
1.7290486097335815,-16.98206458,17749,1352567,113.08,0.14513295888900757,0.001,1352668,76,0.61,10870
1.3870480060577393,-16.40784375,17764,1353821,108.05,0.09119200706481934,0.001,1353922,76,0.6,10880
1.211055040359497,-16.63568882,17774,1354651,110.5,0.4705812931060791,0.001,1354752,76,0.58,10890
1.187358021736145,-16.597095089999996,17786,1355390,108.29,0.08636467158794403,0.001,1355491,76,0.55,10900
0.8552296161651611,-16.361057030000005,17794,1356040,103.74,0.21633748710155487,0.001,1356141,76,0.51,10910
0.9017719626426697,-15.157000860000004,17804,1356910,89.27,0.13757219910621643,0.001,1357011,76,0.53,10920
0.1085151880979538,-15.637460480000001,17818,1357997,94.64,0.4505753517150879,0.001,1358098,76,0.5,10930
-0.22457477450370789,-16.415295110000002,17849,1359901,103.26,0.18829108774662018,0.001,1360002,76,0.46,10940
-0.3735758066177368,-16.3324219,17862,1361023,102.87,0.5451690554618835,0.001,1361124,76,0.44,10950
0.013035096228122711,-17.71406103,17886,1363076,113.36,0.1594606339931488,0.001,1363177,76,0.41,10960
0.5156347751617432,-19.23847198,17923,1365357,127.9,0.10112857818603516,0.001,1365458,76,0.38,10970
1.0787615776062012,-20.96253207,17957,1368220,143.99,0.5255637764930725,0.001,1368321,76,0.36,10980
1.2523846626281738,-22.74567908,18000,1371004,163.53,0.07553809881210327,0.001,1371105,76,0.34,10990
1.429972529411316,-24.845663400000003,18036,1373975,185.85,0.08688221871852875,0.001,1374076,76,0.34,11000
1.6002484560012817,-26.807643470000006,18067,1375873,198.33,0.13105344772338867,0.001,1375974,76,0.34,11010
1.577036738395691,-28.52556914,18093,1378025,211.15,0.037094563245773315,0.001,1378126,76,0.31,11020
1.5850353240966797,-29.2846553,18113,1379634,216.37,0.08082805573940277,0.001,1379735,76,0.34,11030
1.6176239252090454,-28.655634339999995,18131,1380548,206.47,0.06644035130739212,0.001,1380649,76,0.38,11040
1.7699909210205078,-28.706735489999996,18144,1381697,206.74,0.08869712054729462,0.001,1381798,76,0.41,11050
1.4479358196258545,-27.554838820000004,18155,1382551,194.75,0.053500883281230927,0.001,1382652,76,0.45,11060
1.801495909690857,-26.466572919999997,18169,1383698,183.41,0.06029319018125534,0.001,1383799,76,0.45,11070
1.5875487327575684,-24.93004386,18190,1385000,167.8,0.11409042775630951,0.001,1385101,76,0.46,11080
1.803330659866333,-23.43453768,18205,1386272,152.68,0.14652399718761444,0.001,1386373,76,0.51,11090
1.456869125366211,-21.81733478,18219,1387433,134.58,0.21912838518619537,0.001,1387534,76,0.55,11100
1.4968087673187256,-20.65617947,18239,1389025,131.52,0.04517268389463425,0.001,1389126,76,0.55,11110
1.4045945405960083,-19.196670340000004,18257,1390173,121.48,0.1100776344537735,0.001,1390274,76,0.55,11120
1.4108351469039917,-18.11438308,18269,1391166,115.32,0.22599615156650543,0.001,1391267,76,0.56,11130
1.3285956382751465,-17.89293528,18282,1392290,117.42,0.320975661277771,0.001,1392391,76,0.57,11140
1.3691651821136475,-18.14063109,18300,1393819,121.22,0.05257008969783783,0.001,1393920,76,0.57,11150
1.4822845458984375,-18.35256088,18311,1394786,122.35,0.08410774171352386,0.001,1394887,76,0.56,11160
1.5539352893829346,-18.57348496,18332,1396032,123.34,0.10025976598262787,0.001,1396133,76,0.61,11170
1.5030701160430908,-18.092318520000003,18338,1396607,116.07,0.06943785399198532,0.001,1396708,76,0.61,11180
1.3199454545974731,-19.46596341,18355,1398065,117.93,0.07247793674468994,0.001,1398166,76,0.58,11190
1.6275849342346191,-19.46627036,18367,1399050,116.17,0.1065540760755539,0.001,1399151,76,0.56,11200
1.3115571737289429,-19.24910848,18384,1400130,111.05,0.07899537682533264,0.001,1400231,76,0.6,11210
1.287109613418579,-18.91535354,18390,1400645,104.72,0.48789137601852417,0.001,1400746,76,0.62,11220
1.408717155456543,-19.639142510000003,18406,1402067,109.01,0.09328491985797882,0.001,1402168,76,0.61,11230
1.8281254768371582,-19.51565568,18415,1402806,105.16,0.05270189791917801,0.001,1402907,76,0.6,11240
1.508675217628479,-19.526813100000002,18427,1403884,100.65,0.11535674333572388,0.001,1403985,76,0.58,11250
1.5040433406829834,-19.111232459999997,18435,1404510,97.24,0.07271485775709152,0.001,1404611,76,0.58,11260
1.2947605848312378,-18.377474229999997,18447,1405313,92.81,0.08032788336277008,0.001,1405414,76,0.56,11270
1.6498386859893799,-18.719924989999996,18460,1406420,98.13,0.06418018788099289,0.001,1406521,76,0.59,11280
1.6000393629074097,-17.26135377,18474,1407604,95.39,0.08214819431304932,0.001,1407705,76,0.61,11290
1.4152603149414062,-17.09138093,18483,1408376,93.26,0.12898167967796326,0.001,1408477,76,0.63,11300
1.7712993621826172,-16.688385880000002,18496,1409435,93.05,0.3691454529762268,0.001,1409536,76,0.65,11310
1.4294261932373047,-17.075091099999998,18516,1410625,99.8,0.08172943443059921,0.001,1410726,76,0.65,11320
1.5268020629882812,-16.11644349,18524,1411302,92.35,0.16622601449489594,0.001,1411403,76,0.66,11330
1.5280368328094482,-16.65563791,18536,1412349,95.43,0.10373084247112274,0.001,1412450,76,0.65,11340
1.4640693664550781,-16.39602862,18550,1413559,96.75,0.06725654006004333,0.001,1413660,76,0.65,11350
1.2391363382339478,-16.86423783,18563,1414658,101.48,0.3513292074203491,0.001,1414759,76,0.64,11360
1.6215983629226685,-16.371768839999998,18572,1415060,97.47,0.1342254877090454,0.001,1415161,76,0.62,11370
0.9572800397872925,-16.42613268,18586,1416267,98.47,0.06671355664730072,0.001,1416368,76,0.56,11380
1.1445571184158325,-17.34463127,18601,1417520,99.16,0.10403428971767426,0.001,1417621,76,0.51,11390
0.5853208303451538,-16.627355629999997,18607,1418011,96.35,0.27824413776397705,0.001,1418112,76,0.47,11400
0.6243951320648193,-17.24034226,18622,1419235,98.0,0.10906440019607544,0.001,1419336,76,0.39,11410
0.6116766929626465,-16.17635423,18624,1419404,87.79,0.34231889247894287,0.001,1419505,76,0.33,11420
0.6554739475250244,-16.16602778,18633,1419952,86.5,0.13349393010139465,0.001,1420053,76,0.27,11430
0.4704700708389282,-14.91921792,18635,1420116,77.67,0.15640567243099213,0.001,1420217,76,0.22,11440
1.3920869827270508,-13.84441561,18637,1420319,67.6,0.20186279714107513,0.001,1420420,76,0.18,11450
0.3689790666103363,-13.428626370000002,18645,1421009,63.51,0.12449371814727783,0.001,1421110,76,0.15,11460
0.3726314306259155,-14.043893229999998,18657,1421975,69.15,0.2863115072250366,0.001,1422076,76,0.16,11470
0.25905293226242065,-12.91892072,18659,1422145,58.78,0.15677110850811005,0.001,1422246,76,0.15,11480
0.4227063059806824,-11.253138020000002,18665,1422599,50.79,0.16627326607704163,0.001,1422700,76,0.16,11490
0.26644694805145264,-10.82557398,18667,1422765,47.54,0.07813601195812225,0.001,1422866,76,0.13,11500
-0.37555524706840515,-9.44164392,18671,1423100,38.65,0.2540952265262604,0.001,1423201,76,0.15,11510
0.01910308003425598,-9.645886410000001,18674,1423378,39.74,0.15675175189971924,0.001,1423479,76,0.17,11520
0.3611639142036438,-9.21289542,18677,1423606,36.54,0.3783167004585266,0.001,1423707,76,0.18,11530
0.14961931109428406,-9.57798671,18682,1423992,38.76,0.29869818687438965,0.001,1424093,76,0.19,11540
-0.20996294915676117,-10.132749160000001,18690,1424652,43.33,0.20123286545276642,0.001,1424753,76,0.18,11550
0.7164461612701416,-9.52922955,18692,1424813,38.04,0.5003471374511719,0.001,1424914,76,0.16,11560
0.28075358271598816,-9.17910545,18700,1425417,34.42,0.18666589260101318,0.001,1425518,76,0.13,11570
-0.37181317806243896,-9.795346010000001,18703,1425726,35.81,0.2902425527572632,0.001,1425827,76,0.14,11580
0.4082964062690735,-10.46137961,18707,1426067,34.68,0.10889068990945816,0.001,1426168,76,0.1,11590
-0.1879415661096573,-11.48991013,18711,1426372,36.07,0.4001738727092743,0.001,1426473,76,0.1,11600
-1.0953950881958008,-11.656572039999999,18713,1426573,34.73,0.31770506501197815,0.001,1426674,76,0.07,11610
0.05469338595867157,-12.145216499999998,18716,1426827,34.49,0.28005626797676086,0.001,1426928,76,0.05,11620
-0.9717236757278442,-12.557439249999998,18719,1427064,34.58,0.16895973682403564,0.001,1427165,76,0.03,11630
-0.0010825693607330322,-12.43002807,18721,1427256,32.64,0.2650783061981201,0.001,1427357,76,0.02,11640
-0.3235071301460266,-12.239283929999994,18723,1427470,28.18,0.22913937270641327,0.001,1427571,76,0.02,11650
-0.5866380333900452,-12.628898880000001,18726,1427710,28.97,0.38584649562835693,0.001,1427811,76,0.02,11660
-0.8482159376144409,-12.781370840000005,18730,1428005,25.88,0.26046520471572876,0.001,1428106,76,0.01,11670
-0.9241383075714111,-12.616977129999999,18732,1428221,24.95,0.2315068393945694,0.001,1428322,76,0.0,11680
-0.051668524742126465,-12.190197269999999,18735,1428450,23.83,0.17939530313014984,0.001,1428551,76,0.0,11690
-1.340158224105835,-11.924605499999998,18738,1428719,23.47,0.32597753405570984,0.001,1428820,76,0.0,11700
-0.9051805734634399,-12.199407429999997,18741,1428983,24.1,0.28221192955970764,0.001,1429084,76,0.0,11710
-1.0617973804473877,-12.115059409999999,18744,1429230,24.03,0.22194567322731018,0.001,1429331,76,0.0,11720
-0.13539119064807892,-12.44140332,18747,1429516,24.52,0.18746623396873474,0.001,1429617,76,0.0,11730
-0.8548840284347534,-12.940611660000002,18750,1429781,25.25,0.2801688313484192,0.001,1429882,76,0.0,11740
-0.9930330514907837,-13.010171960000003,18754,1429997,25.27,0.29973167181015015,0.001,1430098,76,0.0,11750
0.16443565487861633,-13.465485269999997,18757,1430300,25.9,0.17419838905334473,0.001,1430401,76,0.0,11760
-1.5739145278930664,-13.38650579,18760,1430535,25.3,0.2078673243522644,0.001,1430636,76,0.0,11770
-0.682223916053772,-13.55534922,18763,1430776,25.55,0.2587716579437256,0.001,1430877,76,0.0,11780
-0.32680925726890564,-13.583712349999999,18765,1431000,25.5,0.24010270833969116,0.001,1431101,76,0.0,11790
-0.7631331086158752,-13.17107701,18768,1431177,24.58,0.2915472686290741,0.001,1431278,76,0.0,11800
-0.6100816130638123,-12.770200479999998,18770,1431351,23.68,0.26517173647880554,0.001,1431452,76,0.0,11810
-0.8344602584838867,-12.40512532,18772,1431544,23.14,0.18568503856658936,0.001,1431645,76,0.0,11820
-0.04062235355377197,-11.855240889999996,18774,1431724,22.08,0.1689416617155075,0.001,1431825,76,0.0,11830
-0.8269654512405396,-11.30691119,18777,1431918,21.37,0.1669284552335739,0.001,1432019,76,0.0,11840
-1.241358995437622,-10.95677222,18779,1432084,20.87,0.35031071305274963,0.001,1432185,76,0.0,11850
-0.9250410199165344,-10.04143279,18781,1432237,19.37,0.13161525130271912,0.001,1432338,76,0.0,11860
-0.23300406336784363,-9.477794419999999,18782,1432380,18.45,0.5196474194526672,0.001,1432481,76,0.0,11870
-0.10152266919612885,-8.76895448,18784,1432500,17.24,0.09541307389736176,0.001,1432601,76,0.0,11880
-0.3246407210826874,-8.337189619999998,18786,1432662,16.62,0.24904409050941467,0.001,1432763,76,0.0,11890
-0.39213019609451294,-8.21230331,18788,1432837,16.6,0.2099829465150833,0.001,1432938,76,0.0,11900
-0.7989850044250488,-8.17977333,18790,1433030,16.79,0.3269406855106354,0.001,1433131,76,0.0,11910
-0.5271613597869873,-8.051042689999997,18792,1433196,16.52,0.6001242399215698,0.001,1433297,76,0.0,11920
-0.8624576330184937,-7.849121529999999,18794,1433363,16.39,0.2657891511917114,0.001,1433464,76,0.0,11930
-0.2113012820482254,-7.7996908,18796,1433537,16.19,0.23506730794906616,0.001,1433638,76,0.0,11940
0.38465437293052673,-7.781806389999999,18799,1433706,16.22,0.19704830646514893,0.001,1433807,76,0.0,11950
-0.18714074790477753,-7.62802996,18800,1433820,15.83,0.329690158367157,0.001,1433921,76,0.0,11960
-0.012696310877799988,-7.7193207,18802,1433992,16.12,0.15241903066635132,0.001,1434093,76,0.0,11970
-0.37752440571784973,-7.780103490000003,18804,1434129,16.29,0.15802501142024994,0.001,1434230,76,0.0,11980
0.14489194750785828,-7.66991799,18805,1434256,15.94,0.1823434829711914,0.001,1434357,76,0.0,11990
-0.04440215229988098,-7.51783936,18807,1434418,15.81,0.13831329345703125,0.001,1434519,76,0.0,12000
-0.6586108207702637,-7.30668072,18809,1434569,15.39,0.14716194570064545,0.001,1434670,76,0.0,12010
-0.2944815158843994,-7.35308629,18811,1434749,15.53,0.20242328941822052,0.001,1434850,76,0.0,12020
-0.5054287910461426,-7.321045280000002,18813,1434892,15.29,0.2208121120929718,0.001,1434993,76,0.0,12030
0.09943094104528427,-7.140052209999999,18816,1435037,15.0,0.18471796810626984,0.001,1435138,76,0.0,12040
-0.23484337329864502,-6.99974734,18817,1435158,14.52,0.24996191263198853,0.001,1435259,76,0.0,12050
-0.15621590614318848,-7.484549629999998,18820,1435393,15.73,0.2116919755935669,0.001,1435494,76,0.0,12060
-0.4055473804473877,-8.52273678,18825,1435797,18.05,0.26897335052490234,0.001,1435898,76,0.0,12070
0.009023360908031464,-8.8639884,18827,1436019,18.9,0.16913145780563354,0.001,1436120,76,0.0,12080
-0.2321271300315857,-8.823175240000001,18829,1436138,18.82,0.21056175231933594,0.001,1436239,76,0.0,12090
0.13053080439567566,-10.660879959999999,18838,1436887,24.69,0.4139226973056793,0.001,1436988,76,0.01,12100
-0.07663298398256302,-10.930168900000002,18840,1437069,25.0,0.20667511224746704,0.001,1437170,76,0.01,12110
0.008126258850097656,-21.633551429999997,18872,1439666,49.17,0.13960669934749603,0.001,1439767,76,0.01,12120
0.6023739576339722,-34.63532161,18926,1443106,82.14,0.13020212948322296,0.001,1443207,76,0.03,12130
0.978330671787262,-48.511327760000015,18988,1446929,118.92,0.27176809310913086,0.001,1447030,76,0.06,12140
1.366790771484375,-56.34458472,19035,1449904,147.46,0.1931862086057663,0.001,1450005,76,0.11,12150
1.3691502809524536,-65.7062587,19071,1453014,176.21,0.14154493808746338,0.001,1453115,76,0.13,12160
1.4340863227844238,-65.21873863,19079,1453727,179.3,0.05963963270187378,0.001,1453828,76,0.2,12170
1.4945323467254639,-66.93225945,19091,1454747,187.28,0.0925493836402893,0.001,1454848,76,0.26,12180
1.5087826251983643,-68.51380198,19115,1455888,197.5,0.04884873703122139,0.001,1455989,76,0.33,12190
1.776012659072876,-68.51950030000002,19131,1457194,203.07,0.13575555384159088,0.001,1457295,76,0.37,12200
1.7605926990509033,-69.6444063,19148,1458626,215.57,0.09124825894832611,0.001,1458727,76,0.45,12210
1.7564654350280762,-60.078116709999996,19160,1459597,199.31,0.25901687145233154,0.001,1459698,76,0.46,12220
1.4213756322860718,-48.04936288,19178,1460631,175.25,0.09717381000518799,0.001,1460732,76,0.48,12230
1.8744075298309326,-35.69991548,19194,1461963,150.34,0.166322261095047,0.001,1462064,76,0.52,12240
1.8575810194015503,-29.90329196,19217,1464017,141.13,0.06531679630279541,0.001,1464118,76,0.52,12250
1.828821063041687,-21.927485799999996,19246,1465903,128.89,0.16376005113124847,0.001,1466004,76,0.54,12260
1.5390641689300537,-22.10771615,19256,1466810,130.83,0.07769837975502014,0.001,1466911,76,0.5,12270
1.694010853767395,-23.06219265,19283,1468981,142.34,0.1407865583896637,0.001,1469082,76,0.46,12280
1.788161039352417,-22.924655579999992,19303,1470102,142.14,0.24107158184051514,0.001,1470203,76,0.43,12290
1.5543453693389893,-22.1206033,19315,1471111,139.17,0.23939797282218933,0.001,1471212,76,0.42,12300
1.5774465799331665,-22.4748595,19333,1472636,140.1,0.13871796429157257,0.001,1472737,76,0.37,12310
1.7657103538513184,-22.61182067,19354,1474384,147.87,0.11724455654621124,0.001,1474485,76,0.42,12320
1.763976812362671,-22.812216890000006,19373,1475701,150.7,0.23028261959552765,0.001,1475802,76,0.42,12330
1.61532461643219,-22.49767527,19386,1476757,147.94,0.08453254401683807,0.001,1476858,76,0.39,12340
1.7709975242614746,-21.837604929999998,19399,1477844,138.27,0.24595674872398376,0.001,1477945,76,0.41,12350
1.499941349029541,-20.807954620000004,19407,1478559,126.56,0.12317802011966705,0.001,1478660,76,0.42,12360
1.6428512334823608,-20.45100854,19414,1479133,123.23,0.19309568405151367,0.001,1479234,76,0.45,12370
1.4211329221725464,-18.23856224,19422,1479776,107.95,0.1584342122077942,0.001,1479877,76,0.48,12380
1.6902265548706055,-17.865695080000002,19437,1480686,105.84,0.14726094901561737,0.001,1480787,76,0.48,12390
1.4670640230178833,-18.5034182,19460,1482593,114.82,0.16274350881576538,0.001,1482694,76,0.46,12400
1.3347511291503906,-17.90126728,19471,1483561,109.25,0.11702971905469894,0.001,1483662,76,0.47,12410
1.6278616189956665,-17.236828399999997,19478,1484196,98.12,0.20610924065113068,0.001,1484297,76,0.48,12420
1.2093932628631592,-16.84615488,19492,1484973,92.72,0.13714396953582764,0.001,1485074,76,0.5,12430
1.3500440120697021,-16.96976032,19508,1486296,95.39,0.08579635620117188,0.001,1486397,76,0.51,12440
1.4725372791290283,-17.39438377,19526,1487766,99.22,0.0918615385890007,0.001,1487867,76,0.48,12450
1.6115570068359375,-17.3400673,19536,1488659,101.0,0.12260289490222931,0.001,1488760,76,0.48,12460
1.2367497682571411,-17.86201014,19549,1489675,105.42,0.44098591804504395,0.001,1489776,76,0.47,12470
1.546207070350647,-17.621782599999996,19560,1490410,106.34,0.0881863385438919,0.001,1490511,76,0.5,12480
1.659112811088562,-17.09230924,19567,1490962,102.76,0.22620880603790283,0.001,1491063,76,0.54,12490
1.3552775382995605,-16.659187149999998,19580,1492031,94.38,0.08629271388053894,0.001,1492132,76,0.58,12500
1.4490200281143188,-16.28153413,19590,1492925,93.64,0.1227666363120079,0.001,1493026,76,0.58,12510
1.2462003231048584,-17.57946352,19621,1494957,107.61,0.14786794781684875,0.001,1495058,76,0.54,12520
1.3039937019348145,-18.40975032,19637,1496344,113.71,0.15876591205596924,0.001,1496445,76,0.5,12530
1.167148232460022,-18.21848509,19649,1497335,110.39,0.10140791535377502,0.001,1497436,76,0.49,12540
1.5844707489013672,-17.39733213,19658,1498115,103.49,0.1817329227924347,0.001,1498216,76,0.49,12550
1.1212303638458252,-18.97887108,19685,1500127,114.68,0.2616789638996124,0.001,1500228,76,0.48,12560
1.1779911518096924,-20.687556530000002,19709,1502249,125.74,0.07871323078870773,0.001,1502350,76,0.48,12570
1.5786848068237305,-22.237413760000003,19729,1503958,135.48,0.09632106870412827,0.001,1504059,76,0.44,12580
1.190514087677002,-22.894495810000002,19748,1504998,140.36,0.26054704189300537,0.001,1505099,76,0.41,12590
1.3951475620269775,-23.525710110000006,19759,1505925,138.94,0.20357464253902435,0.001,1506026,76,0.39,12600
1.4323351383209229,-25.38665654,19780,1507646,147.21,0.07016465067863464,0.001,1507747,76,0.4,12610
1.696104645729065,-26.16341225,19805,1509781,148.24,0.16560932993888855,0.001,1509882,76,0.43,12620
1.4922187328338623,-26.38417042999999,19825,1511003,146.59,0.09572354704141617,0.001,1511104,76,0.43,12630
1.6031124591827393,-28.87652946,19848,1512854,155.19,0.07893183827400208,0.001,1512955,76,0.41,12640
1.4694796800613403,-28.86623898,19857,1513609,154.94,0.06499163061380386,0.001,1513710,76,0.42,12650
1.6793689727783203,-28.11172051,19883,1515203,150.76,0.09674414992332458,0.001,1515304,76,0.44,12660
1.3776544332504272,-26.248798070000007,19893,1516138,138.89,0.09878404438495636,0.001,1516239,76,0.44,12670
1.5691344738006592,-26.35914699,19910,1517587,136.29,0.19916483759880066,0.001,1517688,76,0.47,12680
1.8881384134292603,-25.926922339999997,19918,1518232,132.34,0.12032713741064072,0.001,1518333,76,0.49,12690
1.3188331127166748,-25.505709739999997,19931,1519334,134.09,0.07224114239215851,0.001,1519435,76,0.51,12700
1.4403836727142334,-24.01362465,19945,1520264,126.18,0.0629749447107315,0.001,1520365,76,0.49,12710
1.5742024183273315,-22.13223776,19953,1520965,111.84,0.16502517461776733,0.001,1521066,76,0.47,12720
1.5374853610992432,-22.69928801,19972,1522588,115.85,0.0966443121433258,0.001,1522689,76,0.51,12730
1.4678385257720947,-19.960868169999998,19985,1523652,107.98,0.09419488161802292,0.001,1523753,76,0.52,12740
1.582024335861206,-20.22758671,19999,1524806,111.97,0.1723029762506485,0.001,1524907,76,0.55,12750
1.2661643028259277,-20.03917686,20023,1526133,109.3,0.055343467742204666,0.001,1526234,76,0.56,12760
1.5477381944656372,-20.57385957,20041,1527608,114.7,0.2823014259338379,0.001,1527709,76,0.57,12770
1.2085418701171875,-19.59248957,20055,1528797,112.1,0.20463095605373383,0.001,1528898,76,0.55,12780
1.369544267654419,-20.78086521,20073,1529960,117.28,0.10616803169250488,0.001,1530061,76,0.54,12790
1.1568717956542969,-20.44647566,20084,1530899,115.65,0.14726364612579346,0.001,1531000,76,0.52,12800
1.136502742767334,-20.11373219,20095,1531799,115.35,0.17184486985206604,0.001,1531900,76,0.57,12810
1.712336778640747,-20.27700626,20106,1532742,117.77,0.12698984146118164,0.001,1532843,76,0.57,12820
1.1091790199279785,-18.170633600000006,20112,1533267,106.79,0.11730118095874786,0.001,1533368,76,0.57,12830
1.428996205329895,-17.888588490000004,20119,1533849,101.97,0.17175132036209106,0.001,1533950,76,0.6,12840
1.2405424118041992,-18.43912525,20138,1535056,102.5,0.24822276830673218,0.001,1535157,76,0.57,12850
1.5110571384429932,-17.661647480000003,20146,1535690,95.57,0.10810751467943192,0.001,1535791,76,0.58,12860
1.3949215412139893,-17.217545,20157,1536641,90.33,0.15289202332496643,0.001,1536742,76,0.57,12870
1.1941566467285156,-17.53643665,20170,1537690,88.93,0.32550838589668274,0.001,1537791,76,0.59,12880
1.1709295511245728,-16.099588830000002,20176,1538187,82.27,0.22467175126075745,0.001,1538288,76,0.6,12890
1.155569076538086,-15.77151344,20182,1538722,78.23,0.09159897267818451,0.001,1538823,76,0.61,12900
1.5250329971313477,-16.19027097,20202,1539914,81.15,0.1221674233675003,0.001,1540015,76,0.58,12910
1.1189018487930298,-15.424294800000002,20207,1540337,75.95,0.7729119062423706,0.001,1540438,76,0.6,12920
1.454753041267395,-15.816683300000001,20214,1540947,76.8,0.15804071724414825,0.001,1541048,76,0.58,12930
1.3484715223312378,-16.325766299999998,20225,1541884,80.35,0.11169479787349701,0.001,1541985,76,0.57,12940
1.4384355545043945,-15.3227683,20232,1542485,74.29,0.07226579636335373,0.001,1542586,76,0.58,12950
1.258556604385376,-15.632368750000001,20245,1543577,78.87,0.17238913476467133,0.001,1543678,76,0.55,12960
1.5792523622512817,-16.06272451,20265,1544992,83.51,0.07989951223134995,0.001,1545093,76,0.55,12970
0.9975263476371765,-16.08634511,20282,1546411,87.21,0.09697194397449493,0.001,1546512,76,0.54,12980
1.452048897743225,-16.988168849999997,20298,1547688,95.01,0.11479600518941879,0.001,1547789,76,0.51,12990
1.3407325744628906,-18.212637450000003,20323,1549801,110.79,0.08859919011592865,0.001,1549902,76,0.5,13000
1.4100475311279297,-19.3876836,20353,1551812,118.98,0.07361792027950287,0.001,1551913,76,0.5,13010
1.7603003978729248,-20.25793896,20365,1552843,125.06,0.06702066212892532,0.001,1552944,76,0.48,13020
1.8890656232833862,-21.122424820000003,20383,1554333,133.86,0.07834303379058838,0.001,1554434,76,0.51,13030
1.5117123126983643,-21.582819419999996,20405,1555641,137.57,0.06980802863836288,0.001,1555742,76,0.52,13040
1.6749473810195923,-21.74913166,20418,1556747,142.62,0.13291765749454498,0.001,1556848,76,0.53,13050
1.682584524154663,-22.649400380000003,20435,1558170,145.93,0.10905385762453079,0.001,1558271,76,0.55,13060
1.734423279762268,-22.220254569999994,20448,1559242,142.5,0.042823676019907,0.001,1559343,76,0.59,13070
1.7256948947906494,-21.210603770000002,20460,1559937,135.26,0.09958238899707794,0.001,1560038,76,0.62,13080
1.8196407556533813,-20.83003797,20472,1560884,131.96,0.09165126830339432,0.001,1560985,76,0.66,13090
2.199493408203125,-19.435589590000003,20480,1561523,117.22,0.11056303977966309,0.001,1561624,76,0.69,13100
1.638399362564087,-18.007010160000004,20491,1562450,106.38,0.429654985666275,0.001,1562551,76,0.71,13110
1.5081498622894287,-17.38396688,20498,1563011,101.68,0.0836961567401886,0.001,1563112,76,0.74,13120
1.8746073246002197,-16.17592847,20504,1563536,92.03,0.16827304661273956,0.001,1563637,76,0.73,13130
1.866828441619873,-15.300358679999999,20514,1564345,87.04,0.15959028899669647,0.001,1564446,76,0.75,13140
1.579336404800415,-15.036966599999998,20527,1564989,82.42,0.13390681147575378,0.001,1565090,76,0.75,13150
1.8750603199005127,-14.310360600000003,20541,1566184,80.14,0.1924314647912979,0.001,1566285,76,0.73,13160
1.5636253356933594,-13.889703540000001,20547,1566707,74.65,0.09744112193584442,0.001,1566808,76,0.7,13170
1.6315929889678955,-13.950960120000001,20555,1567370,74.33,0.15469953417778015,0.001,1567471,76,0.67,13180
1.6022096872329712,-14.21281321,20571,1568657,77.73,0.18968170881271362,0.001,1568758,76,0.65,13190
1.4655697345733643,-14.391356459999997,20581,1569513,79.9,0.21607477962970734,0.001,1569614,76,0.64,13200
1.364650011062622,-13.82301547,20590,1569978,75.28,0.09836266189813614,0.001,1570079,76,0.6,13210
1.2559058666229248,-14.4175538,20602,1571031,80.2,0.1548246592283249,0.001,1571132,76,0.58,13220
1.2663602828979492,-14.738577409999998,20610,1571694,81.58,0.16449254751205444,0.001,1571795,76,0.59,13230
1.102329134941101,-15.09767139,20619,1572450,81.05,0.14050689339637756,0.001,1572551,76,0.56,13240
1.406782865524292,-15.57835746,20633,1573676,86.87,0.11592563986778259,0.001,1573777,76,0.54,13250
1.4892191886901855,-15.518165320000001,20643,1574585,84.01,0.09618596732616425,0.001,1574686,76,0.53,13260
0.9698350429534912,-16.45887728,20674,1576272,95.65,0.14738276600837708,0.001,1576373,76,0.51,13270
1.0721337795257568,-16.53829214,20686,1577279,99.09,0.21877005696296692,0.001,1577380,76,0.52,13280
1.4195377826690674,-16.712601279999998,20699,1578347,96.9,0.29074668884277344,0.001,1578448,76,0.49,13290
1.3036890029907227,-17.16532162,20713,1579543,100.3,0.11699822545051575,0.001,1579644,76,0.5,13300
1.4323413372039795,-18.553843869999998,20741,1581274,112.96,0.08051800727844238,0.001,1581375,76,0.53,13310
1.4971120357513428,-19.720691509999998,20760,1582824,117.93,0.35311269760131836,0.001,1582925,76,0.52,13320
1.7289637327194214,-20.17646724,20774,1584021,123.27,0.13844497501850128,0.001,1584122,76,0.49,13330
1.66499662399292,-20.47090596,20798,1585462,130.12,0.11804567277431488,0.001,1585563,76,0.49,13340
1.8407976627349854,-20.358926190000002,20811,1586635,129.59,0.13695883750915527,0.001,1586736,76,0.5,13350
1.6318352222442627,-21.25766833,20836,1588777,141.92,0.07983680814504623,0.001,1588878,76,0.53,13360
1.488034725189209,-20.71861332,20849,1589830,135.58,0.3721058666706085,0.001,1589931,76,0.53,13370
1.8005454540252686,-21.571365040000003,20877,1591526,142.47,0.13578221201896667,0.001,1591627,76,0.54,13380
1.5480270385742188,-22.072850390000003,20902,1593625,152.78,0.14271165430545807,0.001,1593726,76,0.55,13390
1.4111194610595703,-22.09683671,20922,1594943,154.0,0.10201993584632874,0.001,1595044,76,0.55,13400
1.542443037033081,-20.72878213,20929,1595510,142.36,0.1140807643532753,0.001,1595611,76,0.56,13410
1.5766749382019043,-21.76704707,20957,1597881,150.57,0.17193754017353058,0.001,1597982,76,0.54,13420
1.32175612449646,-21.86548751999999,20975,1599348,153.27,0.19949555397033691,0.001,1599449,76,0.56,13430
1.4137343168258667,-21.880002919999995,20999,1600515,150.53,0.16781139373779297,0.001,1600616,76,0.55,13440
1.4540789127349854,-22.61515372,21021,1602392,157.57,0.13793087005615234,0.001,1602493,76,0.53,13450
1.3422675132751465,-21.93289435,21035,1603567,147.9,0.116996169090271,0.001,1603668,76,0.48,13460
1.4383635520935059,-22.50193608,21058,1604958,151.28,0.3415740728378296,0.001,1605059,76,0.47,13470
1.5927457809448242,-23.02856571,21083,1607000,154.74,0.2418873906135559,0.001,1607101,76,0.43,13480
1.568849802017212,-21.607934720000003,21090,1607565,139.4,0.38413548469543457,0.001,1607666,76,0.45,13490
1.2088630199432373,-22.138149740000003,21112,1609350,144.07,0.07090140879154205,0.001,1609451,76,0.44,13500
1.3615634441375732,-22.403941930000006,21130,1610154,146.44,0.09122787415981293,0.001,1610255,76,0.44,13510
1.2869131565093994,-20.18545743,21143,1611282,134.01,0.19319714605808258,0.001,1611383,76,0.49,13520
1.5257911682128906,-20.658609509999998,21162,1612885,135.37,0.12702178955078125,0.001,1612986,76,0.46,13530
1.5923240184783936,-20.086189800000003,21172,1613721,132.06,0.14469319581985474,0.001,1613822,76,0.5,13540
1.6714874505996704,-19.59881353,21185,1614804,124.12,0.14901575446128845,0.001,1614905,76,0.49,13550
1.574634313583374,-19.14030001,21201,1615568,120.01,0.13218288123607635,0.001,1615669,76,0.54,13560
1.4708833694458008,-18.94079975,21218,1617082,121.24,0.07011955976486206,0.001,1617183,76,0.55,13570
1.4659557342529297,-18.4042138,21237,1618616,116.16,0.13831907510757446,0.001,1618717,76,0.56,13580
1.6241391897201538,-19.08867698,21249,1619601,120.36,0.11336590349674225,0.001,1619702,76,0.54,13590
1.6709001064300537,-19.094055379999997,21273,1621104,117.54,0.26364514231681824,0.001,1621205,76,0.52,13600
1.259941816329956,-19.50767215,21291,1622570,124.16,0.05808388441801071,0.001,1622671,76,0.5,13610
1.2641944885253906,-19.84652455,21307,1623880,125.98,0.10626308619976044,0.001,1623981,76,0.47,13620
1.780879259109497,-19.84298995,21335,1625679,127.94,0.13389351963996887,0.001,1625780,76,0.5,13630
1.5461195707321167,-20.228620230000004,21348,1626715,129.94,0.14903469383716583,0.001,1626816,76,0.47,13640
1.9092508554458618,-20.646617459999998,21372,1628710,139.06,0.2164691984653473,0.001,1628811,76,0.49,13650
1.5211986303329468,-20.813383400000003,21386,1629850,142.82,0.12686632573604584,0.001,1629951,76,0.49,13660
1.367224931716919,-20.890296250000002,21409,1631296,142.14,0.14834481477737427,0.001,1631397,76,0.49,13670
1.5630333423614502,-20.907873750000004,21428,1632845,142.29,0.27774038910865784,0.001,1632946,76,0.49,13680
1.3385746479034424,-21.437119189999997,21451,1634753,151.52,0.2090315967798233,0.001,1634854,76,0.5,13690
1.4178683757781982,-21.91144072000001,21482,1637032,159.28,0.26110315322875977,0.001,1637133,76,0.5,13700
1.6561884880065918,-22.255714670000003,21501,1638612,160.42,0.1060178130865097,0.001,1638713,76,0.49,13710
1.5951483249664307,-21.998462430000004,21526,1639942,160.62,0.6037710905075073,0.001,1640043,76,0.5,13720
1.1338579654693604,-21.849642949999996,21542,1641305,156.26,0.2999078631401062,0.001,1641406,76,0.47,13730
1.2862545251846313,-21.391824879999998,21551,1642033,153.18,0.107365682721138,0.001,1642134,76,0.47,13740
1.5237550735473633,-21.58170474,21575,1643991,152.81,0.12879808247089386,0.001,1644092,76,0.49,13750
1.327856183052063,-21.222505740000006,21582,1644587,147.37,0.09187670797109604,0.001,1644688,76,0.47,13760
1.609149694442749,-20.89688292,21599,1645629,143.33,0.17962320148944855,0.001,1645730,76,0.47,13770
1.2229323387145996,-20.671229320000002,21613,1646836,139.91,0.2145976722240448,0.001,1646937,76,0.48,13780
1.2808419466018677,-19.97922238,21625,1647843,130.9,0.11248046904802322,0.001,1647944,76,0.5,13790
1.4443243741989136,-18.23190275,21633,1648466,114.34,0.10198371857404709,0.001,1648567,76,0.54,13800
1.5456950664520264,-18.00331328,21648,1649749,111.37,0.120947927236557,0.001,1649850,76,0.56,13810
1.1839039325714111,-19.49954847,21678,1651843,119.01,0.13245725631713867,0.001,1651944,76,0.58,13820
1.4999969005584717,-19.19157726,21695,1653235,119.3,0.22287598252296448,0.001,1653336,76,0.59,13830
1.5183160305023193,-19.07887584,21704,1653933,119.0,0.21960702538490295,0.001,1654034,76,0.61,13840
1.5526647567749023,-18.47796223,21723,1655100,111.09,0.6492782235145569,0.001,1655201,76,0.59,13850
1.3181023597717285,-19.54956229,21742,1656638,120.51,0.5214672088623047,0.001,1656739,76,0.56,13860
1.3819866180419922,-19.84283735,21755,1657746,121.17,0.09885646402835846,0.001,1657847,76,0.59,13870
1.6841264963150024,-20.142598,21777,1659508,126.72,0.11421151459217072,0.001,1659609,76,0.59,13880
1.6879429817199707,-19.846241999999997,21790,1660258,124.15,0.3544875681400299,0.001,1660359,76,0.59,13890
1.6119256019592285,-20.13188198,21803,1661314,128.48,0.10927465558052063,0.001,1661415,76,0.58,13900
1.6152945756912231,-20.628690180000003,21821,1662852,131.03,0.10239148139953613,0.001,1662953,76,0.54,13910
1.8545444011688232,-18.694999979999995,21832,1663714,118.71,0.1536785066127777,0.001,1663815,76,0.53,13920
1.7024562358856201,-18.532003200000002,21845,1664786,115.51,0.14798657596111298,0.001,1664887,76,0.53,13930
1.6263837814331055,-19.72521779,21871,1666566,126.33,0.07635392993688583,0.001,1666667,76,0.51,13940
1.6586813926696777,-19.19194693,21881,1667376,122.76,0.09122190624475479,0.001,1667477,76,0.54,13950
1.7273077964782715,-18.24607036,21889,1668067,114.29,0.17698465287685394,0.001,1668168,76,0.59,13960
1.2640902996063232,-17.96431643,21902,1669122,113.76,0.06310676038265228,0.001,1669223,76,0.57,13970
1.5235587358474731,-17.486412450000003,21921,1670514,110.06,0.0831914022564888,0.001,1670615,76,0.56,13980
1.3698256015777588,-17.31535867,21927,1671002,107.44,0.0975727066397667,0.001,1671103,76,0.53,13990
1.5744242668151855,-17.838253899999998,21940,1672084,107.7,0.12989020347595215,0.001,1672185,76,0.5,14000
1.5584511756896973,-16.74294002,21947,1672684,98.32,0.19304250180721283,0.001,1672785,76,0.55,14010
1.708343505859375,-17.727258390000003,21969,1674467,107.53,0.12588664889335632,0.001,1674568,76,0.54,14020
1.5525318384170532,-17.961119460000003,21989,1675592,108.06,0.12447100877761841,0.001,1675693,76,0.55,14030
